Time_ps,Density_g_per_cm3
5.000000014907028624e-04,2.030126297809497604e+00
1.000000002981405725e-03,2.030126297809497604e+00
1.500000004472108479e-03,2.030126297809497604e+00
2.000000005962811449e-03,2.030126297809497604e+00
2.500000007453514420e-03,2.030126297809497604e+00
3.000000008944216957e-03,2.030126297809497604e+00
3.500000010434919928e-03,2.030126297809497604e+00
4.000000011925622899e-03,2.030126297809497604e+00
4.500000013416325870e-03,2.030126297809497604e+00
5.000000014907028840e-03,2.030126297809497604e+00
5.500000016397731811e-03,2.030126297809497604e+00
6.000000017888433915e-03,2.030126297809497604e+00
6.500000019379136885e-03,2.030126297809497604e+00
7.000000020869839856e-03,2.030126297809497604e+00
7.500000022360542827e-03,2.030126297809497604e+00
8.000000023851245798e-03,2.030126297809497604e+00
8.500000025341947901e-03,2.030126297809497604e+00
9.000000026832651739e-03,2.030126297809497604e+00
9.500000028323353843e-03,2.030126297809497604e+00
1.000000002981405768e-02,2.030126297809497604e+00
1.050000003130475978e-02,2.030126297809497604e+00
1.100000003279546362e-02,2.030126297809497604e+00
1.150000003428616573e-02,2.030126297809497604e+00
1.200000003577686783e-02,2.030126297809497604e+00
1.250000003726757167e-02,2.030126297809497604e+00
1.300000003875827377e-02,2.030126297809497604e+00
1.350000004024897761e-02,2.030126297809497604e+00
1.400000004173967971e-02,2.030126297809497604e+00
1.450000004323038355e-02,2.030126297809497604e+00
1.500000004472108565e-02,2.030126297809497604e+00
1.550000004621178949e-02,2.030126297809497604e+00
1.600000004770249160e-02,2.030126297809497604e+00
1.650000004919319543e-02,2.030126297809497604e+00
1.700000005068389580e-02,2.030126297809497604e+00
1.750000005217459964e-02,2.030126297809497604e+00
1.800000005366530348e-02,2.030126297809497604e+00
1.850000005515600732e-02,2.030126297809497604e+00
1.900000005664670769e-02,2.030126297809497604e+00
1.950000005813741152e-02,2.030126297809497604e+00
2.000000005962811536e-02,2.030126297809497604e+00
2.050000006111881573e-02,2.030126297809497604e+00
2.100000006260951957e-02,2.030126297809497604e+00
2.150000006410022341e-02,2.030126297809497604e+00
2.200000006559092725e-02,2.030126297809497604e+00
2.250000006708162761e-02,2.030126297809497604e+00
2.300000006857233145e-02,2.030126297809497604e+00
2.350000007006303529e-02,2.030126297809497604e+00
2.400000007155373566e-02,2.030126297809497604e+00
2.450000007304443950e-02,2.030126297809497604e+00
2.500000007453514334e-02,2.036711860734107482e+00
2.550000007602584717e-02,2.036711860734107482e+00
2.600000007751654754e-02,2.036711860734107482e+00
2.650000007900725138e-02,2.036711860734107482e+00
2.700000008049795522e-02,2.036711860734107482e+00
2.750000008198865906e-02,2.036711860734107482e+00
2.800000008347935943e-02,2.036711860734107482e+00
2.850000008497006326e-02,2.036711860734107482e+00
2.900000008646076710e-02,2.036711860734107482e+00
2.950000008795146747e-02,2.036711860734107482e+00
3.000000008944217131e-02,2.036711860734107482e+00
3.050000009093287515e-02,2.036711860734107482e+00
3.100000009242357898e-02,2.036711860734107482e+00
3.150000009391427935e-02,2.036711860734107482e+00
3.200000009540498319e-02,2.036711860734107482e+00
3.250000009689568703e-02,2.036711860734107482e+00
3.300000009838639087e-02,2.036711860734107482e+00
3.350000009987709471e-02,2.036711860734107482e+00
3.400000010136779161e-02,2.036711860734107482e+00
3.450000010285849544e-02,2.036711860734107482e+00
3.500000010434919928e-02,2.036711860734107482e+00
3.550000010583990312e-02,2.036711860734107482e+00
3.600000010733060696e-02,2.036711860734107482e+00
3.650000010882131080e-02,2.036711860734107482e+00
3.700000011031201463e-02,2.036711860734107482e+00
3.750000011180271153e-02,2.036711860734107482e+00
3.800000011329341537e-02,2.036711860734107482e+00
3.850000011478411921e-02,2.036711860734107482e+00
3.900000011627482305e-02,2.036711860734107482e+00
3.950000011776552689e-02,2.036711860734107482e+00
4.000000011925623072e-02,2.036711860734107482e+00
4.050000012074693456e-02,2.036711860734107482e+00
4.100000012223763146e-02,2.036711860734107482e+00
4.150000012372833530e-02,2.036711860734107482e+00
4.200000012521903914e-02,2.036711860734107482e+00
4.250000012670974298e-02,2.036711860734107482e+00
4.300000012820044681e-02,2.036711860734107482e+00
4.350000012969115065e-02,2.036711860734107482e+00
4.400000013118185449e-02,2.036711860734107482e+00
4.450000013267255139e-02,2.036711860734107482e+00
4.500000013416325523e-02,2.036711860734107482e+00
4.550000013565395907e-02,2.036711860734107482e+00
4.600000013714466290e-02,2.036711860734107482e+00
4.650000013863536674e-02,2.036711860734107482e+00
4.700000014012607058e-02,2.036711860734107482e+00
4.750000014161677442e-02,2.036711860734107482e+00
4.800000014310747132e-02,2.036711860734107482e+00
4.850000014459817516e-02,2.036711860734107482e+00
4.900000014608887899e-02,2.036711860734107482e+00
4.950000014757958283e-02,2.036711860734107482e+00
5.000000014907028667e-02,2.036711860734107482e+00
5.050000015056099051e-02,2.036711860734107482e+00
5.100000015205169435e-02,2.036711860734107482e+00
5.150000015354239818e-02,2.036711860734107482e+00
5.200000015503309508e-02,2.036711860734107482e+00
5.250000015652379892e-02,2.036711860734107482e+00
5.300000015801450276e-02,2.036711860734107482e+00
5.350000015950520660e-02,2.036711860734107482e+00
5.400000016099591044e-02,2.036711860734107482e+00
5.450000016248661427e-02,2.036711860734107482e+00
5.500000016397731811e-02,2.036711860734107482e+00
5.550000016546801501e-02,2.036711860734107482e+00
5.600000016695871885e-02,2.036711860734107482e+00
5.650000016844942269e-02,2.036711860734107482e+00
5.700000016994012653e-02,2.036711860734107482e+00
5.750000017143083036e-02,2.036711860734107482e+00
5.800000017292153420e-02,2.036711860734107482e+00
5.850000017441223804e-02,2.036711860734107482e+00
5.900000017590293494e-02,2.036711860734107482e+00
5.950000017739363878e-02,2.036711860734107482e+00
6.000000017888434262e-02,2.036711860734107482e+00
6.050000018037504645e-02,2.036711860734107482e+00
6.100000018186575029e-02,2.036711860734107482e+00
6.150000018335645413e-02,2.036711860734107482e+00
6.200000018484715797e-02,2.036711860734107482e+00
6.250000018633786181e-02,2.046038105170358001e+00
6.300000018782855871e-02,2.046038105170358001e+00
6.350000018931926948e-02,2.046038105170358001e+00
6.400000019080996638e-02,2.046038105170358001e+00
6.450000019230066328e-02,2.046038105170358001e+00
6.500000019379137406e-02,2.046038105170358001e+00
6.550000019528207096e-02,2.046038105170358001e+00
6.600000019677278174e-02,2.046038105170358001e+00
6.650000019826347863e-02,2.046038105170358001e+00
6.700000019975418941e-02,2.046038105170358001e+00
6.750000020124488631e-02,2.046038105170358001e+00
6.800000020273558321e-02,2.046038105170358001e+00
6.850000020422629399e-02,2.046038105170358001e+00
6.900000020571699089e-02,2.046038105170358001e+00
6.950000020720770166e-02,2.046038105170358001e+00
7.000000020869839856e-02,2.046038105170358001e+00
7.050000021018910934e-02,2.046038105170358001e+00
7.100000021167980624e-02,2.046038105170358001e+00
7.150000021317050314e-02,2.046038105170358001e+00
7.200000021466121392e-02,2.046038105170358001e+00
7.250000021615191081e-02,2.046038105170358001e+00
7.300000021764262159e-02,2.046038105170358001e+00
7.350000021913331849e-02,2.046038105170358001e+00
7.400000022062402927e-02,2.046038105170358001e+00
7.450000022211472617e-02,2.046038105170358001e+00
7.500000022360542307e-02,2.025647443629891686e+00
7.550000022509613384e-02,2.025647443629891686e+00
7.600000022658683074e-02,2.025647443629891686e+00
7.650000022807754152e-02,2.025647443629891686e+00
7.700000022956823842e-02,2.025647443629891686e+00
7.750000023105894920e-02,2.025647443629891686e+00
7.800000023254964610e-02,2.025647443629891686e+00
7.850000023404034299e-02,2.025647443629891686e+00
7.900000023553105377e-02,2.025647443629891686e+00
7.950000023702175067e-02,2.025647443629891686e+00
8.000000023851246145e-02,2.025647443629891686e+00
8.050000024000315835e-02,2.025647443629891686e+00
8.100000024149386912e-02,2.025647443629891686e+00
8.150000024298456602e-02,2.025647443629891686e+00
8.200000024447526292e-02,2.025647443629891686e+00
8.250000024596597370e-02,2.025647443629891686e+00
8.300000024745667060e-02,2.025647443629891686e+00
8.350000024894738138e-02,2.025647443629891686e+00
8.400000025043807828e-02,2.025647443629891686e+00
8.450000025192878905e-02,2.025647443629891686e+00
8.500000025341948595e-02,2.025647443629891686e+00
8.550000025491018285e-02,2.025647443629891686e+00
8.600000025640089363e-02,2.025647443629891686e+00
8.650000025789159053e-02,2.025647443629891686e+00
8.700000025938230130e-02,2.025647443629891686e+00
8.750000026087299820e-02,2.025647443629891686e+00
8.800000026236370898e-02,2.025647443629891686e+00
8.850000026385440588e-02,2.025647443629891686e+00
8.900000026534510278e-02,2.025647443629891686e+00
8.950000026683581356e-02,2.025647443629891686e+00
9.000000026832651046e-02,2.025647443629891686e+00
9.050000026981722123e-02,2.025647443629891686e+00
9.100000027130791813e-02,2.025647443629891686e+00
9.150000027279862891e-02,2.025647443629891686e+00
9.200000027428932581e-02,2.025647443629891686e+00
9.250000027578002271e-02,2.025647443629891686e+00
9.300000027727073348e-02,2.025647443629891686e+00
9.350000027876143038e-02,2.025647443629891686e+00
9.400000028025214116e-02,2.025647443629891686e+00
9.450000028174283806e-02,2.025647443629891686e+00
9.500000028323354884e-02,2.025647443629891686e+00
9.550000028472424574e-02,2.025647443629891686e+00
9.600000028621494264e-02,2.025647443629891686e+00
9.650000028770565341e-02,2.025647443629891686e+00
9.700000028919635031e-02,2.025647443629891686e+00
9.750000029068706109e-02,2.025647443629891686e+00
9.800000029217775799e-02,2.025647443629891686e+00
9.850000029366846876e-02,2.025647443629891686e+00
9.900000029515916566e-02,2.025647443629891686e+00
9.950000029664987644e-02,2.025647443629891686e+00
1.000000002981405733e-01,2.030998428403521849e+00
1.005000002996312702e-01,2.030998428403521849e+00
1.010000003011219810e-01,2.030998428403521849e+00
1.015000003026126779e-01,2.030998428403521849e+00
1.020000003041033887e-01,2.030998428403521849e+00
1.025000003055940856e-01,2.030998428403521849e+00
1.030000003070847964e-01,2.030998428403521849e+00
1.035000003085754933e-01,2.030998428403521849e+00
1.040000003100661902e-01,2.030998428403521849e+00
1.045000003115569009e-01,2.030998428403521849e+00
1.050000003130475978e-01,2.030998428403521849e+00
1.055000003145383086e-01,2.030998428403521849e+00
1.060000003160290055e-01,2.030998428403521849e+00
1.065000003175197163e-01,2.030998428403521849e+00
1.070000003190104132e-01,2.030998428403521849e+00
1.075000003205011101e-01,2.030998428403521849e+00
1.080000003219918209e-01,2.030998428403521849e+00
1.085000003234825178e-01,2.030998428403521849e+00
1.090000003249732285e-01,2.030998428403521849e+00
1.095000003264639254e-01,2.030998428403521849e+00
1.100000003279546362e-01,2.030998428403521849e+00
1.105000003294453331e-01,2.030998428403521849e+00
1.110000003309360300e-01,2.030998428403521849e+00
1.115000003324267408e-01,2.030998428403521849e+00
1.120000003339174377e-01,2.030998428403521849e+00
1.125000003354081485e-01,2.030998428403521849e+00
1.130000003368988454e-01,2.030998428403521849e+00
1.135000003383895562e-01,2.030998428403521849e+00
1.140000003398802531e-01,2.030998428403521849e+00
1.145000003413709500e-01,2.030998428403521849e+00
1.150000003428616607e-01,2.030998428403521849e+00
1.155000003443523576e-01,2.030998428403521849e+00
1.160000003458430684e-01,2.030998428403521849e+00
1.165000003473337653e-01,2.030998428403521849e+00
1.170000003488244761e-01,2.030998428403521849e+00
1.175000003503151730e-01,2.030998428403521849e+00
1.180000003518058699e-01,2.030998428403521849e+00
1.185000003532965807e-01,2.030998428403521849e+00
1.190000003547872776e-01,2.030998428403521849e+00
1.195000003562779883e-01,2.030998428403521849e+00
1.200000003577686852e-01,2.030998428403521849e+00
1.205000003592593960e-01,2.030998428403521849e+00
1.210000003607500929e-01,2.030998428403521849e+00
1.215000003622407898e-01,2.030998428403521849e+00
1.220000003637315006e-01,2.030998428403521849e+00
1.225000003652221975e-01,2.030998428403521849e+00
1.230000003667129083e-01,2.030998428403521849e+00
1.235000003682036052e-01,2.030998428403521849e+00
1.240000003696943159e-01,2.030998428403521849e+00
1.245000003711850128e-01,2.030998428403521849e+00
1.250000003726757236e-01,2.030998428403521849e+00
1.255000003741664205e-01,2.030998428403521849e+00
1.260000003756571174e-01,2.030998428403521849e+00
1.265000003771478143e-01,2.030998428403521849e+00
1.270000003786385390e-01,2.030998428403521849e+00
1.275000003801292359e-01,2.030998428403521849e+00
1.280000003816199328e-01,2.030998428403521849e+00
1.285000003831106297e-01,2.030998428403521849e+00
1.290000003846013266e-01,2.030998428403521849e+00
1.295000003860920512e-01,2.030998428403521849e+00
1.300000003875827481e-01,2.030998428403521849e+00
1.305000003890734450e-01,2.030998428403521849e+00
1.310000003905641419e-01,2.030998428403521849e+00
1.315000003920548666e-01,2.030998428403521849e+00
1.320000003935455635e-01,2.030998428403521849e+00
1.325000003950362604e-01,2.030998428403521849e+00
1.330000003965269573e-01,2.030998428403521849e+00
1.335000003980176542e-01,2.030998428403521849e+00
1.340000003995083788e-01,2.030998428403521849e+00
1.345000004009990757e-01,2.030998428403521849e+00
1.350000004024897726e-01,2.030998428403521849e+00
1.355000004039804695e-01,2.030998428403521849e+00
1.360000004054711664e-01,2.030998428403521849e+00
1.365000004069618911e-01,2.030998428403521849e+00
1.370000004084525880e-01,2.030998428403521849e+00
1.375000004099432849e-01,2.030998428403521849e+00
1.380000004114339818e-01,2.030998428403521849e+00
1.385000004129247064e-01,2.030998428403521849e+00
1.390000004144154033e-01,2.030998428403521849e+00
1.395000004159061002e-01,2.030998428403521849e+00
1.400000004173967971e-01,2.030998428403521849e+00
1.405000004188874940e-01,2.030998428403521849e+00
1.410000004203782187e-01,2.030998428403521849e+00
1.415000004218689156e-01,2.030998428403521849e+00
1.420000004233596125e-01,2.030998428403521849e+00
1.425000004248503094e-01,2.030998428403521849e+00
1.430000004263410063e-01,2.030998428403521849e+00
1.435000004278317309e-01,2.030998428403521849e+00
1.440000004293224278e-01,2.030998428403521849e+00
1.445000004308131247e-01,2.030998428403521849e+00
1.450000004323038216e-01,2.030998428403521849e+00
1.455000004337945463e-01,2.030998428403521849e+00
1.460000004352852432e-01,2.030998428403521849e+00
1.465000004367759401e-01,2.030998428403521849e+00
1.470000004382666370e-01,2.030998428403521849e+00
1.475000004397573339e-01,2.030998428403521849e+00
1.480000004412480585e-01,2.030998428403521849e+00
1.485000004427387554e-01,2.030998428403521849e+00
1.490000004442294523e-01,2.030998428403521849e+00
1.495000004457201492e-01,2.030998428403521849e+00
1.500000004472108461e-01,2.030998428403521849e+00
1.505000004487015708e-01,2.030998428403521849e+00
1.510000004501922677e-01,2.030998428403521849e+00
1.515000004516829646e-01,2.030998428403521849e+00
1.520000004531736615e-01,2.030998428403521849e+00
1.525000004546643861e-01,2.030998428403521849e+00
1.530000004561550830e-01,2.030998428403521849e+00
1.535000004576457799e-01,2.030998428403521849e+00
1.540000004591364768e-01,2.030998428403521849e+00
1.545000004606271737e-01,2.030998428403521849e+00
1.550000004621178984e-01,2.030998428403521849e+00
1.555000004636085953e-01,2.030998428403521849e+00
1.560000004650992922e-01,2.030998428403521849e+00
1.565000004665899891e-01,2.030998428403521849e+00
1.570000004680806860e-01,2.030998428403521849e+00
1.575000004695714106e-01,2.030998428403521849e+00
1.580000004710621075e-01,2.030998428403521849e+00
1.585000004725528044e-01,2.030998428403521849e+00
1.590000004740435013e-01,2.030998428403521849e+00
1.595000004755342260e-01,2.030998428403521849e+00
1.600000004770249229e-01,2.030998428403521849e+00
1.605000004785156198e-01,2.030998428403521849e+00
1.610000004800063167e-01,2.030998428403521849e+00
1.615000004814970136e-01,2.030998428403521849e+00
1.620000004829877382e-01,2.030998428403521849e+00
1.625000004844784351e-01,2.032143086632308027e+00
1.630000004859691320e-01,2.032143086632308027e+00
1.635000004874598289e-01,2.032143086632308027e+00
1.640000004889505258e-01,2.032143086632308027e+00
1.645000004904412505e-01,2.032143086632308027e+00
1.650000004919319474e-01,2.032143086632308027e+00
1.655000004934226443e-01,2.032143086632308027e+00
1.660000004949133412e-01,2.032143086632308027e+00
1.665000004964040659e-01,2.032143086632308027e+00
1.670000004978947628e-01,2.032143086632308027e+00
1.675000004993854597e-01,2.032143086632308027e+00
1.680000005008761566e-01,2.032143086632308027e+00
1.685000005023668534e-01,2.032143086632308027e+00
1.690000005038575781e-01,2.032143086632308027e+00
1.695000005053482750e-01,2.032143086632308027e+00
1.700000005068389719e-01,2.032143086632308027e+00
1.705000005083296688e-01,2.032143086632308027e+00
1.710000005098203657e-01,2.032143086632308027e+00
1.715000005113110904e-01,2.032143086632308027e+00
1.720000005128017873e-01,2.032143086632308027e+00
1.725000005142924842e-01,2.032143086632308027e+00
1.730000005157831811e-01,2.032143086632308027e+00
1.735000005172739057e-01,2.032143086632308027e+00
1.740000005187646026e-01,2.032143086632308027e+00
1.745000005202552995e-01,2.032143086632308027e+00
1.750000005217459964e-01,2.032143086632308027e+00
1.755000005232366933e-01,2.032143086632308027e+00
1.760000005247274180e-01,2.032143086632308027e+00
1.765000005262181149e-01,2.032143086632308027e+00
1.770000005277088118e-01,2.032143086632308027e+00
1.775000005291995087e-01,2.032143086632308027e+00
1.780000005306902056e-01,2.032143086632308027e+00
1.785000005321809302e-01,2.032143086632308027e+00
1.790000005336716271e-01,2.032143086632308027e+00
1.795000005351623240e-01,2.032143086632308027e+00
1.800000005366530209e-01,2.032143086632308027e+00
1.805000005381437456e-01,2.032143086632308027e+00
1.810000005396344425e-01,2.032143086632308027e+00
1.815000005411251394e-01,2.032143086632308027e+00
1.820000005426158363e-01,2.032143086632308027e+00
1.825000005441065332e-01,2.032143086632308027e+00
1.830000005455972578e-01,2.032143086632308027e+00
1.835000005470879547e-01,2.032143086632308027e+00
1.840000005485786516e-01,2.032143086632308027e+00
1.845000005500693485e-01,2.032143086632308027e+00
1.850000005515600454e-01,2.032143086632308027e+00
1.855000005530507701e-01,2.032143086632308027e+00
1.860000005545414670e-01,2.032143086632308027e+00
1.865000005560321639e-01,2.032143086632308027e+00
1.870000005575228608e-01,2.032143086632308027e+00
1.875000005590135854e-01,2.044093224863086089e+00
1.880000005605042823e-01,2.044093224863086089e+00
1.885000005619949792e-01,2.044093224863086089e+00
1.890000005634856761e-01,2.044093224863086089e+00
1.895000005649763730e-01,2.044093224863086089e+00
1.900000005664670977e-01,2.044093224863086089e+00
1.905000005679577946e-01,2.044093224863086089e+00
1.910000005694484915e-01,2.044093224863086089e+00
1.915000005709391884e-01,2.044093224863086089e+00
1.920000005724298853e-01,2.044093224863086089e+00
1.925000005739206099e-01,2.044093224863086089e+00
1.930000005754113068e-01,2.044093224863086089e+00
1.935000005769020037e-01,2.044093224863086089e+00
1.940000005783927006e-01,2.044093224863086089e+00
1.945000005798834253e-01,2.044093224863086089e+00
1.950000005813741222e-01,2.044093224863086089e+00
1.955000005828648191e-01,2.044093224863086089e+00
1.960000005843555160e-01,2.044093224863086089e+00
1.965000005858462129e-01,2.044093224863086089e+00
1.970000005873369375e-01,2.044093224863086089e+00
1.975000005888276344e-01,2.044093224863086089e+00
1.980000005903183313e-01,2.044093224863086089e+00
1.985000005918090282e-01,2.044093224863086089e+00
1.990000005932997529e-01,2.044093224863086089e+00
1.995000005947904498e-01,2.044093224863086089e+00
2.000000005962811467e-01,2.049678767924698608e+00
2.005000005977718436e-01,2.049678767924698608e+00
2.010000005992625405e-01,2.049678767924698608e+00
2.015000006007532651e-01,2.049678767924698608e+00
2.020000006022439620e-01,2.049678767924698608e+00
2.025000006037346589e-01,2.049678767924698608e+00
2.030000006052253558e-01,2.049678767924698608e+00
2.035000006067160527e-01,2.049678767924698608e+00
2.040000006082067774e-01,2.049678767924698608e+00
2.045000006096974743e-01,2.049678767924698608e+00
2.050000006111881712e-01,2.049678767924698608e+00
2.055000006126788681e-01,2.049678767924698608e+00
2.060000006141695927e-01,2.049678767924698608e+00
2.065000006156602896e-01,2.049678767924698608e+00
2.070000006171509865e-01,2.049678767924698608e+00
2.075000006186416834e-01,2.049678767924698608e+00
2.080000006201323803e-01,2.049678767924698608e+00
2.085000006216231050e-01,2.049678767924698608e+00
2.090000006231138019e-01,2.049678767924698608e+00
2.095000006246044988e-01,2.049678767924698608e+00
2.100000006260951957e-01,2.049678767924698608e+00
2.105000006275858926e-01,2.049678767924698608e+00
2.110000006290766172e-01,2.049678767924698608e+00
2.115000006305673141e-01,2.049678767924698608e+00
2.120000006320580110e-01,2.049678767924698608e+00
2.125000006335487079e-01,2.049678767924698608e+00
2.130000006350394326e-01,2.049678767924698608e+00
2.135000006365301295e-01,2.049678767924698608e+00
2.140000006380208264e-01,2.049678767924698608e+00
2.145000006395115233e-01,2.049678767924698608e+00
2.150000006410022202e-01,2.049678767924698608e+00
2.155000006424929448e-01,2.049678767924698608e+00
2.160000006439836417e-01,2.049678767924698608e+00
2.165000006454743386e-01,2.049678767924698608e+00
2.170000006469650355e-01,2.049678767924698608e+00
2.175000006484557324e-01,2.049678767924698608e+00
2.180000006499464571e-01,2.049678767924698608e+00
2.185000006514371540e-01,2.049678767924698608e+00
2.190000006529278509e-01,2.049678767924698608e+00
2.195000006544185478e-01,2.049678767924698608e+00
2.200000006559092725e-01,2.049678767924698608e+00
2.205000006573999694e-01,2.049678767924698608e+00
2.210000006588906662e-01,2.049678767924698608e+00
2.215000006603813631e-01,2.049678767924698608e+00
2.220000006618720600e-01,2.049678767924698608e+00
2.225000006633627847e-01,2.049678767924698608e+00
2.230000006648534816e-01,2.049678767924698608e+00
2.235000006663441785e-01,2.049678767924698608e+00
2.240000006678348754e-01,2.049678767924698608e+00
2.245000006693255723e-01,2.049678767924698608e+00
2.250000006708162970e-01,2.049678767924698608e+00
2.255000006723069939e-01,2.049678767924698608e+00
2.260000006737976908e-01,2.049678767924698608e+00
2.265000006752883877e-01,2.049678767924698608e+00
2.270000006767791123e-01,2.049678767924698608e+00
2.275000006782698092e-01,2.049678767924698608e+00
2.280000006797605061e-01,2.049678767924698608e+00
2.285000006812512030e-01,2.049678767924698608e+00
2.290000006827418999e-01,2.049678767924698608e+00
2.295000006842326246e-01,2.049678767924698608e+00
2.300000006857233215e-01,2.049678767924698608e+00
2.305000006872140184e-01,2.049678767924698608e+00
2.310000006887047153e-01,2.049678767924698608e+00
2.315000006901954122e-01,2.049678767924698608e+00
2.320000006916861368e-01,2.049678767924698608e+00
2.325000006931768337e-01,2.049678767924698608e+00
2.330000006946675306e-01,2.049678767924698608e+00
2.335000006961582275e-01,2.049678767924698608e+00
2.340000006976489522e-01,2.049678767924698608e+00
2.345000006991396491e-01,2.049678767924698608e+00
2.350000007006303460e-01,2.049678767924698608e+00
2.355000007021210429e-01,2.049678767924698608e+00
2.360000007036117398e-01,2.049678767924698608e+00
2.365000007051024644e-01,2.049678767924698608e+00
2.370000007065931613e-01,2.049678767924698608e+00
2.375000007080838582e-01,2.049678767924698608e+00
2.380000007095745551e-01,2.049678767924698608e+00
2.385000007110652520e-01,2.049678767924698608e+00
2.390000007125559767e-01,2.049678767924698608e+00
2.395000007140466736e-01,2.049678767924698608e+00
2.400000007155373705e-01,2.049678767924698608e+00
2.405000007170280674e-01,2.049678767924698608e+00
2.410000007185187920e-01,2.049678767924698608e+00
2.415000007200094889e-01,2.049678767924698608e+00
2.420000007215001858e-01,2.049678767924698608e+00
2.425000007229908827e-01,2.049678767924698608e+00
2.430000007244815796e-01,2.049678767924698608e+00
2.435000007259723043e-01,2.049678767924698608e+00
2.440000007274630012e-01,2.049678767924698608e+00
2.445000007289536981e-01,2.049678767924698608e+00
2.450000007304443950e-01,2.049678767924698608e+00
2.455000007319350919e-01,2.049678767924698608e+00
2.460000007334258165e-01,2.049678767924698608e+00
2.465000007349165134e-01,2.049678767924698608e+00
2.470000007364072103e-01,2.049678767924698608e+00
2.475000007378979072e-01,2.049678767924698608e+00
2.480000007393886319e-01,2.049678767924698608e+00
2.485000007408793288e-01,2.049678767924698608e+00
2.490000007423700257e-01,2.049678767924698608e+00
2.495000007438607226e-01,2.049678767924698608e+00
2.500000007453514472e-01,2.049678767924698608e+00
2.505000007468421441e-01,2.049678767924698608e+00
2.510000007483328410e-01,2.049678767924698608e+00
2.515000007498235379e-01,2.049678767924698608e+00
2.520000007513142348e-01,2.049678767924698608e+00
2.525000007528049317e-01,2.049678767924698608e+00
2.530000007542956286e-01,2.049678767924698608e+00
2.535000007557863255e-01,2.049678767924698608e+00
2.540000007572770779e-01,2.049678767924698608e+00
2.545000007587677748e-01,2.049678767924698608e+00
2.550000007602584717e-01,2.049678767924698608e+00
2.555000007617491686e-01,2.049678767924698608e+00
2.560000007632398655e-01,2.049678767924698608e+00
2.565000007647305624e-01,2.049678767924698608e+00
2.570000007662212593e-01,2.049678767924698608e+00
2.575000007677119562e-01,2.049678767924698608e+00
2.580000007692026531e-01,2.049678767924698608e+00
2.585000007706934055e-01,2.049678767924698608e+00
2.590000007721841024e-01,2.049678767924698608e+00
2.595000007736747993e-01,2.049678767924698608e+00
2.600000007751654962e-01,2.049678767924698608e+00
2.605000007766561931e-01,2.049678767924698608e+00
2.610000007781468900e-01,2.049678767924698608e+00
2.615000007796375869e-01,2.049678767924698608e+00
2.620000007811282838e-01,2.049678767924698608e+00
2.625000007826189807e-01,2.049678767924698608e+00
2.630000007841097331e-01,2.049678767924698608e+00
2.635000007856004300e-01,2.049678767924698608e+00
2.640000007870911269e-01,2.049678767924698608e+00
2.645000007885818238e-01,2.049678767924698608e+00
2.650000007900725207e-01,2.049678767924698608e+00
2.655000007915632176e-01,2.049678767924698608e+00
2.660000007930539145e-01,2.049678767924698608e+00
2.665000007945446114e-01,2.049678767924698608e+00
2.670000007960353083e-01,2.049678767924698608e+00
2.675000007975260052e-01,2.049678767924698608e+00
2.680000007990167576e-01,2.049678767924698608e+00
2.685000008005074545e-01,2.049678767924698608e+00
2.690000008019981514e-01,2.049678767924698608e+00
2.695000008034888483e-01,2.049678767924698608e+00
2.700000008049795452e-01,2.049678767924698608e+00
2.705000008064702421e-01,2.049678767924698608e+00
2.710000008079609390e-01,2.049678767924698608e+00
2.715000008094516359e-01,2.049678767924698608e+00
2.720000008109423328e-01,2.049678767924698608e+00
2.725000008124330853e-01,2.049678767924698608e+00
2.730000008139237822e-01,2.049678767924698608e+00
2.735000008154144790e-01,2.049678767924698608e+00
2.740000008169051759e-01,2.049678767924698608e+00
2.745000008183958728e-01,2.049678767924698608e+00
2.750000008198865697e-01,2.058260162283717776e+00
2.755000008213772666e-01,2.058260162283717776e+00
2.760000008228679635e-01,2.058260162283717776e+00
2.765000008243586604e-01,2.058260162283717776e+00
2.770000008258494129e-01,2.058260162283717776e+00
2.775000008273401098e-01,2.058260162283717776e+00
2.780000008288308067e-01,2.058260162283717776e+00
2.785000008303215036e-01,2.058260162283717776e+00
2.790000008318122005e-01,2.058260162283717776e+00
2.795000008333028974e-01,2.058260162283717776e+00
2.800000008347935943e-01,2.058260162283717776e+00
2.805000008362842912e-01,2.058260162283717776e+00
2.810000008377749880e-01,2.058260162283717776e+00
2.815000008392656849e-01,2.058260162283717776e+00
2.820000008407564374e-01,2.058260162283717776e+00
2.825000008422471343e-01,2.058260162283717776e+00
2.830000008437378312e-01,2.058260162283717776e+00
2.835000008452285281e-01,2.058260162283717776e+00
2.840000008467192250e-01,2.058260162283717776e+00
2.845000008482099219e-01,2.058260162283717776e+00
2.850000008497006188e-01,2.058260162283717776e+00
2.855000008511913157e-01,2.058260162283717776e+00
2.860000008526820126e-01,2.058260162283717776e+00
2.865000008541727650e-01,2.058260162283717776e+00
2.870000008556634619e-01,2.058260162283717776e+00
2.875000008571541588e-01,2.054128554774105275e+00
2.880000008586448557e-01,2.054128554774105275e+00
2.885000008601355526e-01,2.054128554774105275e+00
2.890000008616262495e-01,2.054128554774105275e+00
2.895000008631169464e-01,2.054128554774105275e+00
2.900000008646076433e-01,2.054128554774105275e+00
2.905000008660983402e-01,2.054128554774105275e+00
2.910000008675890926e-01,2.054128554774105275e+00
2.915000008690797895e-01,2.054128554774105275e+00
2.920000008705704864e-01,2.054128554774105275e+00
2.925000008720611833e-01,2.054128554774105275e+00
2.930000008735518802e-01,2.054128554774105275e+00
2.935000008750425771e-01,2.054128554774105275e+00
2.940000008765332740e-01,2.054128554774105275e+00
2.945000008780239709e-01,2.054128554774105275e+00
2.950000008795146678e-01,2.054128554774105275e+00
2.955000008810053647e-01,2.054128554774105275e+00
2.960000008824961171e-01,2.054128554774105275e+00
2.965000008839868140e-01,2.054128554774105275e+00
2.970000008854775109e-01,2.054128554774105275e+00
2.975000008869682078e-01,2.054128554774105275e+00
2.980000008884589047e-01,2.054128554774105275e+00
2.985000008899496016e-01,2.054128554774105275e+00
2.990000008914402985e-01,2.054128554774105275e+00
2.995000008929309954e-01,2.054128554774105275e+00
3.000000008944216923e-01,2.066571611467963532e+00
3.005000008959124447e-01,2.066571611467963532e+00
3.010000008974031416e-01,2.066571611467963532e+00
3.015000008988938385e-01,2.066571611467963532e+00
3.020000009003845354e-01,2.066571611467963532e+00
3.025000009018752323e-01,2.066571611467963532e+00
3.030000009033659292e-01,2.066571611467963532e+00
3.035000009048566261e-01,2.066571611467963532e+00
3.040000009063473230e-01,2.066571611467963532e+00
3.045000009078380199e-01,2.066571611467963532e+00
3.050000009093287723e-01,2.066571611467963532e+00
3.055000009108194692e-01,2.066571611467963532e+00
3.060000009123101661e-01,2.066571611467963532e+00
3.065000009138008630e-01,2.066571611467963532e+00
3.070000009152915599e-01,2.066571611467963532e+00
3.075000009167822568e-01,2.066571611467963532e+00
3.080000009182729537e-01,2.066571611467963532e+00
3.085000009197636506e-01,2.066571611467963532e+00
3.090000009212543475e-01,2.066571611467963532e+00
3.095000009227450444e-01,2.066571611467963532e+00
3.100000009242357968e-01,2.066571611467963532e+00
3.105000009257264937e-01,2.066571611467963532e+00
3.110000009272171906e-01,2.066571611467963532e+00
3.115000009287078875e-01,2.066571611467963532e+00
3.120000009301985844e-01,2.066571611467963532e+00
3.125000009316892813e-01,2.066571611467963532e+00
3.130000009331799782e-01,2.066571611467963532e+00
3.135000009346706751e-01,2.066571611467963532e+00
3.140000009361613720e-01,2.066571611467963532e+00
3.145000009376521244e-01,2.066571611467963532e+00
3.150000009391428213e-01,2.066571611467963532e+00
3.155000009406335182e-01,2.066571611467963532e+00
3.160000009421242151e-01,2.066571611467963532e+00
3.165000009436149120e-01,2.066571611467963532e+00
3.170000009451056089e-01,2.066571611467963532e+00
3.175000009465963058e-01,2.066571611467963532e+00
3.180000009480870027e-01,2.066571611467963532e+00
3.185000009495776996e-01,2.066571611467963532e+00
3.190000009510684520e-01,2.066571611467963532e+00
3.195000009525591489e-01,2.066571611467963532e+00
3.200000009540498458e-01,2.066571611467963532e+00
3.205000009555405427e-01,2.066571611467963532e+00
3.210000009570312396e-01,2.066571611467963532e+00
3.215000009585219365e-01,2.066571611467963532e+00
3.220000009600126334e-01,2.066571611467963532e+00
3.225000009615033303e-01,2.066571611467963532e+00
3.230000009629940272e-01,2.066571611467963532e+00
3.235000009644847796e-01,2.066571611467963532e+00
3.240000009659754765e-01,2.066571611467963532e+00
3.245000009674661734e-01,2.066571611467963532e+00
3.250000009689568703e-01,2.068630202949097274e+00
3.255000009704475672e-01,2.068630202949097274e+00
3.260000009719382641e-01,2.068630202949097274e+00
3.265000009734289610e-01,2.068630202949097274e+00
3.270000009749196579e-01,2.068630202949097274e+00
3.275000009764103548e-01,2.068630202949097274e+00
3.280000009779010517e-01,2.068630202949097274e+00
3.285000009793918041e-01,2.068630202949097274e+00
3.290000009808825010e-01,2.068630202949097274e+00
3.295000009823731979e-01,2.068630202949097274e+00
3.300000009838638948e-01,2.068630202949097274e+00
3.305000009853545917e-01,2.068630202949097274e+00
3.310000009868452886e-01,2.068630202949097274e+00
3.315000009883359855e-01,2.068630202949097274e+00
3.320000009898266824e-01,2.068630202949097274e+00
3.325000009913173793e-01,2.068630202949097274e+00
3.330000009928081317e-01,2.068630202949097274e+00
3.335000009942988286e-01,2.068630202949097274e+00
3.340000009957895255e-01,2.068630202949097274e+00
3.345000009972802224e-01,2.068630202949097274e+00
3.350000009987709193e-01,2.068630202949097274e+00
3.355000010002616162e-01,2.068630202949097274e+00
3.360000010017523131e-01,2.068630202949097274e+00
3.365000010032430100e-01,2.068630202949097274e+00
3.370000010047337069e-01,2.068630202949097274e+00
3.375000010062244593e-01,2.068630202949097274e+00
3.380000010077151562e-01,2.068630202949097274e+00
3.385000010092058531e-01,2.068630202949097274e+00
3.390000010106965500e-01,2.068630202949097274e+00
3.395000010121872469e-01,2.068630202949097274e+00
3.400000010136779438e-01,2.068630202949097274e+00
3.405000010151686407e-01,2.068630202949097274e+00
3.410000010166593376e-01,2.068630202949097274e+00
3.415000010181500345e-01,2.068630202949097274e+00
3.420000010196407314e-01,2.068630202949097274e+00
3.425000010211314838e-01,2.068630202949097274e+00
3.430000010226221807e-01,2.068630202949097274e+00
3.435000010241128776e-01,2.068630202949097274e+00
3.440000010256035745e-01,2.068630202949097274e+00
3.445000010270942714e-01,2.068630202949097274e+00
3.450000010285849683e-01,2.068630202949097274e+00
3.455000010300756652e-01,2.068630202949097274e+00
3.460000010315663621e-01,2.068630202949097274e+00
3.465000010330570590e-01,2.068630202949097274e+00
3.470000010345478114e-01,2.068630202949097274e+00
3.475000010360385083e-01,2.068630202949097274e+00
3.480000010375292052e-01,2.068630202949097274e+00
3.485000010390199021e-01,2.068630202949097274e+00
3.490000010405105990e-01,2.068630202949097274e+00
3.495000010420012959e-01,2.068630202949097274e+00
3.500000010434919928e-01,2.068630202949097274e+00
3.505000010449826897e-01,2.068630202949097274e+00
3.510000010464733866e-01,2.068630202949097274e+00
3.515000010479641390e-01,2.068630202949097274e+00
3.520000010494548359e-01,2.068630202949097274e+00
3.525000010509455328e-01,2.068630202949097274e+00
3.530000010524362297e-01,2.068630202949097274e+00
3.535000010539269266e-01,2.068630202949097274e+00
3.540000010554176235e-01,2.068630202949097274e+00
3.545000010569083204e-01,2.068630202949097274e+00
3.550000010583990173e-01,2.068630202949097274e+00
3.555000010598897142e-01,2.068630202949097274e+00
3.560000010613804111e-01,2.068630202949097274e+00
3.565000010628711635e-01,2.068630202949097274e+00
3.570000010643618604e-01,2.068630202949097274e+00
3.575000010658525573e-01,2.068630202949097274e+00
3.580000010673432542e-01,2.068630202949097274e+00
3.585000010688339511e-01,2.068630202949097274e+00
3.590000010703246480e-01,2.068630202949097274e+00
3.595000010718153449e-01,2.068630202949097274e+00
3.600000010733060418e-01,2.068630202949097274e+00
3.605000010747967387e-01,2.068630202949097274e+00
3.610000010762874911e-01,2.068630202949097274e+00
3.615000010777781880e-01,2.068630202949097274e+00
3.620000010792688849e-01,2.068630202949097274e+00
3.625000010807595818e-01,2.087220654528304298e+00
3.630000010822502787e-01,2.087220654528304298e+00
3.635000010837409756e-01,2.087220654528304298e+00
3.640000010852316725e-01,2.087220654528304298e+00
3.645000010867223694e-01,2.087220654528304298e+00
3.650000010882130663e-01,2.087220654528304298e+00
3.655000010897038187e-01,2.087220654528304298e+00
3.660000010911945156e-01,2.087220654528304298e+00
3.665000010926852125e-01,2.087220654528304298e+00
3.670000010941759094e-01,2.087220654528304298e+00
3.675000010956666063e-01,2.087220654528304298e+00
3.680000010971573032e-01,2.087220654528304298e+00
3.685000010986480001e-01,2.087220654528304298e+00
3.690000011001386970e-01,2.087220654528304298e+00
3.695000011016293939e-01,2.087220654528304298e+00
3.700000011031200908e-01,2.087220654528304298e+00
3.705000011046108432e-01,2.087220654528304298e+00
3.710000011061015401e-01,2.087220654528304298e+00
3.715000011075922370e-01,2.087220654528304298e+00
3.720000011090829339e-01,2.087220654528304298e+00
3.725000011105736308e-01,2.087220654528304298e+00
3.730000011120643277e-01,2.087220654528304298e+00
3.735000011135550246e-01,2.087220654528304298e+00
3.740000011150457215e-01,2.087220654528304298e+00
3.745000011165364184e-01,2.087220654528304298e+00
3.750000011180271708e-01,2.099561659947508652e+00
3.755000011195178677e-01,2.099561659947508652e+00
3.760000011210085646e-01,2.099561659947508652e+00
3.765000011224992615e-01,2.099561659947508652e+00
3.770000011239899584e-01,2.099561659947508652e+00
3.775000011254806553e-01,2.099561659947508652e+00
3.780000011269713522e-01,2.099561659947508652e+00
3.785000011284620491e-01,2.099561659947508652e+00
3.790000011299527460e-01,2.099561659947508652e+00
3.795000011314434984e-01,2.099561659947508652e+00
3.800000011329341953e-01,2.099561659947508652e+00
3.805000011344248922e-01,2.099561659947508652e+00
3.810000011359155891e-01,2.099561659947508652e+00
3.815000011374062860e-01,2.099561659947508652e+00
3.820000011388969829e-01,2.099561659947508652e+00
3.825000011403876798e-01,2.099561659947508652e+00
3.830000011418783767e-01,2.099561659947508652e+00
3.835000011433690736e-01,2.099561659947508652e+00
3.840000011448597705e-01,2.099561659947508652e+00
3.845000011463505230e-01,2.099561659947508652e+00
3.850000011478412199e-01,2.099561659947508652e+00
3.855000011493319167e-01,2.099561659947508652e+00
3.860000011508226136e-01,2.099561659947508652e+00
3.865000011523133105e-01,2.099561659947508652e+00
3.870000011538040074e-01,2.099561659947508652e+00
3.875000011552947043e-01,2.103815241975972139e+00
3.880000011567854012e-01,2.103815241975972139e+00
3.885000011582760981e-01,2.103815241975972139e+00
3.890000011597668506e-01,2.103815241975972139e+00
3.895000011612575475e-01,2.103815241975972139e+00
3.900000011627482444e-01,2.103815241975972139e+00
3.905000011642389413e-01,2.103815241975972139e+00
3.910000011657296382e-01,2.103815241975972139e+00
3.915000011672203351e-01,2.103815241975972139e+00
3.920000011687110320e-01,2.103815241975972139e+00
3.925000011702017289e-01,2.103815241975972139e+00
3.930000011716924257e-01,2.103815241975972139e+00
3.935000011731831782e-01,2.103815241975972139e+00
3.940000011746738751e-01,2.103815241975972139e+00
3.945000011761645720e-01,2.103815241975972139e+00
3.950000011776552689e-01,2.103815241975972139e+00
3.955000011791459658e-01,2.103815241975972139e+00
3.960000011806366627e-01,2.103815241975972139e+00
3.965000011821273596e-01,2.103815241975972139e+00
3.970000011836180565e-01,2.103815241975972139e+00
3.975000011851087534e-01,2.103815241975972139e+00
3.980000011865995058e-01,2.103815241975972139e+00
3.985000011880902027e-01,2.103815241975972139e+00
3.990000011895808996e-01,2.103815241975972139e+00
3.995000011910715965e-01,2.103815241975972139e+00
4.000000011925622934e-01,2.092076022934282520e+00
4.005000011940529903e-01,2.092076022934282520e+00
4.010000011955436872e-01,2.092076022934282520e+00
4.015000011970343841e-01,2.092076022934282520e+00
4.020000011985250810e-01,2.092076022934282520e+00
4.025000012000157779e-01,2.092076022934282520e+00
4.030000012015065303e-01,2.092076022934282520e+00
4.035000012029972272e-01,2.092076022934282520e+00
4.040000012044879241e-01,2.092076022934282520e+00
4.045000012059786210e-01,2.092076022934282520e+00
4.050000012074693179e-01,2.092076022934282520e+00
4.055000012089600148e-01,2.092076022934282520e+00
4.060000012104507117e-01,2.092076022934282520e+00
4.065000012119414086e-01,2.092076022934282520e+00
4.070000012134321055e-01,2.092076022934282520e+00
4.075000012149228579e-01,2.092076022934282520e+00
4.080000012164135548e-01,2.092076022934282520e+00
4.085000012179042517e-01,2.092076022934282520e+00
4.090000012193949486e-01,2.092076022934282520e+00
4.095000012208856455e-01,2.092076022934282520e+00
4.100000012223763424e-01,2.092076022934282520e+00
4.105000012238670393e-01,2.092076022934282520e+00
4.110000012253577362e-01,2.092076022934282520e+00
4.115000012268484331e-01,2.092076022934282520e+00
4.120000012283391855e-01,2.092076022934282520e+00
4.125000012298298824e-01,2.092076022934282520e+00
4.130000012313205793e-01,2.092076022934282520e+00
4.135000012328112762e-01,2.092076022934282520e+00
4.140000012343019731e-01,2.092076022934282520e+00
4.145000012357926700e-01,2.092076022934282520e+00
4.150000012372833669e-01,2.092076022934282520e+00
4.155000012387740638e-01,2.092076022934282520e+00
4.160000012402647607e-01,2.092076022934282520e+00
4.165000012417554576e-01,2.092076022934282520e+00
4.170000012432462100e-01,2.092076022934282520e+00
4.175000012447369069e-01,2.092076022934282520e+00
4.180000012462276038e-01,2.092076022934282520e+00
4.185000012477183007e-01,2.092076022934282520e+00
4.190000012492089976e-01,2.092076022934282520e+00
4.195000012506996945e-01,2.092076022934282520e+00
4.200000012521903914e-01,2.092076022934282520e+00
4.205000012536810883e-01,2.092076022934282520e+00
4.210000012551717852e-01,2.092076022934282520e+00
4.215000012566625376e-01,2.092076022934282520e+00
4.220000012581532345e-01,2.092076022934282520e+00
4.225000012596439314e-01,2.092076022934282520e+00
4.230000012611346283e-01,2.092076022934282520e+00
4.235000012626253252e-01,2.092076022934282520e+00
4.240000012641160221e-01,2.092076022934282520e+00
4.245000012656067190e-01,2.092076022934282520e+00
4.250000012670974159e-01,2.105902540594365657e+00
4.255000012685881128e-01,2.105902540594365657e+00
4.260000012700788652e-01,2.105902540594365657e+00
4.265000012715695621e-01,2.105902540594365657e+00
4.270000012730602590e-01,2.105902540594365657e+00
4.275000012745509559e-01,2.105902540594365657e+00
4.280000012760416528e-01,2.105902540594365657e+00
4.285000012775323497e-01,2.105902540594365657e+00
4.290000012790230466e-01,2.105902540594365657e+00
4.295000012805137435e-01,2.105902540594365657e+00
4.300000012820044404e-01,2.105902540594365657e+00
4.305000012834951373e-01,2.105902540594365657e+00
4.310000012849858897e-01,2.105902540594365657e+00
4.315000012864765866e-01,2.105902540594365657e+00
4.320000012879672835e-01,2.105902540594365657e+00
4.325000012894579804e-01,2.105902540594365657e+00
4.330000012909486773e-01,2.105902540594365657e+00
4.335000012924393742e-01,2.105902540594365657e+00
4.340000012939300711e-01,2.105902540594365657e+00
4.345000012954207680e-01,2.105902540594365657e+00
4.350000012969114649e-01,2.105902540594365657e+00
4.355000012984022173e-01,2.105902540594365657e+00
4.360000012998929142e-01,2.105902540594365657e+00
4.365000013013836111e-01,2.105902540594365657e+00
4.370000013028743080e-01,2.105902540594365657e+00
4.375000013043650049e-01,2.105902540594365657e+00
4.380000013058557018e-01,2.105902540594365657e+00
4.385000013073463987e-01,2.105902540594365657e+00
4.390000013088370956e-01,2.105902540594365657e+00
4.395000013103277925e-01,2.105902540594365657e+00
4.400000013118185449e-01,2.105902540594365657e+00
4.405000013133092418e-01,2.105902540594365657e+00
4.410000013147999387e-01,2.105902540594365657e+00
4.415000013162906356e-01,2.105902540594365657e+00
4.420000013177813325e-01,2.105902540594365657e+00
4.425000013192720294e-01,2.105902540594365657e+00
4.430000013207627263e-01,2.105902540594365657e+00
4.435000013222534232e-01,2.105902540594365657e+00
4.440000013237441201e-01,2.105902540594365657e+00
4.445000013252348170e-01,2.105902540594365657e+00
4.450000013267255694e-01,2.105902540594365657e+00
4.455000013282162663e-01,2.105902540594365657e+00
4.460000013297069632e-01,2.105902540594365657e+00
4.465000013311976601e-01,2.105902540594365657e+00
4.470000013326883570e-01,2.105902540594365657e+00
4.475000013341790539e-01,2.105902540594365657e+00
4.480000013356697508e-01,2.105902540594365657e+00
4.485000013371604477e-01,2.105902540594365657e+00
4.490000013386511446e-01,2.105902540594365657e+00
4.495000013401418970e-01,2.105902540594365657e+00
4.500000013416325939e-01,2.105902540594365657e+00
4.505000013431232908e-01,2.105902540594365657e+00
4.510000013446139877e-01,2.105902540594365657e+00
4.515000013461046846e-01,2.105902540594365657e+00
4.520000013475953815e-01,2.105902540594365657e+00
4.525000013490860784e-01,2.105902540594365657e+00
4.530000013505767753e-01,2.105902540594365657e+00
4.535000013520674722e-01,2.105902540594365657e+00
4.540000013535582246e-01,2.105902540594365657e+00
4.545000013550489215e-01,2.105902540594365657e+00
4.550000013565396184e-01,2.105902540594365657e+00
4.555000013580303153e-01,2.105902540594365657e+00
4.560000013595210122e-01,2.105902540594365657e+00
4.565000013610117091e-01,2.105902540594365657e+00
4.570000013625024060e-01,2.105902540594365657e+00
4.575000013639931029e-01,2.105902540594365657e+00
4.580000013654837998e-01,2.105902540594365657e+00
4.585000013669745522e-01,2.105902540594365657e+00
4.590000013684652491e-01,2.105902540594365657e+00
4.595000013699559460e-01,2.105902540594365657e+00
4.600000013714466429e-01,2.105902540594365657e+00
4.605000013729373398e-01,2.105902540594365657e+00
4.610000013744280367e-01,2.105902540594365657e+00
4.615000013759187336e-01,2.105902540594365657e+00
4.620000013774094305e-01,2.105902540594365657e+00
4.625000013789001274e-01,2.105902540594365657e+00
4.630000013803908243e-01,2.105902540594365657e+00
4.635000013818815767e-01,2.105902540594365657e+00
4.640000013833722736e-01,2.105902540594365657e+00
4.645000013848629705e-01,2.105902540594365657e+00
4.650000013863536674e-01,2.105902540594365657e+00
4.655000013878443643e-01,2.105902540594365657e+00
4.660000013893350612e-01,2.105902540594365657e+00
4.665000013908257581e-01,2.105902540594365657e+00
4.670000013923164550e-01,2.105902540594365657e+00
4.675000013938071519e-01,2.105902540594365657e+00
4.680000013952979043e-01,2.105902540594365657e+00
4.685000013967886012e-01,2.105902540594365657e+00
4.690000013982792981e-01,2.105902540594365657e+00
4.695000013997699950e-01,2.105902540594365657e+00
4.700000014012606919e-01,2.105902540594365657e+00
4.705000014027513888e-01,2.105902540594365657e+00
4.710000014042420857e-01,2.105902540594365657e+00
4.715000014057327826e-01,2.105902540594365657e+00
4.720000014072234795e-01,2.105902540594365657e+00
4.725000014087142319e-01,2.105902540594365657e+00
4.730000014102049288e-01,2.105902540594365657e+00
4.735000014116956257e-01,2.105902540594365657e+00
4.740000014131863226e-01,2.105902540594365657e+00
4.745000014146770195e-01,2.105902540594365657e+00
4.750000014161677164e-01,2.098299288411062502e+00
4.755000014176584133e-01,2.098299288411062502e+00
4.760000014191491102e-01,2.098299288411062502e+00
4.765000014206398071e-01,2.098299288411062502e+00
4.770000014221305040e-01,2.098299288411062502e+00
4.775000014236212564e-01,2.098299288411062502e+00
4.780000014251119533e-01,2.098299288411062502e+00
4.785000014266026502e-01,2.098299288411062502e+00
4.790000014280933471e-01,2.098299288411062502e+00
4.795000014295840440e-01,2.098299288411062502e+00
4.800000014310747409e-01,2.098299288411062502e+00
4.805000014325654378e-01,2.098299288411062502e+00
4.810000014340561347e-01,2.098299288411062502e+00
4.815000014355468316e-01,2.098299288411062502e+00
4.820000014370375840e-01,2.098299288411062502e+00
4.825000014385282809e-01,2.098299288411062502e+00
4.830000014400189778e-01,2.098299288411062502e+00
4.835000014415096747e-01,2.098299288411062502e+00
4.840000014430003716e-01,2.098299288411062502e+00
4.845000014444910685e-01,2.098299288411062502e+00
4.850000014459817654e-01,2.098299288411062502e+00
4.855000014474724623e-01,2.098299288411062502e+00
4.860000014489631592e-01,2.098299288411062502e+00
4.865000014504539116e-01,2.098299288411062502e+00
4.870000014519446085e-01,2.098299288411062502e+00
4.875000014534353054e-01,2.086301289926527414e+00
4.880000014549260023e-01,2.086301289926527414e+00
4.885000014564166992e-01,2.086301289926527414e+00
4.890000014579073961e-01,2.086301289926527414e+00
4.895000014593980930e-01,2.086301289926527414e+00
4.900000014608887899e-01,2.086301289926527414e+00
4.905000014623794868e-01,2.086301289926527414e+00
4.910000014638701837e-01,2.086301289926527414e+00
4.915000014653609361e-01,2.086301289926527414e+00
4.920000014668516330e-01,2.086301289926527414e+00
4.925000014683423299e-01,2.086301289926527414e+00
4.930000014698330268e-01,2.086301289926527414e+00
4.935000014713237237e-01,2.086301289926527414e+00
4.940000014728144206e-01,2.086301289926527414e+00
4.945000014743051175e-01,2.086301289926527414e+00
4.950000014757958144e-01,2.086301289926527414e+00
4.955000014772865113e-01,2.086301289926527414e+00
4.960000014787772638e-01,2.086301289926527414e+00
4.965000014802679607e-01,2.086301289926527414e+00
4.970000014817586576e-01,2.086301289926527414e+00
4.975000014832493545e-01,2.086301289926527414e+00
4.980000014847400513e-01,2.086301289926527414e+00
4.985000014862307482e-01,2.086301289926527414e+00
4.990000014877214451e-01,2.086301289926527414e+00
4.995000014892121420e-01,2.086301289926527414e+00
5.000000014907028945e-01,2.086301289926527414e+00
5.005000014921935358e-01,2.086301289926527414e+00
5.010000014936842883e-01,2.086301289926527414e+00
5.015000014951749296e-01,2.086301289926527414e+00
5.020000014966656821e-01,2.086301289926527414e+00
5.025000014981563234e-01,2.086301289926527414e+00
5.030000014996470759e-01,2.086301289926527414e+00
5.035000015011378283e-01,2.086301289926527414e+00
5.040000015026284697e-01,2.086301289926527414e+00
5.045000015041192221e-01,2.086301289926527414e+00
5.050000015056098635e-01,2.086301289926527414e+00
5.055000015071006159e-01,2.086301289926527414e+00
5.060000015085912572e-01,2.086301289926527414e+00
5.065000015100820097e-01,2.086301289926527414e+00
5.070000015115726510e-01,2.086301289926527414e+00
5.075000015130634035e-01,2.086301289926527414e+00
5.080000015145541559e-01,2.086301289926527414e+00
5.085000015160447973e-01,2.086301289926527414e+00
5.090000015175355497e-01,2.086301289926527414e+00
5.095000015190261911e-01,2.086301289926527414e+00
5.100000015205169435e-01,2.086301289926527414e+00
5.105000015220075849e-01,2.086301289926527414e+00
5.110000015234983373e-01,2.086301289926527414e+00
5.115000015249889787e-01,2.086301289926527414e+00
5.120000015264797311e-01,2.086301289926527414e+00
5.125000015279704835e-01,2.082104553594506413e+00
5.130000015294611249e-01,2.082104553594506413e+00
5.135000015309518773e-01,2.082104553594506413e+00
5.140000015324425187e-01,2.082104553594506413e+00
5.145000015339332711e-01,2.082104553594506413e+00
5.150000015354239125e-01,2.082104553594506413e+00
5.155000015369146649e-01,2.082104553594506413e+00
5.160000015384053063e-01,2.082104553594506413e+00
5.165000015398960587e-01,2.082104553594506413e+00
5.170000015413868111e-01,2.082104553594506413e+00
5.175000015428774525e-01,2.082104553594506413e+00
5.180000015443682049e-01,2.082104553594506413e+00
5.185000015458588463e-01,2.082104553594506413e+00
5.190000015473495987e-01,2.082104553594506413e+00
5.195000015488402401e-01,2.082104553594506413e+00
5.200000015503309925e-01,2.082104553594506413e+00
5.205000015518216339e-01,2.082104553594506413e+00
5.210000015533123863e-01,2.082104553594506413e+00
5.215000015548031387e-01,2.082104553594506413e+00
5.220000015562937801e-01,2.082104553594506413e+00
5.225000015577845325e-01,2.082104553594506413e+00
5.230000015592751739e-01,2.082104553594506413e+00
5.235000015607659263e-01,2.082104553594506413e+00
5.240000015622565677e-01,2.082104553594506413e+00
5.245000015637473201e-01,2.082104553594506413e+00
5.250000015652379615e-01,2.078514799345851038e+00
5.255000015667287139e-01,2.078514799345851038e+00
5.260000015682194663e-01,2.078514799345851038e+00
5.265000015697101077e-01,2.078514799345851038e+00
5.270000015712008601e-01,2.078514799345851038e+00
5.275000015726915015e-01,2.078514799345851038e+00
5.280000015741822539e-01,2.078514799345851038e+00
5.285000015756728953e-01,2.078514799345851038e+00
5.290000015771636477e-01,2.078514799345851038e+00
5.295000015786542891e-01,2.078514799345851038e+00
5.300000015801450415e-01,2.078514799345851038e+00
5.305000015816356829e-01,2.078514799345851038e+00
5.310000015831264353e-01,2.078514799345851038e+00
5.315000015846171877e-01,2.078514799345851038e+00
5.320000015861078291e-01,2.078514799345851038e+00
5.325000015875985815e-01,2.078514799345851038e+00
5.330000015890892229e-01,2.078514799345851038e+00
5.335000015905799753e-01,2.078514799345851038e+00
5.340000015920706167e-01,2.078514799345851038e+00
5.345000015935613691e-01,2.078514799345851038e+00
5.350000015950520105e-01,2.078514799345851038e+00
5.355000015965427629e-01,2.078514799345851038e+00
5.360000015980335153e-01,2.078514799345851038e+00
5.365000015995241567e-01,2.078514799345851038e+00
5.370000016010149091e-01,2.078514799345851038e+00
5.375000016025055505e-01,2.078514799345851038e+00
5.380000016039963029e-01,2.078514799345851038e+00
5.385000016054869443e-01,2.078514799345851038e+00
5.390000016069776967e-01,2.078514799345851038e+00
5.395000016084683381e-01,2.078514799345851038e+00
5.400000016099590905e-01,2.078514799345851038e+00
5.405000016114498429e-01,2.078514799345851038e+00
5.410000016129404843e-01,2.078514799345851038e+00
5.415000016144312367e-01,2.078514799345851038e+00
5.420000016159218781e-01,2.078514799345851038e+00
5.425000016174126305e-01,2.078514799345851038e+00
5.430000016189032719e-01,2.078514799345851038e+00
5.435000016203940243e-01,2.078514799345851038e+00
5.440000016218846657e-01,2.078514799345851038e+00
5.445000016233754181e-01,2.078514799345851038e+00
5.450000016248661705e-01,2.078514799345851038e+00
5.455000016263568119e-01,2.078514799345851038e+00
5.460000016278475643e-01,2.078514799345851038e+00
5.465000016293382057e-01,2.078514799345851038e+00
5.470000016308289581e-01,2.078514799345851038e+00
5.475000016323195995e-01,2.078514799345851038e+00
5.480000016338103519e-01,2.078514799345851038e+00
5.485000016353009933e-01,2.078514799345851038e+00
5.490000016367917457e-01,2.078514799345851038e+00
5.495000016382824981e-01,2.078514799345851038e+00
5.500000016397731395e-01,2.096597681015810011e+00
5.505000016412638919e-01,2.096597681015810011e+00
5.510000016427545333e-01,2.096597681015810011e+00
5.515000016442452857e-01,2.096597681015810011e+00
5.520000016457359271e-01,2.096597681015810011e+00
5.525000016472266795e-01,2.096597681015810011e+00
5.530000016487173209e-01,2.096597681015810011e+00
5.535000016502080733e-01,2.096597681015810011e+00
5.540000016516988257e-01,2.096597681015810011e+00
5.545000016531894671e-01,2.096597681015810011e+00
5.550000016546802195e-01,2.096597681015810011e+00
5.555000016561708609e-01,2.096597681015810011e+00
5.560000016576616133e-01,2.096597681015810011e+00
5.565000016591522547e-01,2.096597681015810011e+00
5.570000016606430071e-01,2.096597681015810011e+00
5.575000016621336485e-01,2.096597681015810011e+00
5.580000016636244009e-01,2.096597681015810011e+00
5.585000016651150423e-01,2.096597681015810011e+00
5.590000016666057947e-01,2.096597681015810011e+00
5.595000016680965471e-01,2.096597681015810011e+00
5.600000016695871885e-01,2.096597681015810011e+00
5.605000016710779409e-01,2.096597681015810011e+00
5.610000016725685823e-01,2.096597681015810011e+00
5.615000016740593347e-01,2.096597681015810011e+00
5.620000016755499761e-01,2.096597681015810011e+00
5.625000016770407285e-01,2.078005232246395995e+00
5.630000016785313699e-01,2.078005232246395995e+00
5.635000016800221223e-01,2.078005232246395995e+00
5.640000016815128747e-01,2.078005232246395995e+00
5.645000016830035161e-01,2.078005232246395995e+00
5.650000016844942685e-01,2.078005232246395995e+00
5.655000016859849099e-01,2.078005232246395995e+00
5.660000016874756623e-01,2.078005232246395995e+00
5.665000016889663037e-01,2.078005232246395995e+00
5.670000016904570561e-01,2.078005232246395995e+00
5.675000016919476975e-01,2.078005232246395995e+00
5.680000016934384499e-01,2.078005232246395995e+00
5.685000016949292023e-01,2.078005232246395995e+00
5.690000016964198437e-01,2.078005232246395995e+00
5.695000016979105961e-01,2.078005232246395995e+00
5.700000016994012375e-01,2.078005232246395995e+00
5.705000017008919899e-01,2.078005232246395995e+00
5.710000017023826313e-01,2.078005232246395995e+00
5.715000017038733837e-01,2.078005232246395995e+00
5.720000017053640251e-01,2.078005232246395995e+00
5.725000017068547775e-01,2.078005232246395995e+00
5.730000017083455299e-01,2.078005232246395995e+00
5.735000017098361713e-01,2.078005232246395995e+00
5.740000017113269237e-01,2.078005232246395995e+00
5.745000017128175651e-01,2.078005232246395995e+00
5.750000017143083175e-01,2.093775300367752834e+00
5.755000017157989589e-01,2.093775300367752834e+00
5.760000017172897113e-01,2.093775300367752834e+00
5.765000017187803527e-01,2.093775300367752834e+00
5.770000017202711051e-01,2.093775300367752834e+00
5.775000017217618575e-01,2.093775300367752834e+00
5.780000017232524989e-01,2.093775300367752834e+00
5.785000017247432513e-01,2.093775300367752834e+00
5.790000017262338927e-01,2.093775300367752834e+00
5.795000017277246451e-01,2.093775300367752834e+00
5.800000017292152865e-01,2.093775300367752834e+00
5.805000017307060389e-01,2.093775300367752834e+00
5.810000017321966803e-01,2.093775300367752834e+00
5.815000017336874327e-01,2.093775300367752834e+00
5.820000017351781851e-01,2.093775300367752834e+00
5.825000017366688265e-01,2.093775300367752834e+00
5.830000017381595789e-01,2.093775300367752834e+00
5.835000017396502203e-01,2.093775300367752834e+00
5.840000017411409727e-01,2.093775300367752834e+00
5.845000017426316141e-01,2.093775300367752834e+00
5.850000017441223665e-01,2.093775300367752834e+00
5.855000017456130079e-01,2.093775300367752834e+00
5.860000017471037603e-01,2.093775300367752834e+00
5.865000017485945127e-01,2.093775300367752834e+00
5.870000017500851541e-01,2.093775300367752834e+00
5.875000017515759065e-01,2.101989449096274942e+00
5.880000017530665479e-01,2.101989449096274942e+00
5.885000017545573003e-01,2.101989449096274942e+00
5.890000017560479417e-01,2.101989449096274942e+00
5.895000017575386941e-01,2.101989449096274942e+00
5.900000017590293355e-01,2.101989449096274942e+00
5.905000017605200879e-01,2.101989449096274942e+00
5.910000017620107293e-01,2.101989449096274942e+00
5.915000017635014817e-01,2.101989449096274942e+00
5.920000017649922341e-01,2.101989449096274942e+00
5.925000017664828755e-01,2.101989449096274942e+00
5.930000017679736279e-01,2.101989449096274942e+00
5.935000017694642693e-01,2.101989449096274942e+00
5.940000017709550217e-01,2.101989449096274942e+00
5.945000017724456631e-01,2.101989449096274942e+00
5.950000017739364155e-01,2.101989449096274942e+00
5.955000017754270569e-01,2.101989449096274942e+00
5.960000017769178093e-01,2.101989449096274942e+00
5.965000017784085617e-01,2.101989449096274942e+00
5.970000017798992031e-01,2.101989449096274942e+00
5.975000017813899555e-01,2.101989449096274942e+00
5.980000017828805969e-01,2.101989449096274942e+00
5.985000017843713493e-01,2.101989449096274942e+00
5.990000017858619907e-01,2.101989449096274942e+00
5.995000017873527431e-01,2.101989449096274942e+00
6.000000017888433845e-01,2.101989449096274942e+00
6.005000017903341369e-01,2.101989449096274942e+00
6.010000017918248894e-01,2.101989449096274942e+00
6.015000017933155307e-01,2.101989449096274942e+00
6.020000017948062832e-01,2.101989449096274942e+00
6.025000017962969245e-01,2.101989449096274942e+00
6.030000017977876769e-01,2.101989449096274942e+00
6.035000017992783183e-01,2.101989449096274942e+00
6.040000018007690707e-01,2.101989449096274942e+00
6.045000018022597121e-01,2.101989449096274942e+00
6.050000018037504645e-01,2.101989449096274942e+00
6.055000018052412170e-01,2.101989449096274942e+00
6.060000018067318583e-01,2.101989449096274942e+00
6.065000018082226108e-01,2.101989449096274942e+00
6.070000018097132521e-01,2.101989449096274942e+00
6.075000018112040046e-01,2.101989449096274942e+00
6.080000018126946459e-01,2.101989449096274942e+00
6.085000018141853984e-01,2.101989449096274942e+00
6.090000018156760397e-01,2.101989449096274942e+00
6.095000018171667922e-01,2.101989449096274942e+00
6.100000018186575446e-01,2.101989449096274942e+00
6.105000018201481859e-01,2.101989449096274942e+00
6.110000018216389384e-01,2.101989449096274942e+00
6.115000018231295797e-01,2.101989449096274942e+00
6.120000018246203322e-01,2.101989449096274942e+00
6.125000018261109735e-01,2.101989449096274942e+00
6.130000018276017260e-01,2.101989449096274942e+00
6.135000018290923673e-01,2.101989449096274942e+00
6.140000018305831198e-01,2.101989449096274942e+00
6.145000018320738722e-01,2.101989449096274942e+00
6.150000018335645136e-01,2.101989449096274942e+00
6.155000018350552660e-01,2.101989449096274942e+00
6.160000018365459074e-01,2.101989449096274942e+00
6.165000018380366598e-01,2.101989449096274942e+00
6.170000018395273012e-01,2.101989449096274942e+00
6.175000018410180536e-01,2.101989449096274942e+00
6.180000018425086949e-01,2.101989449096274942e+00
6.185000018439994474e-01,2.101989449096274942e+00
6.190000018454900887e-01,2.101989449096274942e+00
6.195000018469808412e-01,2.101989449096274942e+00
6.200000018484715936e-01,2.101989449096274942e+00
6.205000018499622350e-01,2.101989449096274942e+00
6.210000018514529874e-01,2.101989449096274942e+00
6.215000018529436288e-01,2.101989449096274942e+00
6.220000018544343812e-01,2.101989449096274942e+00
6.225000018559250226e-01,2.101989449096274942e+00
6.230000018574157750e-01,2.101989449096274942e+00
6.235000018589064164e-01,2.101989449096274942e+00
6.240000018603971688e-01,2.101989449096274942e+00
6.245000018618879212e-01,2.101989449096274942e+00
6.250000018633785626e-01,2.086171947931253712e+00
6.255000018648693150e-01,2.086171947931253712e+00
6.260000018663599564e-01,2.086171947931253712e+00
6.265000018678507088e-01,2.086171947931253712e+00
6.270000018693413502e-01,2.086171947931253712e+00
6.275000018708321026e-01,2.086171947931253712e+00
6.280000018723227440e-01,2.086171947931253712e+00
6.285000018738134964e-01,2.086171947931253712e+00
6.290000018753042488e-01,2.086171947931253712e+00
6.295000018767948902e-01,2.086171947931253712e+00
6.300000018782856426e-01,2.086171947931253712e+00
6.305000018797762840e-01,2.086171947931253712e+00
6.310000018812670364e-01,2.086171947931253712e+00
6.315000018827576778e-01,2.086171947931253712e+00
6.320000018842484302e-01,2.086171947931253712e+00
6.325000018857390716e-01,2.086171947931253712e+00
6.330000018872298240e-01,2.086171947931253712e+00
6.335000018887205764e-01,2.086171947931253712e+00
6.340000018902112178e-01,2.086171947931253712e+00
6.345000018917019702e-01,2.086171947931253712e+00
6.350000018931926116e-01,2.086171947931253712e+00
6.355000018946833640e-01,2.086171947931253712e+00
6.360000018961740054e-01,2.086171947931253712e+00
6.365000018976647578e-01,2.086171947931253712e+00
6.370000018991553992e-01,2.086171947931253712e+00
6.375000019006461516e-01,2.086171947931253712e+00
6.380000019021369040e-01,2.086171947931253712e+00
6.385000019036275454e-01,2.086171947931253712e+00
6.390000019051182978e-01,2.086171947931253712e+00
6.395000019066089392e-01,2.086171947931253712e+00
6.400000019080996916e-01,2.086171947931253712e+00
6.405000019095903330e-01,2.086171947931253712e+00
6.410000019110810854e-01,2.086171947931253712e+00
6.415000019125717268e-01,2.086171947931253712e+00
6.420000019140624792e-01,2.086171947931253712e+00
6.425000019155532316e-01,2.086171947931253712e+00
6.430000019170438730e-01,2.086171947931253712e+00
6.435000019185346254e-01,2.086171947931253712e+00
6.440000019200252668e-01,2.086171947931253712e+00
6.445000019215160192e-01,2.086171947931253712e+00
6.450000019230066606e-01,2.086171947931253712e+00
6.455000019244974130e-01,2.086171947931253712e+00
6.460000019259880544e-01,2.086171947931253712e+00
6.465000019274788068e-01,2.086171947931253712e+00
6.470000019289695592e-01,2.086171947931253712e+00
6.475000019304602006e-01,2.086171947931253712e+00
6.480000019319509530e-01,2.086171947931253712e+00
6.485000019334415944e-01,2.086171947931253712e+00
6.490000019349323468e-01,2.086171947931253712e+00
6.495000019364229882e-01,2.086171947931253712e+00
6.500000019379137406e-01,2.089518720820241260e+00
6.505000019394043820e-01,2.089518720820241260e+00
6.510000019408951344e-01,2.089518720820241260e+00
6.515000019423857758e-01,2.089518720820241260e+00
6.520000019438765282e-01,2.089518720820241260e+00
6.525000019453672806e-01,2.089518720820241260e+00
6.530000019468579220e-01,2.089518720820241260e+00
6.535000019483486744e-01,2.089518720820241260e+00
6.540000019498393158e-01,2.089518720820241260e+00
6.545000019513300682e-01,2.089518720820241260e+00
6.550000019528207096e-01,2.089518720820241260e+00
6.555000019543114620e-01,2.089518720820241260e+00
6.560000019558021034e-01,2.089518720820241260e+00
6.565000019572928558e-01,2.089518720820241260e+00
6.570000019587836082e-01,2.089518720820241260e+00
6.575000019602742496e-01,2.089518720820241260e+00
6.580000019617650020e-01,2.089518720820241260e+00
6.585000019632556434e-01,2.089518720820241260e+00
6.590000019647463958e-01,2.089518720820241260e+00
6.595000019662370372e-01,2.089518720820241260e+00
6.600000019677277896e-01,2.089518720820241260e+00
6.605000019692184310e-01,2.089518720820241260e+00
6.610000019707091834e-01,2.089518720820241260e+00
6.615000019721999358e-01,2.089518720820241260e+00
6.620000019736905772e-01,2.089518720820241260e+00
6.625000019751813296e-01,2.089518720820241260e+00
6.630000019766719710e-01,2.089518720820241260e+00
6.635000019781627234e-01,2.089518720820241260e+00
6.640000019796533648e-01,2.089518720820241260e+00
6.645000019811441172e-01,2.089518720820241260e+00
6.650000019826347586e-01,2.089518720820241260e+00
6.655000019841255110e-01,2.089518720820241260e+00
6.660000019856162634e-01,2.089518720820241260e+00
6.665000019871069048e-01,2.089518720820241260e+00
6.670000019885976572e-01,2.089518720820241260e+00
6.675000019900882986e-01,2.089518720820241260e+00
6.680000019915790510e-01,2.089518720820241260e+00
6.685000019930696924e-01,2.089518720820241260e+00
6.690000019945604448e-01,2.089518720820241260e+00
6.695000019960510862e-01,2.089518720820241260e+00
6.700000019975418386e-01,2.089518720820241260e+00
6.705000019990325910e-01,2.089518720820241260e+00
6.710000020005232324e-01,2.089518720820241260e+00
6.715000020020139848e-01,2.089518720820241260e+00
6.720000020035046262e-01,2.089518720820241260e+00
6.725000020049953786e-01,2.089518720820241260e+00
6.730000020064860200e-01,2.089518720820241260e+00
6.735000020079767724e-01,2.089518720820241260e+00
6.740000020094674138e-01,2.089518720820241260e+00
6.745000020109581662e-01,2.089518720820241260e+00
6.750000020124489186e-01,2.089518720820241260e+00
6.755000020139395600e-01,2.089518720820241260e+00
6.760000020154303124e-01,2.089518720820241260e+00
6.765000020169209538e-01,2.089518720820241260e+00
6.770000020184117062e-01,2.089518720820241260e+00
6.775000020199023476e-01,2.089518720820241260e+00
6.780000020213931000e-01,2.089518720820241260e+00
6.785000020228837414e-01,2.089518720820241260e+00
6.790000020243744938e-01,2.089518720820241260e+00
6.795000020258651352e-01,2.089518720820241260e+00
6.800000020273558876e-01,2.089518720820241260e+00
6.805000020288466400e-01,2.089518720820241260e+00
6.810000020303372814e-01,2.089518720820241260e+00
6.815000020318280338e-01,2.089518720820241260e+00
6.820000020333186752e-01,2.089518720820241260e+00
6.825000020348094276e-01,2.089518720820241260e+00
6.830000020363000690e-01,2.089518720820241260e+00
6.835000020377908214e-01,2.089518720820241260e+00
6.840000020392814628e-01,2.089518720820241260e+00
6.845000020407722152e-01,2.089518720820241260e+00
6.850000020422629676e-01,2.089518720820241260e+00
6.855000020437536090e-01,2.089518720820241260e+00
6.860000020452443614e-01,2.089518720820241260e+00
6.865000020467350028e-01,2.089518720820241260e+00
6.870000020482257552e-01,2.089518720820241260e+00
6.875000020497163966e-01,2.089518720820241260e+00
6.880000020512071490e-01,2.089518720820241260e+00
6.885000020526977904e-01,2.089518720820241260e+00
6.890000020541885428e-01,2.089518720820241260e+00
6.895000020556792952e-01,2.089518720820241260e+00
6.900000020571699366e-01,2.089518720820241260e+00
6.905000020586606890e-01,2.089518720820241260e+00
6.910000020601513304e-01,2.089518720820241260e+00
6.915000020616420828e-01,2.089518720820241260e+00
6.920000020631327242e-01,2.089518720820241260e+00
6.925000020646234766e-01,2.089518720820241260e+00
6.930000020661141180e-01,2.089518720820241260e+00
6.935000020676048704e-01,2.089518720820241260e+00
6.940000020690956228e-01,2.089518720820241260e+00
6.945000020705862642e-01,2.089518720820241260e+00
6.950000020720770166e-01,2.089518720820241260e+00
6.955000020735676580e-01,2.089518720820241260e+00
6.960000020750584104e-01,2.089518720820241260e+00
6.965000020765490518e-01,2.089518720820241260e+00
6.970000020780398042e-01,2.089518720820241260e+00
6.975000020795304456e-01,2.089518720820241260e+00
6.980000020810211980e-01,2.089518720820241260e+00
6.985000020825119504e-01,2.089518720820241260e+00
6.990000020840025918e-01,2.089518720820241260e+00
6.995000020854933442e-01,2.089518720820241260e+00
7.000000020869839856e-01,2.089518720820241260e+00
7.005000020884747380e-01,2.089518720820241260e+00
7.010000020899653794e-01,2.089518720820241260e+00
7.015000020914561318e-01,2.089518720820241260e+00
7.020000020929467732e-01,2.089518720820241260e+00
7.025000020944375256e-01,2.089518720820241260e+00
7.030000020959282780e-01,2.089518720820241260e+00
7.035000020974189194e-01,2.089518720820241260e+00
7.040000020989096718e-01,2.089518720820241260e+00
7.045000021004003132e-01,2.089518720820241260e+00
7.050000021018910656e-01,2.089518720820241260e+00
7.055000021033817070e-01,2.089518720820241260e+00
7.060000021048724594e-01,2.089518720820241260e+00
7.065000021063631008e-01,2.089518720820241260e+00
7.070000021078538532e-01,2.089518720820241260e+00
7.075000021093446056e-01,2.089518720820241260e+00
7.080000021108352470e-01,2.089518720820241260e+00
7.085000021123259994e-01,2.089518720820241260e+00
7.090000021138166408e-01,2.089518720820241260e+00
7.095000021153073932e-01,2.089518720820241260e+00
7.100000021167980346e-01,2.089518720820241260e+00
7.105000021182887870e-01,2.089518720820241260e+00
7.110000021197794284e-01,2.089518720820241260e+00
7.115000021212701808e-01,2.089518720820241260e+00
7.120000021227608222e-01,2.089518720820241260e+00
7.125000021242515746e-01,2.089518720820241260e+00
7.130000021257423271e-01,2.089518720820241260e+00
7.135000021272329684e-01,2.089518720820241260e+00
7.140000021287237209e-01,2.089518720820241260e+00
7.145000021302143622e-01,2.089518720820241260e+00
7.150000021317051146e-01,2.089518720820241260e+00
7.155000021331957560e-01,2.089518720820241260e+00
7.160000021346865084e-01,2.089518720820241260e+00
7.165000021361771498e-01,2.089518720820241260e+00
7.170000021376679022e-01,2.089518720820241260e+00
7.175000021391586547e-01,2.089518720820241260e+00
7.180000021406492960e-01,2.089518720820241260e+00
7.185000021421400485e-01,2.089518720820241260e+00
7.190000021436306898e-01,2.089518720820241260e+00
7.195000021451214423e-01,2.089518720820241260e+00
7.200000021466120836e-01,2.089518720820241260e+00
7.205000021481028361e-01,2.089518720820241260e+00
7.210000021495934774e-01,2.089518720820241260e+00
7.215000021510842299e-01,2.089518720820241260e+00
7.220000021525749823e-01,2.089518720820241260e+00
7.225000021540656236e-01,2.089518720820241260e+00
7.230000021555563761e-01,2.089518720820241260e+00
7.235000021570470174e-01,2.089518720820241260e+00
7.240000021585377699e-01,2.089518720820241260e+00
7.245000021600284112e-01,2.089518720820241260e+00
7.250000021615191637e-01,2.089518720820241260e+00
7.255000021630098050e-01,2.089518720820241260e+00
7.260000021645005575e-01,2.089518720820241260e+00
7.265000021659913099e-01,2.089518720820241260e+00
7.270000021674819513e-01,2.089518720820241260e+00
7.275000021689727037e-01,2.089518720820241260e+00
7.280000021704633451e-01,2.089518720820241260e+00
7.285000021719540975e-01,2.089518720820241260e+00
7.290000021734447389e-01,2.089518720820241260e+00
7.295000021749354913e-01,2.089518720820241260e+00
7.300000021764261326e-01,2.089518720820241260e+00
7.305000021779168851e-01,2.089518720820241260e+00
7.310000021794076375e-01,2.089518720820241260e+00
7.315000021808982789e-01,2.089518720820241260e+00
7.320000021823890313e-01,2.089518720820241260e+00
7.325000021838796727e-01,2.089518720820241260e+00
7.330000021853704251e-01,2.089518720820241260e+00
7.335000021868610665e-01,2.089518720820241260e+00
7.340000021883518189e-01,2.089518720820241260e+00
7.345000021898424603e-01,2.089518720820241260e+00
7.350000021913332127e-01,2.089518720820241260e+00
7.355000021928239651e-01,2.089518720820241260e+00
7.360000021943146065e-01,2.089518720820241260e+00
7.365000021958053589e-01,2.089518720820241260e+00
7.370000021972960003e-01,2.089518720820241260e+00
7.375000021987867527e-01,2.089518720820241260e+00
7.380000022002773941e-01,2.089518720820241260e+00
7.385000022017681465e-01,2.089518720820241260e+00
7.390000022032587879e-01,2.089518720820241260e+00
7.395000022047495403e-01,2.089518720820241260e+00
7.400000022062401817e-01,2.089518720820241260e+00
7.405000022077309341e-01,2.089518720820241260e+00
7.410000022092216865e-01,2.089518720820241260e+00
7.415000022107123279e-01,2.089518720820241260e+00
7.420000022122030803e-01,2.089518720820241260e+00
7.425000022136937217e-01,2.089518720820241260e+00
7.430000022151844741e-01,2.089518720820241260e+00
7.435000022166751155e-01,2.089518720820241260e+00
7.440000022181658679e-01,2.089518720820241260e+00
7.445000022196565093e-01,2.089518720820241260e+00
7.450000022211472617e-01,2.089518720820241260e+00
7.455000022226380141e-01,2.089518720820241260e+00
7.460000022241286555e-01,2.089518720820241260e+00
7.465000022256194079e-01,2.089518720820241260e+00
7.470000022271100493e-01,2.089518720820241260e+00
7.475000022286008017e-01,2.089518720820241260e+00
7.480000022300914431e-01,2.089518720820241260e+00
7.485000022315821955e-01,2.089518720820241260e+00
7.490000022330728369e-01,2.089518720820241260e+00
7.495000022345635893e-01,2.089518720820241260e+00
7.500000022360543417e-01,2.072544694769273388e+00
7.505000022375449831e-01,2.072544694769273388e+00
7.510000022390357355e-01,2.072544694769273388e+00
7.515000022405263769e-01,2.072544694769273388e+00
7.520000022420171293e-01,2.072544694769273388e+00
7.525000022435077707e-01,2.072544694769273388e+00
7.530000022449985231e-01,2.072544694769273388e+00
7.535000022464891645e-01,2.072544694769273388e+00
7.540000022479799169e-01,2.072544694769273388e+00
7.545000022494706693e-01,2.072544694769273388e+00
7.550000022509613107e-01,2.072544694769273388e+00
7.555000022524520631e-01,2.072544694769273388e+00
7.560000022539427045e-01,2.072544694769273388e+00
7.565000022554334569e-01,2.072544694769273388e+00
7.570000022569240983e-01,2.072544694769273388e+00
7.575000022584148507e-01,2.072544694769273388e+00
7.580000022599054921e-01,2.072544694769273388e+00
7.585000022613962445e-01,2.072544694769273388e+00
7.590000022628869969e-01,2.072544694769273388e+00
7.595000022643776383e-01,2.072544694769273388e+00
7.600000022658683907e-01,2.072544694769273388e+00
7.605000022673590321e-01,2.072544694769273388e+00
7.610000022688497845e-01,2.072544694769273388e+00
7.615000022703404259e-01,2.072544694769273388e+00
7.620000022718311783e-01,2.072544694769273388e+00
7.625000022733218197e-01,2.072544694769273388e+00
7.630000022748125721e-01,2.072544694769273388e+00
7.635000022763033245e-01,2.072544694769273388e+00
7.640000022777939659e-01,2.072544694769273388e+00
7.645000022792847183e-01,2.072544694769273388e+00
7.650000022807753597e-01,2.072544694769273388e+00
7.655000022822661121e-01,2.072544694769273388e+00
7.660000022837567535e-01,2.072544694769273388e+00
7.665000022852475059e-01,2.072544694769273388e+00
7.670000022867381473e-01,2.072544694769273388e+00
7.675000022882288997e-01,2.072544694769273388e+00
7.680000022897195411e-01,2.072544694769273388e+00
7.685000022912102935e-01,2.072544694769273388e+00
7.690000022927010459e-01,2.072544694769273388e+00
7.695000022941916873e-01,2.072544694769273388e+00
7.700000022956824397e-01,2.072544694769273388e+00
7.705000022971730811e-01,2.072544694769273388e+00
7.710000022986638335e-01,2.072544694769273388e+00
7.715000023001544749e-01,2.072544694769273388e+00
7.720000023016452273e-01,2.072544694769273388e+00
7.725000023031358687e-01,2.072544694769273388e+00
7.730000023046266211e-01,2.072544694769273388e+00
7.735000023061173735e-01,2.072544694769273388e+00
7.740000023076080149e-01,2.072544694769273388e+00
7.745000023090987673e-01,2.072544694769273388e+00
7.750000023105894087e-01,2.092010288822193864e+00
7.755000023120801611e-01,2.092010288822193864e+00
7.760000023135708025e-01,2.092010288822193864e+00
7.765000023150615549e-01,2.092010288822193864e+00
7.770000023165521963e-01,2.092010288822193864e+00
7.775000023180429487e-01,2.092010288822193864e+00
7.780000023195337011e-01,2.092010288822193864e+00
7.785000023210243425e-01,2.092010288822193864e+00
7.790000023225150949e-01,2.092010288822193864e+00
7.795000023240057363e-01,2.092010288822193864e+00
7.800000023254964887e-01,2.092010288822193864e+00
7.805000023269871301e-01,2.092010288822193864e+00
7.810000023284778825e-01,2.092010288822193864e+00
7.815000023299685239e-01,2.092010288822193864e+00
7.820000023314592763e-01,2.092010288822193864e+00
7.825000023329500287e-01,2.092010288822193864e+00
7.830000023344406701e-01,2.092010288822193864e+00
7.835000023359314225e-01,2.092010288822193864e+00
7.840000023374220639e-01,2.092010288822193864e+00
7.845000023389128163e-01,2.092010288822193864e+00
7.850000023404034577e-01,2.092010288822193864e+00
7.855000023418942101e-01,2.092010288822193864e+00
7.860000023433848515e-01,2.092010288822193864e+00
7.865000023448756039e-01,2.092010288822193864e+00
7.870000023463663563e-01,2.092010288822193864e+00
7.875000023478569977e-01,2.092010288822193864e+00
7.880000023493477501e-01,2.092010288822193864e+00
7.885000023508383915e-01,2.092010288822193864e+00
7.890000023523291439e-01,2.092010288822193864e+00
7.895000023538197853e-01,2.092010288822193864e+00
7.900000023553105377e-01,2.092010288822193864e+00
7.905000023568011791e-01,2.092010288822193864e+00
7.910000023582919315e-01,2.092010288822193864e+00
7.915000023597826839e-01,2.092010288822193864e+00
7.920000023612733253e-01,2.092010288822193864e+00
7.925000023627640777e-01,2.092010288822193864e+00
7.930000023642547191e-01,2.092010288822193864e+00
7.935000023657454715e-01,2.092010288822193864e+00
7.940000023672361129e-01,2.092010288822193864e+00
7.945000023687268653e-01,2.092010288822193864e+00
7.950000023702175067e-01,2.092010288822193864e+00
7.955000023717082591e-01,2.092010288822193864e+00
7.960000023731990115e-01,2.092010288822193864e+00
7.965000023746896529e-01,2.092010288822193864e+00
7.970000023761804053e-01,2.092010288822193864e+00
7.975000023776710467e-01,2.092010288822193864e+00
7.980000023791617991e-01,2.092010288822193864e+00
7.985000023806524405e-01,2.092010288822193864e+00
7.990000023821431929e-01,2.092010288822193864e+00
7.995000023836338343e-01,2.092010288822193864e+00
8.000000023851245867e-01,2.081935680715444548e+00
8.005000023866152281e-01,2.081935680715444548e+00
8.010000023881059805e-01,2.081935680715444548e+00
8.015000023895967329e-01,2.081935680715444548e+00
8.020000023910873743e-01,2.081935680715444548e+00
8.025000023925781267e-01,2.081935680715444548e+00
8.030000023940687681e-01,2.081935680715444548e+00
8.035000023955595205e-01,2.081935680715444548e+00
8.040000023970501619e-01,2.081935680715444548e+00
8.045000023985409143e-01,2.081935680715444548e+00
8.050000024000315557e-01,2.081935680715444548e+00
8.055000024015223081e-01,2.081935680715444548e+00
8.060000024030130605e-01,2.081935680715444548e+00
8.065000024045037019e-01,2.081935680715444548e+00
8.070000024059944543e-01,2.081935680715444548e+00
8.075000024074850957e-01,2.081935680715444548e+00
8.080000024089758481e-01,2.081935680715444548e+00
8.085000024104664895e-01,2.081935680715444548e+00
8.090000024119572419e-01,2.081935680715444548e+00
8.095000024134478833e-01,2.081935680715444548e+00
8.100000024149386357e-01,2.081935680715444548e+00
8.105000024164293881e-01,2.081935680715444548e+00
8.110000024179200295e-01,2.081935680715444548e+00
8.115000024194107819e-01,2.081935680715444548e+00
8.120000024209014233e-01,2.081935680715444548e+00
8.125000024223921757e-01,2.082406644565473641e+00
8.130000024238828171e-01,2.082406644565473641e+00
8.135000024253735695e-01,2.082406644565473641e+00
8.140000024268642109e-01,2.082406644565473641e+00
8.145000024283549633e-01,2.082406644565473641e+00
8.150000024298457157e-01,2.082406644565473641e+00
8.155000024313363571e-01,2.082406644565473641e+00
8.160000024328271095e-01,2.082406644565473641e+00
8.165000024343177509e-01,2.082406644565473641e+00
8.170000024358085033e-01,2.082406644565473641e+00
8.175000024372991447e-01,2.082406644565473641e+00
8.180000024387898971e-01,2.082406644565473641e+00
8.185000024402805385e-01,2.082406644565473641e+00
8.190000024417712909e-01,2.082406644565473641e+00
8.195000024432620434e-01,2.082406644565473641e+00
8.200000024447526847e-01,2.082406644565473641e+00
8.205000024462434371e-01,2.082406644565473641e+00
8.210000024477340785e-01,2.082406644565473641e+00
8.215000024492248309e-01,2.082406644565473641e+00
8.220000024507154723e-01,2.082406644565473641e+00
8.225000024522062247e-01,2.082406644565473641e+00
8.230000024536968661e-01,2.082406644565473641e+00
8.235000024551876185e-01,2.082406644565473641e+00
8.240000024566783710e-01,2.082406644565473641e+00
8.245000024581690123e-01,2.082406644565473641e+00
8.250000024596597648e-01,2.083648566311298911e+00
8.255000024611504061e-01,2.083648566311298911e+00
8.260000024626411586e-01,2.083648566311298911e+00
8.265000024641317999e-01,2.083648566311298911e+00
8.270000024656225524e-01,2.083648566311298911e+00
8.275000024671131937e-01,2.083648566311298911e+00
8.280000024686039461e-01,2.083648566311298911e+00
8.285000024700945875e-01,2.083648566311298911e+00
8.290000024715853399e-01,2.083648566311298911e+00
8.295000024730760924e-01,2.083648566311298911e+00
8.300000024745667337e-01,2.083648566311298911e+00
8.305000024760574862e-01,2.083648566311298911e+00
8.310000024775481275e-01,2.083648566311298911e+00
8.315000024790388800e-01,2.083648566311298911e+00
8.320000024805295213e-01,2.083648566311298911e+00
8.325000024820202738e-01,2.083648566311298911e+00
8.330000024835109151e-01,2.083648566311298911e+00
8.335000024850016676e-01,2.083648566311298911e+00
8.340000024864924200e-01,2.083648566311298911e+00
8.345000024879830614e-01,2.083648566311298911e+00
8.350000024894738138e-01,2.083648566311298911e+00
8.355000024909644551e-01,2.083648566311298911e+00
8.360000024924552076e-01,2.083648566311298911e+00
8.365000024939458489e-01,2.083648566311298911e+00
8.370000024954366014e-01,2.083648566311298911e+00
8.375000024969272427e-01,2.083648566311298911e+00
8.380000024984179952e-01,2.083648566311298911e+00
8.385000024999087476e-01,2.083648566311298911e+00
8.390000025013993890e-01,2.083648566311298911e+00
8.395000025028901414e-01,2.083648566311298911e+00
8.400000025043807828e-01,2.083648566311298911e+00
8.405000025058715352e-01,2.083648566311298911e+00
8.410000025073621766e-01,2.083648566311298911e+00
8.415000025088529290e-01,2.083648566311298911e+00
8.420000025103435703e-01,2.083648566311298911e+00
8.425000025118343228e-01,2.083648566311298911e+00
8.430000025133250752e-01,2.083648566311298911e+00
8.435000025148157166e-01,2.083648566311298911e+00
8.440000025163064690e-01,2.083648566311298911e+00
8.445000025177971104e-01,2.083648566311298911e+00
8.450000025192878628e-01,2.083648566311298911e+00
8.455000025207785042e-01,2.083648566311298911e+00
8.460000025222692566e-01,2.083648566311298911e+00
8.465000025237598980e-01,2.083648566311298911e+00
8.470000025252506504e-01,2.083648566311298911e+00
8.475000025267414028e-01,2.083648566311298911e+00
8.480000025282320442e-01,2.083648566311298911e+00
8.485000025297227966e-01,2.083648566311298911e+00
8.490000025312134380e-01,2.083648566311298911e+00
8.495000025327041904e-01,2.083648566311298911e+00
8.500000025341948318e-01,2.084327194513396098e+00
8.505000025356855842e-01,2.084327194513396098e+00
8.510000025371762256e-01,2.084327194513396098e+00
8.515000025386669780e-01,2.084327194513396098e+00
8.520000025401577304e-01,2.084327194513396098e+00
8.525000025416483718e-01,2.084327194513396098e+00
8.530000025431391242e-01,2.084327194513396098e+00
8.535000025446297656e-01,2.084327194513396098e+00
8.540000025461205180e-01,2.084327194513396098e+00
8.545000025476111594e-01,2.084327194513396098e+00
8.550000025491019118e-01,2.084327194513396098e+00
8.555000025505925532e-01,2.084327194513396098e+00
8.560000025520833056e-01,2.084327194513396098e+00
8.565000025535740580e-01,2.084327194513396098e+00
8.570000025550646994e-01,2.084327194513396098e+00
8.575000025565554518e-01,2.084327194513396098e+00
8.580000025580460932e-01,2.084327194513396098e+00
8.585000025595368456e-01,2.084327194513396098e+00
8.590000025610274870e-01,2.084327194513396098e+00
8.595000025625182394e-01,2.084327194513396098e+00
8.600000025640088808e-01,2.084327194513396098e+00
8.605000025654996332e-01,2.084327194513396098e+00
8.610000025669902746e-01,2.084327194513396098e+00
8.615000025684810270e-01,2.084327194513396098e+00
8.620000025699717794e-01,2.084327194513396098e+00
8.625000025714624208e-01,2.089926272228932458e+00
8.630000025729531732e-01,2.089926272228932458e+00
8.635000025744438146e-01,2.089926272228932458e+00
8.640000025759345670e-01,2.089926272228932458e+00
8.645000025774252084e-01,2.089926272228932458e+00
8.650000025789159608e-01,2.089926272228932458e+00
8.655000025804066022e-01,2.089926272228932458e+00
8.660000025818973546e-01,2.089926272228932458e+00
8.665000025833881070e-01,2.089926272228932458e+00
8.670000025848787484e-01,2.089926272228932458e+00
8.675000025863695008e-01,2.089926272228932458e+00
8.680000025878601422e-01,2.089926272228932458e+00
8.685000025893508946e-01,2.089926272228932458e+00
8.690000025908415360e-01,2.089926272228932458e+00
8.695000025923322884e-01,2.089926272228932458e+00
8.700000025938229298e-01,2.089926272228932458e+00
8.705000025953136822e-01,2.089926272228932458e+00
8.710000025968044346e-01,2.089926272228932458e+00
8.715000025982950760e-01,2.089926272228932458e+00
8.720000025997858284e-01,2.089926272228932458e+00
8.725000026012764698e-01,2.089926272228932458e+00
8.730000026027672222e-01,2.089926272228932458e+00
8.735000026042578636e-01,2.089926272228932458e+00
8.740000026057486160e-01,2.089926272228932458e+00
8.745000026072392574e-01,2.089926272228932458e+00
8.750000026087300098e-01,2.089926272228932458e+00
8.755000026102207622e-01,2.089926272228932458e+00
8.760000026117114036e-01,2.089926272228932458e+00
8.765000026132021560e-01,2.089926272228932458e+00
8.770000026146927974e-01,2.089926272228932458e+00
8.775000026161835498e-01,2.089926272228932458e+00
8.780000026176741912e-01,2.089926272228932458e+00
8.785000026191649436e-01,2.089926272228932458e+00
8.790000026206555850e-01,2.089926272228932458e+00
8.795000026221463374e-01,2.089926272228932458e+00
8.800000026236370898e-01,2.089926272228932458e+00
8.805000026251277312e-01,2.089926272228932458e+00
8.810000026266184836e-01,2.089926272228932458e+00
8.815000026281091250e-01,2.089926272228932458e+00
8.820000026295998774e-01,2.089926272228932458e+00
8.825000026310905188e-01,2.089926272228932458e+00
8.830000026325812712e-01,2.089926272228932458e+00
8.835000026340719126e-01,2.089926272228932458e+00
8.840000026355626650e-01,2.089926272228932458e+00
8.845000026370534174e-01,2.089926272228932458e+00
8.850000026385440588e-01,2.089926272228932458e+00
8.855000026400348112e-01,2.089926272228932458e+00
8.860000026415254526e-01,2.089926272228932458e+00
8.865000026430162050e-01,2.089926272228932458e+00
8.870000026445068464e-01,2.089926272228932458e+00
8.875000026459975988e-01,2.083550372263994976e+00
8.880000026474882402e-01,2.083550372263994976e+00
8.885000026489789926e-01,2.083550372263994976e+00
8.890000026504696340e-01,2.083550372263994976e+00
8.895000026519603864e-01,2.083550372263994976e+00
8.900000026534511388e-01,2.083550372263994976e+00
8.905000026549417802e-01,2.083550372263994976e+00
8.910000026564325326e-01,2.083550372263994976e+00
8.915000026579231740e-01,2.083550372263994976e+00
8.920000026594139264e-01,2.083550372263994976e+00
8.925000026609045678e-01,2.083550372263994976e+00
8.930000026623953202e-01,2.083550372263994976e+00
8.935000026638859616e-01,2.083550372263994976e+00
8.940000026653767140e-01,2.083550372263994976e+00
8.945000026668674664e-01,2.083550372263994976e+00
8.950000026683581078e-01,2.083550372263994976e+00
8.955000026698488602e-01,2.083550372263994976e+00
8.960000026713395016e-01,2.083550372263994976e+00
8.965000026728302540e-01,2.083550372263994976e+00
8.970000026743208954e-01,2.083550372263994976e+00
8.975000026758116478e-01,2.083550372263994976e+00
8.980000026773022892e-01,2.083550372263994976e+00
8.985000026787930416e-01,2.083550372263994976e+00
8.990000026802837940e-01,2.083550372263994976e+00
8.995000026817744354e-01,2.083550372263994976e+00
9.000000026832651878e-01,2.083550372263994976e+00
9.005000026847558292e-01,2.083550372263994976e+00
9.010000026862465816e-01,2.083550372263994976e+00
9.015000026877372230e-01,2.083550372263994976e+00
9.020000026892279754e-01,2.083550372263994976e+00
9.025000026907186168e-01,2.083550372263994976e+00
9.030000026922093692e-01,2.083550372263994976e+00
9.035000026937001216e-01,2.083550372263994976e+00
9.040000026951907630e-01,2.083550372263994976e+00
9.045000026966815154e-01,2.083550372263994976e+00
9.050000026981721568e-01,2.083550372263994976e+00
9.055000026996629092e-01,2.083550372263994976e+00
9.060000027011535506e-01,2.083550372263994976e+00
9.065000027026443030e-01,2.083550372263994976e+00
9.070000027041349444e-01,2.083550372263994976e+00
9.075000027056256968e-01,2.083550372263994976e+00
9.080000027071164492e-01,2.083550372263994976e+00
9.085000027086070906e-01,2.083550372263994976e+00
9.090000027100978430e-01,2.083550372263994976e+00
9.095000027115884844e-01,2.083550372263994976e+00
9.100000027130792368e-01,2.083550372263994976e+00
9.105000027145698782e-01,2.083550372263994976e+00
9.110000027160606306e-01,2.083550372263994976e+00
9.115000027175512720e-01,2.083550372263994976e+00
9.120000027190420244e-01,2.083550372263994976e+00
9.125000027205327768e-01,2.083810436322858006e+00
9.130000027220234182e-01,2.083810436322858006e+00
9.135000027235141706e-01,2.083810436322858006e+00
9.140000027250048120e-01,2.083810436322858006e+00
9.145000027264955644e-01,2.083810436322858006e+00
9.150000027279862058e-01,2.083810436322858006e+00
9.155000027294769582e-01,2.083810436322858006e+00
9.160000027309675996e-01,2.083810436322858006e+00
9.165000027324583520e-01,2.083810436322858006e+00
9.170000027339491044e-01,2.083810436322858006e+00
9.175000027354397458e-01,2.083810436322858006e+00
9.180000027369304982e-01,2.083810436322858006e+00
9.185000027384211396e-01,2.083810436322858006e+00
9.190000027399118920e-01,2.083810436322858006e+00
9.195000027414025334e-01,2.083810436322858006e+00
9.200000027428932858e-01,2.083810436322858006e+00
9.205000027443839272e-01,2.083810436322858006e+00
9.210000027458746796e-01,2.083810436322858006e+00
9.215000027473653210e-01,2.083810436322858006e+00
9.220000027488560734e-01,2.083810436322858006e+00
9.225000027503468258e-01,2.083810436322858006e+00
9.230000027518374672e-01,2.083810436322858006e+00
9.235000027533282196e-01,2.083810436322858006e+00
9.240000027548188610e-01,2.083810436322858006e+00
9.245000027563096134e-01,2.083810436322858006e+00
9.250000027578002548e-01,2.095354689894737277e+00
9.255000027592910072e-01,2.095354689894737277e+00
9.260000027607816486e-01,2.095354689894737277e+00
9.265000027622724010e-01,2.095354689894737277e+00
9.270000027637631534e-01,2.095354689894737277e+00
9.275000027652537948e-01,2.095354689894737277e+00
9.280000027667445472e-01,2.095354689894737277e+00
9.285000027682351886e-01,2.095354689894737277e+00
9.290000027697259410e-01,2.095354689894737277e+00
9.295000027712165824e-01,2.095354689894737277e+00
9.300000027727073348e-01,2.095354689894737277e+00
9.305000027741979762e-01,2.095354689894737277e+00
9.310000027756887286e-01,2.095354689894737277e+00
9.315000027771794811e-01,2.095354689894737277e+00
9.320000027786701224e-01,2.095354689894737277e+00
9.325000027801608748e-01,2.095354689894737277e+00
9.330000027816515162e-01,2.095354689894737277e+00
9.335000027831422686e-01,2.095354689894737277e+00
9.340000027846329100e-01,2.095354689894737277e+00
9.345000027861236624e-01,2.095354689894737277e+00
9.350000027876143038e-01,2.095354689894737277e+00
9.355000027891050562e-01,2.095354689894737277e+00
9.360000027905958087e-01,2.095354689894737277e+00
9.365000027920864500e-01,2.095354689894737277e+00
9.370000027935772025e-01,2.095354689894737277e+00
9.375000027950678438e-01,2.110333758586264263e+00
9.380000027965585963e-01,2.110333758586264263e+00
9.385000027980492376e-01,2.110333758586264263e+00
9.390000027995399901e-01,2.110333758586264263e+00
9.395000028010306314e-01,2.110333758586264263e+00
9.400000028025213838e-01,2.110333758586264263e+00
9.405000028040121363e-01,2.110333758586264263e+00
9.410000028055027776e-01,2.110333758586264263e+00
9.415000028069935301e-01,2.110333758586264263e+00
9.420000028084841714e-01,2.110333758586264263e+00
9.425000028099749239e-01,2.110333758586264263e+00
9.430000028114655652e-01,2.110333758586264263e+00
9.435000028129563177e-01,2.110333758586264263e+00
9.440000028144469590e-01,2.110333758586264263e+00
9.445000028159377115e-01,2.110333758586264263e+00
9.450000028174284639e-01,2.110333758586264263e+00
9.455000028189191053e-01,2.110333758586264263e+00
9.460000028204098577e-01,2.110333758586264263e+00
9.465000028219004991e-01,2.110333758586264263e+00
9.470000028233912515e-01,2.110333758586264263e+00
9.475000028248818928e-01,2.110333758586264263e+00
9.480000028263726453e-01,2.110333758586264263e+00
9.485000028278632866e-01,2.110333758586264263e+00
9.490000028293540391e-01,2.110333758586264263e+00
9.495000028308446804e-01,2.110333758586264263e+00
9.500000028323354329e-01,2.110228426285466696e+00
9.505000028338261853e-01,2.110228426285466696e+00
9.510000028353168267e-01,2.110228426285466696e+00
9.515000028368075791e-01,2.110228426285466696e+00
9.520000028382982205e-01,2.110228426285466696e+00
9.525000028397889729e-01,2.110228426285466696e+00
9.530000028412796143e-01,2.110228426285466696e+00
9.535000028427703667e-01,2.110228426285466696e+00
9.540000028442610081e-01,2.110228426285466696e+00
9.545000028457517605e-01,2.110228426285466696e+00
9.550000028472425129e-01,2.110228426285466696e+00
9.555000028487331543e-01,2.110228426285466696e+00
9.560000028502239067e-01,2.110228426285466696e+00
9.565000028517145481e-01,2.110228426285466696e+00
9.570000028532053005e-01,2.110228426285466696e+00
9.575000028546959419e-01,2.110228426285466696e+00
9.580000028561866943e-01,2.110228426285466696e+00
9.585000028576773357e-01,2.110228426285466696e+00
9.590000028591680881e-01,2.110228426285466696e+00
9.595000028606588405e-01,2.110228426285466696e+00
9.600000028621494819e-01,2.110228426285466696e+00
9.605000028636402343e-01,2.110228426285466696e+00
9.610000028651308757e-01,2.110228426285466696e+00
9.615000028666216281e-01,2.110228426285466696e+00
9.620000028681122695e-01,2.110228426285466696e+00
9.625000028696030219e-01,2.110228426285466696e+00
9.630000028710936633e-01,2.110228426285466696e+00
9.635000028725844157e-01,2.110228426285466696e+00
9.640000028740751681e-01,2.110228426285466696e+00
9.645000028755658095e-01,2.110228426285466696e+00
9.650000028770565619e-01,2.110228426285466696e+00
9.655000028785472033e-01,2.110228426285466696e+00
9.660000028800379557e-01,2.110228426285466696e+00
9.665000028815285971e-01,2.110228426285466696e+00
9.670000028830193495e-01,2.110228426285466696e+00
9.675000028845099909e-01,2.110228426285466696e+00
9.680000028860007433e-01,2.110228426285466696e+00
9.685000028874914957e-01,2.110228426285466696e+00
9.690000028889821371e-01,2.110228426285466696e+00
9.695000028904728895e-01,2.110228426285466696e+00
9.700000028919635309e-01,2.110228426285466696e+00
9.705000028934542833e-01,2.110228426285466696e+00
9.710000028949449247e-01,2.110228426285466696e+00
9.715000028964356771e-01,2.110228426285466696e+00
9.720000028979263185e-01,2.110228426285466696e+00
9.725000028994170709e-01,2.110228426285466696e+00
9.730000029009078233e-01,2.110228426285466696e+00
9.735000029023984647e-01,2.110228426285466696e+00
9.740000029038892171e-01,2.110228426285466696e+00
9.745000029053798585e-01,2.110228426285466696e+00
9.750000029068706109e-01,2.110228426285466696e+00
9.755000029083612523e-01,2.110228426285466696e+00
9.760000029098520047e-01,2.110228426285466696e+00
9.765000029113426461e-01,2.110228426285466696e+00
9.770000029128333985e-01,2.110228426285466696e+00
9.775000029143241509e-01,2.110228426285466696e+00
9.780000029158147923e-01,2.110228426285466696e+00
9.785000029173055447e-01,2.110228426285466696e+00
9.790000029187961861e-01,2.110228426285466696e+00
9.795000029202869385e-01,2.110228426285466696e+00
9.800000029217775799e-01,2.110228426285466696e+00
9.805000029232683323e-01,2.110228426285466696e+00
9.810000029247589737e-01,2.110228426285466696e+00
9.815000029262497261e-01,2.110228426285466696e+00
9.820000029277403675e-01,2.110228426285466696e+00
9.825000029292311199e-01,2.110228426285466696e+00
9.830000029307218723e-01,2.110228426285466696e+00
9.835000029322125137e-01,2.110228426285466696e+00
9.840000029337032661e-01,2.110228426285466696e+00
9.845000029351939075e-01,2.110228426285466696e+00
9.850000029366846599e-01,2.110228426285466696e+00
9.855000029381753013e-01,2.110228426285466696e+00
9.860000029396660537e-01,2.110228426285466696e+00
9.865000029411566951e-01,2.110228426285466696e+00
9.870000029426474475e-01,2.110228426285466696e+00
9.875000029441381999e-01,2.092078365080997759e+00
9.880000029456288413e-01,2.092078365080997759e+00
9.885000029471195937e-01,2.092078365080997759e+00
9.890000029486102351e-01,2.092078365080997759e+00
9.895000029501009875e-01,2.092078365080997759e+00
9.900000029515916289e-01,2.092078365080997759e+00
9.905000029530823813e-01,2.092078365080997759e+00
9.910000029545730227e-01,2.092078365080997759e+00
9.915000029560637751e-01,2.092078365080997759e+00
9.920000029575545275e-01,2.092078365080997759e+00
9.925000029590451689e-01,2.092078365080997759e+00
9.930000029605359213e-01,2.092078365080997759e+00
9.935000029620265627e-01,2.092078365080997759e+00
9.940000029635173151e-01,2.092078365080997759e+00
9.945000029650079565e-01,2.092078365080997759e+00
9.950000029664987089e-01,2.092078365080997759e+00
9.955000029679893503e-01,2.092078365080997759e+00
9.960000029694801027e-01,2.092078365080997759e+00
9.965000029709708551e-01,2.092078365080997759e+00
9.970000029724614965e-01,2.092078365080997759e+00
9.975000029739522489e-01,2.092078365080997759e+00
9.980000029754428903e-01,2.092078365080997759e+00
9.985000029769336427e-01,2.092078365080997759e+00
9.990000029784242841e-01,2.092078365080997759e+00
9.995000029799150365e-01,2.092078365080997759e+00
1.000000002981405789e+00,2.070791568462674981e+00
1.000500002982896319e+00,2.070791568462674981e+00
1.001000002984387072e+00,2.070791568462674981e+00
1.001500002985877824e+00,2.070791568462674981e+00
1.002000002987368577e+00,2.070791568462674981e+00
1.002500002988859329e+00,2.070791568462674981e+00
1.003000002990349859e+00,2.070791568462674981e+00
1.003500002991840612e+00,2.070791568462674981e+00
1.004000002993331364e+00,2.070791568462674981e+00
1.004500002994822117e+00,2.070791568462674981e+00
1.005000002996312647e+00,2.070791568462674981e+00
1.005500002997803399e+00,2.070791568462674981e+00
1.006000002999294152e+00,2.070791568462674981e+00
1.006500003000784904e+00,2.070791568462674981e+00
1.007000003002275657e+00,2.070791568462674981e+00
1.007500003003766187e+00,2.070791568462674981e+00
1.008000003005256939e+00,2.070791568462674981e+00
1.008500003006747692e+00,2.070791568462674981e+00
1.009000003008238444e+00,2.070791568462674981e+00
1.009500003009728974e+00,2.070791568462674981e+00
1.010000003011219727e+00,2.070791568462674981e+00
1.010500003012710479e+00,2.070791568462674981e+00
1.011000003014201232e+00,2.070791568462674981e+00
1.011500003015691984e+00,2.070791568462674981e+00
1.012000003017182514e+00,2.070791568462674981e+00
1.012500003018673267e+00,2.070791568462674981e+00
1.013000003020164019e+00,2.070791568462674981e+00
1.013500003021654772e+00,2.070791568462674981e+00
1.014000003023145302e+00,2.070791568462674981e+00
1.014500003024636055e+00,2.070791568462674981e+00
1.015000003026126807e+00,2.070791568462674981e+00
1.015500003027617559e+00,2.070791568462674981e+00
1.016000003029108312e+00,2.070791568462674981e+00
1.016500003030598842e+00,2.070791568462674981e+00
1.017000003032089595e+00,2.070791568462674981e+00
1.017500003033580347e+00,2.070791568462674981e+00
1.018000003035071099e+00,2.070791568462674981e+00
1.018500003036561630e+00,2.070791568462674981e+00
1.019000003038052382e+00,2.070791568462674981e+00
1.019500003039543135e+00,2.070791568462674981e+00
1.020000003041033887e+00,2.070791568462674981e+00
1.020500003042524639e+00,2.070791568462674981e+00
1.021000003044015170e+00,2.070791568462674981e+00
1.021500003045505922e+00,2.070791568462674981e+00
1.022000003046996675e+00,2.070791568462674981e+00
1.022500003048487427e+00,2.070791568462674981e+00
1.023000003049977957e+00,2.070791568462674981e+00
1.023500003051468710e+00,2.070791568462674981e+00
1.024000003052959462e+00,2.070791568462674981e+00
1.024500003054450215e+00,2.070791568462674981e+00
1.025000003055940967e+00,2.054169198641319305e+00
1.025500003057431497e+00,2.054169198641319305e+00
1.026000003058922250e+00,2.054169198641319305e+00
1.026500003060413002e+00,2.054169198641319305e+00
1.027000003061903755e+00,2.054169198641319305e+00
1.027500003063394285e+00,2.054169198641319305e+00
1.028000003064885037e+00,2.054169198641319305e+00
1.028500003066375790e+00,2.054169198641319305e+00
1.029000003067866542e+00,2.054169198641319305e+00
1.029500003069357295e+00,2.054169198641319305e+00
1.030000003070847825e+00,2.054169198641319305e+00
1.030500003072338577e+00,2.054169198641319305e+00
1.031000003073829330e+00,2.054169198641319305e+00
1.031500003075320082e+00,2.054169198641319305e+00
1.032000003076810613e+00,2.054169198641319305e+00
1.032500003078301365e+00,2.054169198641319305e+00
1.033000003079792117e+00,2.054169198641319305e+00
1.033500003081282870e+00,2.054169198641319305e+00
1.034000003082773622e+00,2.054169198641319305e+00
1.034500003084264153e+00,2.054169198641319305e+00
1.035000003085754905e+00,2.054169198641319305e+00
1.035500003087245657e+00,2.054169198641319305e+00
1.036000003088736410e+00,2.054169198641319305e+00
1.036500003090226940e+00,2.054169198641319305e+00
1.037000003091717693e+00,2.054169198641319305e+00
1.037500003093208445e+00,2.054169198641319305e+00
1.038000003094699197e+00,2.054169198641319305e+00
1.038500003096189950e+00,2.054169198641319305e+00
1.039000003097680480e+00,2.054169198641319305e+00
1.039500003099171233e+00,2.054169198641319305e+00
1.040000003100661985e+00,2.054169198641319305e+00
1.040500003102152737e+00,2.054169198641319305e+00
1.041000003103643268e+00,2.054169198641319305e+00
1.041500003105134020e+00,2.054169198641319305e+00
1.042000003106624773e+00,2.054169198641319305e+00
1.042500003108115525e+00,2.054169198641319305e+00
1.043000003109606277e+00,2.054169198641319305e+00
1.043500003111096808e+00,2.054169198641319305e+00
1.044000003112587560e+00,2.054169198641319305e+00
1.044500003114078313e+00,2.054169198641319305e+00
1.045000003115569065e+00,2.054169198641319305e+00
1.045500003117059595e+00,2.054169198641319305e+00
1.046000003118550348e+00,2.054169198641319305e+00
1.046500003120041100e+00,2.054169198641319305e+00
1.047000003121531853e+00,2.054169198641319305e+00
1.047500003123022605e+00,2.054169198641319305e+00
1.048000003124513135e+00,2.054169198641319305e+00
1.048500003126003888e+00,2.054169198641319305e+00
1.049000003127494640e+00,2.054169198641319305e+00
1.049500003128985393e+00,2.054169198641319305e+00
1.050000003130475923e+00,2.034328789186826025e+00
1.050500003131966675e+00,2.034328789186826025e+00
1.051000003133457428e+00,2.034328789186826025e+00
1.051500003134948180e+00,2.034328789186826025e+00
1.052000003136438933e+00,2.034328789186826025e+00
1.052500003137929463e+00,2.034328789186826025e+00
1.053000003139420215e+00,2.034328789186826025e+00
1.053500003140910968e+00,2.034328789186826025e+00
1.054000003142401720e+00,2.034328789186826025e+00
1.054500003143892251e+00,2.034328789186826025e+00
1.055000003145383003e+00,2.034328789186826025e+00
1.055500003146873755e+00,2.034328789186826025e+00
1.056000003148364508e+00,2.034328789186826025e+00
1.056500003149855038e+00,2.034328789186826025e+00
1.057000003151345791e+00,2.034328789186826025e+00
1.057500003152836543e+00,2.034328789186826025e+00
1.058000003154327295e+00,2.034328789186826025e+00
1.058500003155818048e+00,2.034328789186826025e+00
1.059000003157308578e+00,2.034328789186826025e+00
1.059500003158799331e+00,2.034328789186826025e+00
1.060000003160290083e+00,2.034328789186826025e+00
1.060500003161780835e+00,2.034328789186826025e+00
1.061000003163271366e+00,2.034328789186826025e+00
1.061500003164762118e+00,2.034328789186826025e+00
1.062000003166252871e+00,2.034328789186826025e+00
1.062500003167743623e+00,2.034328789186826025e+00
1.063000003169234375e+00,2.034328789186826025e+00
1.063500003170724906e+00,2.034328789186826025e+00
1.064000003172215658e+00,2.034328789186826025e+00
1.064500003173706411e+00,2.034328789186826025e+00
1.065000003175197163e+00,2.034328789186826025e+00
1.065500003176687693e+00,2.034328789186826025e+00
1.066000003178178446e+00,2.034328789186826025e+00
1.066500003179669198e+00,2.034328789186826025e+00
1.067000003181159951e+00,2.034328789186826025e+00
1.067500003182650703e+00,2.034328789186826025e+00
1.068000003184141233e+00,2.034328789186826025e+00
1.068500003185631986e+00,2.034328789186826025e+00
1.069000003187122738e+00,2.034328789186826025e+00
1.069500003188613491e+00,2.034328789186826025e+00
1.070000003190104021e+00,2.034328789186826025e+00
1.070500003191594773e+00,2.034328789186826025e+00
1.071000003193085526e+00,2.034328789186826025e+00
1.071500003194576278e+00,2.034328789186826025e+00
1.072000003196067031e+00,2.034328789186826025e+00
1.072500003197557561e+00,2.034328789186826025e+00
1.073000003199048313e+00,2.034328789186826025e+00
1.073500003200539066e+00,2.034328789186826025e+00
1.074000003202029818e+00,2.034328789186826025e+00
1.074500003203520349e+00,2.034328789186826025e+00
1.075000003205011101e+00,2.034328789186826025e+00
1.075500003206501853e+00,2.034328789186826025e+00
1.076000003207992606e+00,2.034328789186826025e+00
1.076500003209483358e+00,2.034328789186826025e+00
1.077000003210973889e+00,2.034328789186826025e+00
1.077500003212464641e+00,2.034328789186826025e+00
1.078000003213955393e+00,2.034328789186826025e+00
1.078500003215446146e+00,2.034328789186826025e+00
1.079000003216936676e+00,2.034328789186826025e+00
1.079500003218427429e+00,2.034328789186826025e+00
1.080000003219918181e+00,2.034328789186826025e+00
1.080500003221408933e+00,2.034328789186826025e+00
1.081000003222899686e+00,2.034328789186826025e+00
1.081500003224390216e+00,2.034328789186826025e+00
1.082000003225880969e+00,2.034328789186826025e+00
1.082500003227371721e+00,2.034328789186826025e+00
1.083000003228862473e+00,2.034328789186826025e+00
1.083500003230353004e+00,2.034328789186826025e+00
1.084000003231843756e+00,2.034328789186826025e+00
1.084500003233334509e+00,2.034328789186826025e+00
1.085000003234825261e+00,2.034328789186826025e+00
1.085500003236316013e+00,2.034328789186826025e+00
1.086000003237806544e+00,2.034328789186826025e+00
1.086500003239297296e+00,2.034328789186826025e+00
1.087000003240788049e+00,2.034328789186826025e+00
1.087500003242278801e+00,2.034328789186826025e+00
1.088000003243769331e+00,2.034328789186826025e+00
1.088500003245260084e+00,2.034328789186826025e+00
1.089000003246750836e+00,2.034328789186826025e+00
1.089500003248241589e+00,2.034328789186826025e+00
1.090000003249732341e+00,2.034328789186826025e+00
1.090500003251222871e+00,2.034328789186826025e+00
1.091000003252713624e+00,2.034328789186826025e+00
1.091500003254204376e+00,2.034328789186826025e+00
1.092000003255695129e+00,2.034328789186826025e+00
1.092500003257185659e+00,2.034328789186826025e+00
1.093000003258676411e+00,2.034328789186826025e+00
1.093500003260167164e+00,2.034328789186826025e+00
1.094000003261657916e+00,2.034328789186826025e+00
1.094500003263148669e+00,2.034328789186826025e+00
1.095000003264639199e+00,2.034328789186826025e+00
1.095500003266129951e+00,2.034328789186826025e+00
1.096000003267620704e+00,2.034328789186826025e+00
1.096500003269111456e+00,2.034328789186826025e+00
1.097000003270601987e+00,2.034328789186826025e+00
1.097500003272092739e+00,2.034328789186826025e+00
1.098000003273583491e+00,2.034328789186826025e+00
1.098500003275074244e+00,2.034328789186826025e+00
1.099000003276564996e+00,2.034328789186826025e+00
1.099500003278055527e+00,2.034328789186826025e+00
1.100000003279546279e+00,2.034328789186826025e+00
1.100500003281037031e+00,2.034328789186826025e+00
1.101000003282527784e+00,2.034328789186826025e+00
1.101500003284018314e+00,2.034328789186826025e+00
1.102000003285509067e+00,2.034328789186826025e+00
1.102500003286999819e+00,2.034328789186826025e+00
1.103000003288490571e+00,2.034328789186826025e+00
1.103500003289981324e+00,2.034328789186826025e+00
1.104000003291471854e+00,2.034328789186826025e+00
1.104500003292962607e+00,2.034328789186826025e+00
1.105000003294453359e+00,2.034328789186826025e+00
1.105500003295944111e+00,2.034328789186826025e+00
1.106000003297434642e+00,2.034328789186826025e+00
1.106500003298925394e+00,2.034328789186826025e+00
1.107000003300416147e+00,2.034328789186826025e+00
1.107500003301906899e+00,2.034328789186826025e+00
1.108000003303397651e+00,2.034328789186826025e+00
1.108500003304888182e+00,2.034328789186826025e+00
1.109000003306378934e+00,2.034328789186826025e+00
1.109500003307869687e+00,2.034328789186826025e+00
1.110000003309360439e+00,2.034328789186826025e+00
1.110500003310850969e+00,2.034328789186826025e+00
1.111000003312341722e+00,2.034328789186826025e+00
1.111500003313832474e+00,2.034328789186826025e+00
1.112000003315323227e+00,2.034328789186826025e+00
1.112500003316813979e+00,2.034328789186826025e+00
1.113000003318304509e+00,2.034328789186826025e+00
1.113500003319795262e+00,2.034328789186826025e+00
1.114000003321286014e+00,2.034328789186826025e+00
1.114500003322776767e+00,2.034328789186826025e+00
1.115000003324267297e+00,2.034328789186826025e+00
1.115500003325758049e+00,2.034328789186826025e+00
1.116000003327248802e+00,2.034328789186826025e+00
1.116500003328739554e+00,2.034328789186826025e+00
1.117000003330230085e+00,2.034328789186826025e+00
1.117500003331720837e+00,2.034328789186826025e+00
1.118000003333211589e+00,2.034328789186826025e+00
1.118500003334702342e+00,2.034328789186826025e+00
1.119000003336193094e+00,2.034328789186826025e+00
1.119500003337683625e+00,2.034328789186826025e+00
1.120000003339174377e+00,2.034328789186826025e+00
1.120500003340665129e+00,2.034328789186826025e+00
1.121000003342155882e+00,2.034328789186826025e+00
1.121500003343646412e+00,2.034328789186826025e+00
1.122000003345137165e+00,2.034328789186826025e+00
1.122500003346627917e+00,2.034328789186826025e+00
1.123000003348118669e+00,2.034328789186826025e+00
1.123500003349609422e+00,2.034328789186826025e+00
1.124000003351099952e+00,2.034328789186826025e+00
1.124500003352590705e+00,2.034328789186826025e+00
1.125000003354081457e+00,2.032122608685102971e+00
1.125500003355572209e+00,2.032122608685102971e+00
1.126000003357062740e+00,2.032122608685102971e+00
1.126500003358553492e+00,2.032122608685102971e+00
1.127000003360044245e+00,2.032122608685102971e+00
1.127500003361534997e+00,2.032122608685102971e+00
1.128000003363025749e+00,2.032122608685102971e+00
1.128500003364516280e+00,2.032122608685102971e+00
1.129000003366007032e+00,2.032122608685102971e+00
1.129500003367497785e+00,2.032122608685102971e+00
1.130000003368988537e+00,2.032122608685102971e+00
1.130500003370479067e+00,2.032122608685102971e+00
1.131000003371969820e+00,2.032122608685102971e+00
1.131500003373460572e+00,2.032122608685102971e+00
1.132000003374951325e+00,2.032122608685102971e+00
1.132500003376442077e+00,2.032122608685102971e+00
1.133000003377932607e+00,2.032122608685102971e+00
1.133500003379423360e+00,2.032122608685102971e+00
1.134000003380914112e+00,2.032122608685102971e+00
1.134500003382404865e+00,2.032122608685102971e+00
1.135000003383895395e+00,2.032122608685102971e+00
1.135500003385386147e+00,2.032122608685102971e+00
1.136000003386876900e+00,2.032122608685102971e+00
1.136500003388367652e+00,2.032122608685102971e+00
1.137000003389858405e+00,2.032122608685102971e+00
1.137500003391348935e+00,2.032122608685102971e+00
1.138000003392839687e+00,2.032122608685102971e+00
1.138500003394330440e+00,2.032122608685102971e+00
1.139000003395821192e+00,2.032122608685102971e+00
1.139500003397311723e+00,2.032122608685102971e+00
1.140000003398802475e+00,2.032122608685102971e+00
1.140500003400293227e+00,2.032122608685102971e+00
1.141000003401783980e+00,2.032122608685102971e+00
1.141500003403274732e+00,2.032122608685102971e+00
1.142000003404765263e+00,2.032122608685102971e+00
1.142500003406256015e+00,2.032122608685102971e+00
1.143000003407746767e+00,2.032122608685102971e+00
1.143500003409237520e+00,2.032122608685102971e+00
1.144000003410728050e+00,2.032122608685102971e+00
1.144500003412218803e+00,2.032122608685102971e+00
1.145000003413709555e+00,2.032122608685102971e+00
1.145500003415200307e+00,2.032122608685102971e+00
1.146000003416691060e+00,2.032122608685102971e+00
1.146500003418181590e+00,2.032122608685102971e+00
1.147000003419672343e+00,2.032122608685102971e+00
1.147500003421163095e+00,2.032122608685102971e+00
1.148000003422653847e+00,2.032122608685102971e+00
1.148500003424144378e+00,2.032122608685102971e+00
1.149000003425635130e+00,2.032122608685102971e+00
1.149500003427125883e+00,2.032122608685102971e+00
1.150000003428616635e+00,2.023751929292835872e+00
1.150500003430107387e+00,2.023751929292835872e+00
1.151000003431597918e+00,2.023751929292835872e+00
1.151500003433088670e+00,2.023751929292835872e+00
1.152000003434579423e+00,2.023751929292835872e+00
1.152500003436070175e+00,2.023751929292835872e+00
1.153000003437560705e+00,2.023751929292835872e+00
1.153500003439051458e+00,2.023751929292835872e+00
1.154000003440542210e+00,2.023751929292835872e+00
1.154500003442032963e+00,2.023751929292835872e+00
1.155000003443523715e+00,2.023751929292835872e+00
1.155500003445014245e+00,2.023751929292835872e+00
1.156000003446504998e+00,2.023751929292835872e+00
1.156500003447995750e+00,2.023751929292835872e+00
1.157000003449486503e+00,2.023751929292835872e+00
1.157500003450977033e+00,2.023751929292835872e+00
1.158000003452467785e+00,2.023751929292835872e+00
1.158500003453958538e+00,2.023751929292835872e+00
1.159000003455449290e+00,2.023751929292835872e+00
1.159500003456940043e+00,2.023751929292835872e+00
1.160000003458430573e+00,2.023751929292835872e+00
1.160500003459921325e+00,2.023751929292835872e+00
1.161000003461412078e+00,2.023751929292835872e+00
1.161500003462902830e+00,2.023751929292835872e+00
1.162000003464393361e+00,2.023751929292835872e+00
1.162500003465884113e+00,2.023751929292835872e+00
1.163000003467374865e+00,2.023751929292835872e+00
1.163500003468865618e+00,2.023751929292835872e+00
1.164000003470356370e+00,2.023751929292835872e+00
1.164500003471846901e+00,2.023751929292835872e+00
1.165000003473337653e+00,2.023751929292835872e+00
1.165500003474828405e+00,2.023751929292835872e+00
1.166000003476319158e+00,2.023751929292835872e+00
1.166500003477809688e+00,2.023751929292835872e+00
1.167000003479300441e+00,2.023751929292835872e+00
1.167500003480791193e+00,2.023751929292835872e+00
1.168000003482281945e+00,2.023751929292835872e+00
1.168500003483772698e+00,2.023751929292835872e+00
1.169000003485263228e+00,2.023751929292835872e+00
1.169500003486753981e+00,2.023751929292835872e+00
1.170000003488244733e+00,2.023751929292835872e+00
1.170500003489735485e+00,2.023751929292835872e+00
1.171000003491226016e+00,2.023751929292835872e+00
1.171500003492716768e+00,2.023751929292835872e+00
1.172000003494207521e+00,2.023751929292835872e+00
1.172500003495698273e+00,2.023751929292835872e+00
1.173000003497189025e+00,2.023751929292835872e+00
1.173500003498679556e+00,2.023751929292835872e+00
1.174000003500170308e+00,2.023751929292835872e+00
1.174500003501661061e+00,2.023751929292835872e+00
1.175000003503151813e+00,2.021009354608833686e+00
1.175500003504642343e+00,2.021009354608833686e+00
1.176000003506133096e+00,2.021009354608833686e+00
1.176500003507623848e+00,2.021009354608833686e+00
1.177000003509114601e+00,2.021009354608833686e+00
1.177500003510605131e+00,2.021009354608833686e+00
1.178000003512095883e+00,2.021009354608833686e+00
1.178500003513586636e+00,2.021009354608833686e+00
1.179000003515077388e+00,2.021009354608833686e+00
1.179500003516568141e+00,2.021009354608833686e+00
1.180000003518058671e+00,2.021009354608833686e+00
1.180500003519549423e+00,2.021009354608833686e+00
1.181000003521040176e+00,2.021009354608833686e+00
1.181500003522530928e+00,2.021009354608833686e+00
1.182000003524021459e+00,2.021009354608833686e+00
1.182500003525512211e+00,2.021009354608833686e+00
1.183000003527002963e+00,2.021009354608833686e+00
1.183500003528493716e+00,2.021009354608833686e+00
1.184000003529984468e+00,2.021009354608833686e+00
1.184500003531474999e+00,2.021009354608833686e+00
1.185000003532965751e+00,2.021009354608833686e+00
1.185500003534456503e+00,2.021009354608833686e+00
1.186000003535947256e+00,2.021009354608833686e+00
1.186500003537437786e+00,2.021009354608833686e+00
1.187000003538928539e+00,2.021009354608833686e+00
1.187500003540419291e+00,2.021009354608833686e+00
1.188000003541910043e+00,2.021009354608833686e+00
1.188500003543400796e+00,2.021009354608833686e+00
1.189000003544891326e+00,2.021009354608833686e+00
1.189500003546382079e+00,2.021009354608833686e+00
1.190000003547872831e+00,2.021009354608833686e+00
1.190500003549363583e+00,2.021009354608833686e+00
1.191000003550854114e+00,2.021009354608833686e+00
1.191500003552344866e+00,2.021009354608833686e+00
1.192000003553835619e+00,2.021009354608833686e+00
1.192500003555326371e+00,2.021009354608833686e+00
1.193000003556817123e+00,2.021009354608833686e+00
1.193500003558307654e+00,2.021009354608833686e+00
1.194000003559798406e+00,2.021009354608833686e+00
1.194500003561289159e+00,2.021009354608833686e+00
1.195000003562779911e+00,2.021009354608833686e+00
1.195500003564270441e+00,2.021009354608833686e+00
1.196000003565761194e+00,2.021009354608833686e+00
1.196500003567251946e+00,2.021009354608833686e+00
1.197000003568742699e+00,2.021009354608833686e+00
1.197500003570233451e+00,2.021009354608833686e+00
1.198000003571723981e+00,2.021009354608833686e+00
1.198500003573214734e+00,2.021009354608833686e+00
1.199000003574705486e+00,2.021009354608833686e+00
1.199500003576196239e+00,2.021009354608833686e+00
1.200000003577686769e+00,2.022990540851012042e+00
1.200500003579177521e+00,2.022990540851012042e+00
1.201000003580668274e+00,2.022990540851012042e+00
1.201500003582159026e+00,2.022990540851012042e+00
1.202000003583649779e+00,2.022990540851012042e+00
1.202500003585140309e+00,2.022990540851012042e+00
1.203000003586631061e+00,2.022990540851012042e+00
1.203500003588121814e+00,2.022990540851012042e+00
1.204000003589612566e+00,2.022990540851012042e+00
1.204500003591103097e+00,2.022990540851012042e+00
1.205000003592593849e+00,2.022990540851012042e+00
1.205500003594084601e+00,2.022990540851012042e+00
1.206000003595575354e+00,2.022990540851012042e+00
1.206500003597066106e+00,2.022990540851012042e+00
1.207000003598556637e+00,2.022990540851012042e+00
1.207500003600047389e+00,2.022990540851012042e+00
1.208000003601538141e+00,2.022990540851012042e+00
1.208500003603028894e+00,2.022990540851012042e+00
1.209000003604519424e+00,2.022990540851012042e+00
1.209500003606010177e+00,2.022990540851012042e+00
1.210000003607500929e+00,2.022990540851012042e+00
1.210500003608991682e+00,2.022990540851012042e+00
1.211000003610482434e+00,2.022990540851012042e+00
1.211500003611972964e+00,2.022990540851012042e+00
1.212000003613463717e+00,2.022990540851012042e+00
1.212500003614954469e+00,2.036844614656461605e+00
1.213000003616445222e+00,2.036844614656461605e+00
1.213500003617935752e+00,2.036844614656461605e+00
1.214000003619426504e+00,2.036844614656461605e+00
1.214500003620917257e+00,2.036844614656461605e+00
1.215000003622408009e+00,2.036844614656461605e+00
1.215500003623898762e+00,2.036844614656461605e+00
1.216000003625389292e+00,2.036844614656461605e+00
1.216500003626880044e+00,2.036844614656461605e+00
1.217000003628370797e+00,2.036844614656461605e+00
1.217500003629861549e+00,2.036844614656461605e+00
1.218000003631352079e+00,2.036844614656461605e+00
1.218500003632842832e+00,2.036844614656461605e+00
1.219000003634333584e+00,2.036844614656461605e+00
1.219500003635824337e+00,2.036844614656461605e+00
1.220000003637315089e+00,2.036844614656461605e+00
1.220500003638805619e+00,2.036844614656461605e+00
1.221000003640296372e+00,2.036844614656461605e+00
1.221500003641787124e+00,2.036844614656461605e+00
1.222000003643277877e+00,2.036844614656461605e+00
1.222500003644768407e+00,2.036844614656461605e+00
1.223000003646259159e+00,2.036844614656461605e+00
1.223500003647749912e+00,2.036844614656461605e+00
1.224000003649240664e+00,2.036844614656461605e+00
1.224500003650731417e+00,2.036844614656461605e+00
1.225000003652221947e+00,2.036844614656461605e+00
1.225500003653712700e+00,2.036844614656461605e+00
1.226000003655203452e+00,2.036844614656461605e+00
1.226500003656694204e+00,2.036844614656461605e+00
1.227000003658184735e+00,2.036844614656461605e+00
1.227500003659675487e+00,2.036844614656461605e+00
1.228000003661166240e+00,2.036844614656461605e+00
1.228500003662656992e+00,2.036844614656461605e+00
1.229000003664147744e+00,2.036844614656461605e+00
1.229500003665638275e+00,2.036844614656461605e+00
1.230000003667129027e+00,2.036844614656461605e+00
1.230500003668619780e+00,2.036844614656461605e+00
1.231000003670110532e+00,2.036844614656461605e+00
1.231500003671601062e+00,2.036844614656461605e+00
1.232000003673091815e+00,2.036844614656461605e+00
1.232500003674582567e+00,2.036844614656461605e+00
1.233000003676073320e+00,2.036844614656461605e+00
1.233500003677564072e+00,2.036844614656461605e+00
1.234000003679054602e+00,2.036844614656461605e+00
1.234500003680545355e+00,2.036844614656461605e+00
1.235000003682036107e+00,2.036844614656461605e+00
1.235500003683526860e+00,2.036844614656461605e+00
1.236000003685017390e+00,2.036844614656461605e+00
1.236500003686508142e+00,2.036844614656461605e+00
1.237000003687998895e+00,2.036844614656461605e+00
1.237500003689489647e+00,2.036844614656461605e+00
1.238000003690980177e+00,2.036844614656461605e+00
1.238500003692470930e+00,2.036844614656461605e+00
1.239000003693961682e+00,2.036844614656461605e+00
1.239500003695452435e+00,2.036844614656461605e+00
1.240000003696943187e+00,2.036844614656461605e+00
1.240500003698433718e+00,2.036844614656461605e+00
1.241000003699924470e+00,2.036844614656461605e+00
1.241500003701415222e+00,2.036844614656461605e+00
1.242000003702905975e+00,2.036844614656461605e+00
1.242500003704396505e+00,2.036844614656461605e+00
1.243000003705887258e+00,2.036844614656461605e+00
1.243500003707378010e+00,2.036844614656461605e+00
1.244000003708868762e+00,2.036844614656461605e+00
1.244500003710359515e+00,2.036844614656461605e+00
1.245000003711850045e+00,2.036844614656461605e+00
1.245500003713340798e+00,2.036844614656461605e+00
1.246000003714831550e+00,2.036844614656461605e+00
1.246500003716322302e+00,2.036844614656461605e+00
1.247000003717812833e+00,2.036844614656461605e+00
1.247500003719303585e+00,2.036844614656461605e+00
1.248000003720794338e+00,2.036844614656461605e+00
1.248500003722285090e+00,2.036844614656461605e+00
1.249000003723775842e+00,2.036844614656461605e+00
1.249500003725266373e+00,2.036844614656461605e+00
1.250000003726757125e+00,2.036844614656461605e+00
1.250500003728247878e+00,2.036844614656461605e+00
1.251000003729738630e+00,2.036844614656461605e+00
1.251500003731229160e+00,2.036844614656461605e+00
1.252000003732719913e+00,2.036844614656461605e+00
1.252500003734210665e+00,2.036844614656461605e+00
1.253000003735701418e+00,2.036844614656461605e+00
1.253500003737192170e+00,2.036844614656461605e+00
1.254000003738682700e+00,2.036844614656461605e+00
1.254500003740173453e+00,2.036844614656461605e+00
1.255000003741664205e+00,2.036844614656461605e+00
1.255500003743154958e+00,2.036844614656461605e+00
1.256000003744645488e+00,2.036844614656461605e+00
1.256500003746136240e+00,2.036844614656461605e+00
1.257000003747626993e+00,2.036844614656461605e+00
1.257500003749117745e+00,2.036844614656461605e+00
1.258000003750608498e+00,2.036844614656461605e+00
1.258500003752099028e+00,2.036844614656461605e+00
1.259000003753589780e+00,2.036844614656461605e+00
1.259500003755080533e+00,2.036844614656461605e+00
1.260000003756571285e+00,2.036844614656461605e+00
1.260500003758061816e+00,2.036844614656461605e+00
1.261000003759552568e+00,2.036844614656461605e+00
1.261500003761043320e+00,2.036844614656461605e+00
1.262000003762534073e+00,2.036844614656461605e+00
1.262500003764024825e+00,2.052093903084291071e+00
1.263000003765515356e+00,2.052093903084291071e+00
1.263500003767006108e+00,2.052093903084291071e+00
1.264000003768496860e+00,2.052093903084291071e+00
1.264500003769987613e+00,2.052093903084291071e+00
1.265000003771478143e+00,2.052093903084291071e+00
1.265500003772968896e+00,2.052093903084291071e+00
1.266000003774459648e+00,2.052093903084291071e+00
1.266500003775950400e+00,2.052093903084291071e+00
1.267000003777441153e+00,2.052093903084291071e+00
1.267500003778931683e+00,2.052093903084291071e+00
1.268000003780422436e+00,2.052093903084291071e+00
1.268500003781913188e+00,2.052093903084291071e+00
1.269000003783403940e+00,2.052093903084291071e+00
1.269500003784894471e+00,2.052093903084291071e+00
1.270000003786385223e+00,2.052093903084291071e+00
1.270500003787875976e+00,2.052093903084291071e+00
1.271000003789366728e+00,2.052093903084291071e+00
1.271500003790857480e+00,2.052093903084291071e+00
1.272000003792348011e+00,2.052093903084291071e+00
1.272500003793838763e+00,2.052093903084291071e+00
1.273000003795329516e+00,2.052093903084291071e+00
1.273500003796820268e+00,2.052093903084291071e+00
1.274000003798310798e+00,2.052093903084291071e+00
1.274500003799801551e+00,2.052093903084291071e+00
1.275000003801292303e+00,2.039791999225159636e+00
1.275500003802783056e+00,2.039791999225159636e+00
1.276000003804273808e+00,2.039791999225159636e+00
1.276500003805764338e+00,2.039791999225159636e+00
1.277000003807255091e+00,2.039791999225159636e+00
1.277500003808745843e+00,2.039791999225159636e+00
1.278000003810236596e+00,2.039791999225159636e+00
1.278500003811727126e+00,2.039791999225159636e+00
1.279000003813217878e+00,2.039791999225159636e+00
1.279500003814708631e+00,2.039791999225159636e+00
1.280000003816199383e+00,2.039791999225159636e+00
1.280500003817690136e+00,2.039791999225159636e+00
1.281000003819180666e+00,2.039791999225159636e+00
1.281500003820671418e+00,2.039791999225159636e+00
1.282000003822162171e+00,2.039791999225159636e+00
1.282500003823652923e+00,2.039791999225159636e+00
1.283000003825143454e+00,2.039791999225159636e+00
1.283500003826634206e+00,2.039791999225159636e+00
1.284000003828124958e+00,2.039791999225159636e+00
1.284500003829615711e+00,2.039791999225159636e+00
1.285000003831106463e+00,2.039791999225159636e+00
1.285500003832596994e+00,2.039791999225159636e+00
1.286000003834087746e+00,2.039791999225159636e+00
1.286500003835578498e+00,2.039791999225159636e+00
1.287000003837069251e+00,2.039791999225159636e+00
1.287500003838559781e+00,2.039791999225159636e+00
1.288000003840050534e+00,2.039791999225159636e+00
1.288500003841541286e+00,2.039791999225159636e+00
1.289000003843032038e+00,2.039791999225159636e+00
1.289500003844522791e+00,2.039791999225159636e+00
1.290000003846013321e+00,2.039791999225159636e+00
1.290500003847504074e+00,2.039791999225159636e+00
1.291000003848994826e+00,2.039791999225159636e+00
1.291500003850485578e+00,2.039791999225159636e+00
1.292000003851976109e+00,2.039791999225159636e+00
1.292500003853466861e+00,2.039791999225159636e+00
1.293000003854957614e+00,2.039791999225159636e+00
1.293500003856448366e+00,2.039791999225159636e+00
1.294000003857939118e+00,2.039791999225159636e+00
1.294500003859429649e+00,2.039791999225159636e+00
1.295000003860920401e+00,2.039791999225159636e+00
1.295500003862411154e+00,2.039791999225159636e+00
1.296000003863901906e+00,2.039791999225159636e+00
1.296500003865392436e+00,2.039791999225159636e+00
1.297000003866883189e+00,2.039791999225159636e+00
1.297500003868373941e+00,2.039791999225159636e+00
1.298000003869864694e+00,2.039791999225159636e+00
1.298500003871355224e+00,2.039791999225159636e+00
1.299000003872845976e+00,2.039791999225159636e+00
1.299500003874336729e+00,2.039791999225159636e+00
1.300000003875827481e+00,2.039791999225159636e+00
1.300500003877318234e+00,2.039791999225159636e+00
1.301000003878808764e+00,2.039791999225159636e+00
1.301500003880299516e+00,2.039791999225159636e+00
1.302000003881790269e+00,2.039791999225159636e+00
1.302500003883281021e+00,2.039791999225159636e+00
1.303000003884771552e+00,2.039791999225159636e+00
1.303500003886262304e+00,2.039791999225159636e+00
1.304000003887753056e+00,2.039791999225159636e+00
1.304500003889243809e+00,2.039791999225159636e+00
1.305000003890734561e+00,2.039791999225159636e+00
1.305500003892225092e+00,2.039791999225159636e+00
1.306000003893715844e+00,2.039791999225159636e+00
1.306500003895206596e+00,2.039791999225159636e+00
1.307000003896697349e+00,2.039791999225159636e+00
1.307500003898187879e+00,2.039791999225159636e+00
1.308000003899678632e+00,2.039791999225159636e+00
1.308500003901169384e+00,2.039791999225159636e+00
1.309000003902660136e+00,2.039791999225159636e+00
1.309500003904150889e+00,2.039791999225159636e+00
1.310000003905641419e+00,2.039791999225159636e+00
1.310500003907132172e+00,2.039791999225159636e+00
1.311000003908622924e+00,2.039791999225159636e+00
1.311500003910113676e+00,2.039791999225159636e+00
1.312000003911604207e+00,2.039791999225159636e+00
1.312500003913094959e+00,2.039791999225159636e+00
1.313000003914585712e+00,2.039791999225159636e+00
1.313500003916076464e+00,2.039791999225159636e+00
1.314000003917567216e+00,2.039791999225159636e+00
1.314500003919057747e+00,2.039791999225159636e+00
1.315000003920548499e+00,2.039791999225159636e+00
1.315500003922039252e+00,2.039791999225159636e+00
1.316000003923530004e+00,2.039791999225159636e+00
1.316500003925020534e+00,2.039791999225159636e+00
1.317000003926511287e+00,2.039791999225159636e+00
1.317500003928002039e+00,2.039791999225159636e+00
1.318000003929492792e+00,2.039791999225159636e+00
1.318500003930983544e+00,2.039791999225159636e+00
1.319000003932474074e+00,2.039791999225159636e+00
1.319500003933964827e+00,2.039791999225159636e+00
1.320000003935455579e+00,2.039791999225159636e+00
1.320500003936946332e+00,2.039791999225159636e+00
1.321000003938436862e+00,2.039791999225159636e+00
1.321500003939927614e+00,2.039791999225159636e+00
1.322000003941418367e+00,2.039791999225159636e+00
1.322500003942909119e+00,2.039791999225159636e+00
1.323000003944399872e+00,2.039791999225159636e+00
1.323500003945890402e+00,2.039791999225159636e+00
1.324000003947381154e+00,2.039791999225159636e+00
1.324500003948871907e+00,2.039791999225159636e+00
1.325000003950362659e+00,2.039791999225159636e+00
1.325500003951853190e+00,2.039791999225159636e+00
1.326000003953343942e+00,2.039791999225159636e+00
1.326500003954834694e+00,2.039791999225159636e+00
1.327000003956325447e+00,2.039791999225159636e+00
1.327500003957816199e+00,2.039791999225159636e+00
1.328000003959306730e+00,2.039791999225159636e+00
1.328500003960797482e+00,2.039791999225159636e+00
1.329000003962288234e+00,2.039791999225159636e+00
1.329500003963778987e+00,2.039791999225159636e+00
1.330000003965269517e+00,2.039791999225159636e+00
1.330500003966760270e+00,2.039791999225159636e+00
1.331000003968251022e+00,2.039791999225159636e+00
1.331500003969741774e+00,2.039791999225159636e+00
1.332000003971232527e+00,2.039791999225159636e+00
1.332500003972723057e+00,2.039791999225159636e+00
1.333000003974213810e+00,2.039791999225159636e+00
1.333500003975704562e+00,2.039791999225159636e+00
1.334000003977195314e+00,2.039791999225159636e+00
1.334500003978685845e+00,2.039791999225159636e+00
1.335000003980176597e+00,2.039791999225159636e+00
1.335500003981667350e+00,2.039791999225159636e+00
1.336000003983158102e+00,2.039791999225159636e+00
1.336500003984648854e+00,2.039791999225159636e+00
1.337000003986139385e+00,2.039791999225159636e+00
1.337500003987630137e+00,2.039791999225159636e+00
1.338000003989120890e+00,2.039791999225159636e+00
1.338500003990611642e+00,2.039791999225159636e+00
1.339000003992102172e+00,2.039791999225159636e+00
1.339500003993592925e+00,2.039791999225159636e+00
1.340000003995083677e+00,2.039791999225159636e+00
1.340500003996574430e+00,2.039791999225159636e+00
1.341000003998065182e+00,2.039791999225159636e+00
1.341500003999555712e+00,2.039791999225159636e+00
1.342000004001046465e+00,2.039791999225159636e+00
1.342500004002537217e+00,2.039791999225159636e+00
1.343000004004027970e+00,2.039791999225159636e+00
1.343500004005518500e+00,2.039791999225159636e+00
1.344000004007009252e+00,2.039791999225159636e+00
1.344500004008500005e+00,2.039791999225159636e+00
1.345000004009990757e+00,2.039791999225159636e+00
1.345500004011481510e+00,2.039791999225159636e+00
1.346000004012972040e+00,2.039791999225159636e+00
1.346500004014462792e+00,2.039791999225159636e+00
1.347000004015953545e+00,2.039791999225159636e+00
1.347500004017444297e+00,2.039791999225159636e+00
1.348000004018934828e+00,2.039791999225159636e+00
1.348500004020425580e+00,2.039791999225159636e+00
1.349000004021916332e+00,2.039791999225159636e+00
1.349500004023407085e+00,2.039791999225159636e+00
1.350000004024897837e+00,2.039791999225159636e+00
1.350500004026388368e+00,2.039791999225159636e+00
1.351000004027879120e+00,2.039791999225159636e+00
1.351500004029369872e+00,2.039791999225159636e+00
1.352000004030860625e+00,2.039791999225159636e+00
1.352500004032351155e+00,2.039791999225159636e+00
1.353000004033841908e+00,2.039791999225159636e+00
1.353500004035332660e+00,2.039791999225159636e+00
1.354000004036823412e+00,2.039791999225159636e+00
1.354500004038314165e+00,2.039791999225159636e+00
1.355000004039804695e+00,2.039791999225159636e+00
1.355500004041295448e+00,2.039791999225159636e+00
1.356000004042786200e+00,2.039791999225159636e+00
1.356500004044276952e+00,2.039791999225159636e+00
1.357000004045767483e+00,2.039791999225159636e+00
1.357500004047258235e+00,2.039791999225159636e+00
1.358000004048748988e+00,2.039791999225159636e+00
1.358500004050239740e+00,2.039791999225159636e+00
1.359000004051730270e+00,2.039791999225159636e+00
1.359500004053221023e+00,2.039791999225159636e+00
1.360000004054711775e+00,2.039791999225159636e+00
1.360500004056202528e+00,2.039791999225159636e+00
1.361000004057693280e+00,2.039791999225159636e+00
1.361500004059183810e+00,2.039791999225159636e+00
1.362000004060674563e+00,2.039791999225159636e+00
1.362500004062165315e+00,2.039791999225159636e+00
1.363000004063656068e+00,2.039791999225159636e+00
1.363500004065146598e+00,2.039791999225159636e+00
1.364000004066637350e+00,2.039791999225159636e+00
1.364500004068128103e+00,2.039791999225159636e+00
1.365000004069618855e+00,2.039791999225159636e+00
1.365500004071109608e+00,2.039791999225159636e+00
1.366000004072600138e+00,2.039791999225159636e+00
1.366500004074090890e+00,2.039791999225159636e+00
1.367000004075581643e+00,2.039791999225159636e+00
1.367500004077072395e+00,2.039791999225159636e+00
1.368000004078562926e+00,2.039791999225159636e+00
1.368500004080053678e+00,2.039791999225159636e+00
1.369000004081544430e+00,2.039791999225159636e+00
1.369500004083035183e+00,2.039791999225159636e+00
1.370000004084525935e+00,2.039791999225159636e+00
1.370500004086016466e+00,2.039791999225159636e+00
1.371000004087507218e+00,2.039791999225159636e+00
1.371500004088997970e+00,2.039791999225159636e+00
1.372000004090488723e+00,2.039791999225159636e+00
1.372500004091979253e+00,2.039791999225159636e+00
1.373000004093470006e+00,2.039791999225159636e+00
1.373500004094960758e+00,2.039791999225159636e+00
1.374000004096451510e+00,2.039791999225159636e+00
1.374500004097942263e+00,2.039791999225159636e+00
1.375000004099432793e+00,2.039791999225159636e+00
1.375500004100923546e+00,2.039791999225159636e+00
1.376000004102414298e+00,2.039791999225159636e+00
1.376500004103905050e+00,2.039791999225159636e+00
1.377000004105395581e+00,2.039791999225159636e+00
1.377500004106886333e+00,2.039791999225159636e+00
1.378000004108377086e+00,2.039791999225159636e+00
1.378500004109867838e+00,2.039791999225159636e+00
1.379000004111358590e+00,2.039791999225159636e+00
1.379500004112849121e+00,2.039791999225159636e+00
1.380000004114339873e+00,2.039791999225159636e+00
1.380500004115830626e+00,2.039791999225159636e+00
1.381000004117321378e+00,2.039791999225159636e+00
1.381500004118811908e+00,2.039791999225159636e+00
1.382000004120302661e+00,2.039791999225159636e+00
1.382500004121793413e+00,2.039791999225159636e+00
1.383000004123284166e+00,2.039791999225159636e+00
1.383500004124774918e+00,2.039791999225159636e+00
1.384000004126265448e+00,2.039791999225159636e+00
1.384500004127756201e+00,2.039791999225159636e+00
1.385000004129246953e+00,2.039791999225159636e+00
1.385500004130737706e+00,2.039791999225159636e+00
1.386000004132228236e+00,2.039791999225159636e+00
1.386500004133718988e+00,2.039791999225159636e+00
1.387000004135209741e+00,2.039791999225159636e+00
1.387500004136700493e+00,2.039791999225159636e+00
1.388000004138191246e+00,2.039791999225159636e+00
1.388500004139681776e+00,2.039791999225159636e+00
1.389000004141172528e+00,2.039791999225159636e+00
1.389500004142663281e+00,2.039791999225159636e+00
1.390000004144154033e+00,2.039791999225159636e+00
1.390500004145644564e+00,2.039791999225159636e+00
1.391000004147135316e+00,2.039791999225159636e+00
1.391500004148626068e+00,2.039791999225159636e+00
1.392000004150116821e+00,2.039791999225159636e+00
1.392500004151607573e+00,2.039791999225159636e+00
1.393000004153098104e+00,2.039791999225159636e+00
1.393500004154588856e+00,2.039791999225159636e+00
1.394000004156079608e+00,2.039791999225159636e+00
1.394500004157570361e+00,2.039791999225159636e+00
1.395000004159060891e+00,2.039791999225159636e+00
1.395500004160551644e+00,2.039791999225159636e+00
1.396000004162042396e+00,2.039791999225159636e+00
1.396500004163533148e+00,2.039791999225159636e+00
1.397000004165023901e+00,2.039791999225159636e+00
1.397500004166514431e+00,2.039791999225159636e+00
1.398000004168005184e+00,2.039791999225159636e+00
1.398500004169495936e+00,2.039791999225159636e+00
1.399000004170986688e+00,2.039791999225159636e+00
1.399500004172477219e+00,2.039791999225159636e+00
1.400000004173967971e+00,2.033938056057405852e+00
1.400500004175458724e+00,2.033938056057405852e+00
1.401000004176949476e+00,2.033938056057405852e+00
1.401500004178440228e+00,2.033938056057405852e+00
1.402000004179930759e+00,2.033938056057405852e+00
1.402500004181421511e+00,2.033938056057405852e+00
1.403000004182912264e+00,2.033938056057405852e+00
1.403500004184403016e+00,2.033938056057405852e+00
1.404000004185893546e+00,2.033938056057405852e+00
1.404500004187384299e+00,2.033938056057405852e+00
1.405000004188875051e+00,2.033938056057405852e+00
1.405500004190365804e+00,2.033938056057405852e+00
1.406000004191856556e+00,2.033938056057405852e+00
1.406500004193347086e+00,2.033938056057405852e+00
1.407000004194837839e+00,2.033938056057405852e+00
1.407500004196328591e+00,2.033938056057405852e+00
1.408000004197819344e+00,2.033938056057405852e+00
1.408500004199309874e+00,2.033938056057405852e+00
1.409000004200800626e+00,2.033938056057405852e+00
1.409500004202291379e+00,2.033938056057405852e+00
1.410000004203782131e+00,2.033938056057405852e+00
1.410500004205272884e+00,2.033938056057405852e+00
1.411000004206763414e+00,2.033938056057405852e+00
1.411500004208254166e+00,2.033938056057405852e+00
1.412000004209744919e+00,2.033938056057405852e+00
1.412500004211235671e+00,2.033938056057405852e+00
1.413000004212726202e+00,2.033938056057405852e+00
1.413500004214216954e+00,2.033938056057405852e+00
1.414000004215707706e+00,2.033938056057405852e+00
1.414500004217198459e+00,2.033938056057405852e+00
1.415000004218689211e+00,2.033938056057405852e+00
1.415500004220179742e+00,2.033938056057405852e+00
1.416000004221670494e+00,2.033938056057405852e+00
1.416500004223161246e+00,2.033938056057405852e+00
1.417000004224651999e+00,2.033938056057405852e+00
1.417500004226142529e+00,2.033938056057405852e+00
1.418000004227633282e+00,2.033938056057405852e+00
1.418500004229124034e+00,2.033938056057405852e+00
1.419000004230614786e+00,2.033938056057405852e+00
1.419500004232105317e+00,2.033938056057405852e+00
1.420000004233596069e+00,2.033938056057405852e+00
1.420500004235086822e+00,2.033938056057405852e+00
1.421000004236577574e+00,2.033938056057405852e+00
1.421500004238068327e+00,2.033938056057405852e+00
1.422000004239558857e+00,2.033938056057405852e+00
1.422500004241049609e+00,2.033938056057405852e+00
1.423000004242540362e+00,2.033938056057405852e+00
1.423500004244031114e+00,2.033938056057405852e+00
1.424000004245521644e+00,2.033938056057405852e+00
1.424500004247012397e+00,2.033938056057405852e+00
1.425000004248503149e+00,2.033938056057405852e+00
1.425500004249993902e+00,2.033938056057405852e+00
1.426000004251484654e+00,2.033938056057405852e+00
1.426500004252975184e+00,2.033938056057405852e+00
1.427000004254465937e+00,2.033938056057405852e+00
1.427500004255956689e+00,2.033938056057405852e+00
1.428000004257447442e+00,2.033938056057405852e+00
1.428500004258937972e+00,2.033938056057405852e+00
1.429000004260428724e+00,2.033938056057405852e+00
1.429500004261919477e+00,2.033938056057405852e+00
1.430000004263410229e+00,2.033938056057405852e+00
1.430500004264900982e+00,2.033938056057405852e+00
1.431000004266391512e+00,2.033938056057405852e+00
1.431500004267882264e+00,2.033938056057405852e+00
1.432000004269373017e+00,2.033938056057405852e+00
1.432500004270863769e+00,2.033938056057405852e+00
1.433000004272354300e+00,2.033938056057405852e+00
1.433500004273845052e+00,2.033938056057405852e+00
1.434000004275335804e+00,2.033938056057405852e+00
1.434500004276826557e+00,2.033938056057405852e+00
1.435000004278317309e+00,2.033938056057405852e+00
1.435500004279807840e+00,2.033938056057405852e+00
1.436000004281298592e+00,2.033938056057405852e+00
1.436500004282789345e+00,2.033938056057405852e+00
1.437000004284280097e+00,2.033938056057405852e+00
1.437500004285770627e+00,2.033938056057405852e+00
1.438000004287261380e+00,2.033938056057405852e+00
1.438500004288752132e+00,2.033938056057405852e+00
1.439000004290242885e+00,2.033938056057405852e+00
1.439500004291733637e+00,2.033938056057405852e+00
1.440000004293224167e+00,2.033938056057405852e+00
1.440500004294714920e+00,2.033938056057405852e+00
1.441000004296205672e+00,2.033938056057405852e+00
1.441500004297696425e+00,2.033938056057405852e+00
1.442000004299186955e+00,2.033938056057405852e+00
1.442500004300677707e+00,2.033938056057405852e+00
1.443000004302168460e+00,2.033938056057405852e+00
1.443500004303659212e+00,2.033938056057405852e+00
1.444000004305149965e+00,2.033938056057405852e+00
1.444500004306640495e+00,2.033938056057405852e+00
1.445000004308131247e+00,2.033938056057405852e+00
1.445500004309622000e+00,2.033938056057405852e+00
1.446000004311112752e+00,2.033938056057405852e+00
1.446500004312603282e+00,2.033938056057405852e+00
1.447000004314094035e+00,2.033938056057405852e+00
1.447500004315584787e+00,2.033938056057405852e+00
1.448000004317075540e+00,2.033938056057405852e+00
1.448500004318566292e+00,2.033938056057405852e+00
1.449000004320056822e+00,2.033938056057405852e+00
1.449500004321547575e+00,2.033938056057405852e+00
1.450000004323038327e+00,2.033938056057405852e+00
1.450500004324529080e+00,2.033938056057405852e+00
1.451000004326019610e+00,2.033938056057405852e+00
1.451500004327510363e+00,2.033938056057405852e+00
1.452000004329001115e+00,2.033938056057405852e+00
1.452500004330491867e+00,2.033938056057405852e+00
1.453000004331982620e+00,2.033938056057405852e+00
1.453500004333473150e+00,2.033938056057405852e+00
1.454000004334963903e+00,2.033938056057405852e+00
1.454500004336454655e+00,2.033938056057405852e+00
1.455000004337945407e+00,2.033938056057405852e+00
1.455500004339435938e+00,2.033938056057405852e+00
1.456000004340926690e+00,2.033938056057405852e+00
1.456500004342417443e+00,2.033938056057405852e+00
1.457000004343908195e+00,2.033938056057405852e+00
1.457500004345398947e+00,2.033938056057405852e+00
1.458000004346889478e+00,2.033938056057405852e+00
1.458500004348380230e+00,2.033938056057405852e+00
1.459000004349870983e+00,2.033938056057405852e+00
1.459500004351361735e+00,2.033938056057405852e+00
1.460000004352852265e+00,2.033938056057405852e+00
1.460500004354343018e+00,2.033938056057405852e+00
1.461000004355833770e+00,2.033938056057405852e+00
1.461500004357324523e+00,2.033938056057405852e+00
1.462000004358815275e+00,2.033938056057405852e+00
1.462500004360305805e+00,2.048838145155314372e+00
1.463000004361796558e+00,2.048838145155314372e+00
1.463500004363287310e+00,2.048838145155314372e+00
1.464000004364778063e+00,2.048838145155314372e+00
1.464500004366268593e+00,2.048838145155314372e+00
1.465000004367759345e+00,2.048838145155314372e+00
1.465500004369250098e+00,2.048838145155314372e+00
1.466000004370740850e+00,2.048838145155314372e+00
1.466500004372231603e+00,2.048838145155314372e+00
1.467000004373722133e+00,2.048838145155314372e+00
1.467500004375212885e+00,2.048838145155314372e+00
1.468000004376703638e+00,2.048838145155314372e+00
1.468500004378194390e+00,2.048838145155314372e+00
1.469000004379684921e+00,2.048838145155314372e+00
1.469500004381175673e+00,2.048838145155314372e+00
1.470000004382666425e+00,2.048838145155314372e+00
1.470500004384157178e+00,2.048838145155314372e+00
1.471000004385647930e+00,2.048838145155314372e+00
1.471500004387138461e+00,2.048838145155314372e+00
1.472000004388629213e+00,2.048838145155314372e+00
1.472500004390119965e+00,2.048838145155314372e+00
1.473000004391610718e+00,2.048838145155314372e+00
1.473500004393101248e+00,2.048838145155314372e+00
1.474000004394592001e+00,2.048838145155314372e+00
1.474500004396082753e+00,2.048838145155314372e+00
1.475000004397573505e+00,2.049642198248959435e+00
1.475500004399064258e+00,2.049642198248959435e+00
1.476000004400554788e+00,2.049642198248959435e+00
1.476500004402045541e+00,2.049642198248959435e+00
1.477000004403536293e+00,2.049642198248959435e+00
1.477500004405027045e+00,2.049642198248959435e+00
1.478000004406517576e+00,2.049642198248959435e+00
1.478500004408008328e+00,2.049642198248959435e+00
1.479000004409499081e+00,2.049642198248959435e+00
1.479500004410989833e+00,2.049642198248959435e+00
1.480000004412480363e+00,2.049642198248959435e+00
1.480500004413971116e+00,2.049642198248959435e+00
1.481000004415461868e+00,2.049642198248959435e+00
1.481500004416952621e+00,2.049642198248959435e+00
1.482000004418443373e+00,2.049642198248959435e+00
1.482500004419933903e+00,2.049642198248959435e+00
1.483000004421424656e+00,2.049642198248959435e+00
1.483500004422915408e+00,2.049642198248959435e+00
1.484000004424406161e+00,2.049642198248959435e+00
1.484500004425896691e+00,2.049642198248959435e+00
1.485000004427387443e+00,2.049642198248959435e+00
1.485500004428878196e+00,2.049642198248959435e+00
1.486000004430368948e+00,2.049642198248959435e+00
1.486500004431859701e+00,2.049642198248959435e+00
1.487000004433350231e+00,2.049642198248959435e+00
1.487500004434840983e+00,2.033104098880266886e+00
1.488000004436331736e+00,2.033104098880266886e+00
1.488500004437822488e+00,2.033104098880266886e+00
1.489000004439313019e+00,2.033104098880266886e+00
1.489500004440803771e+00,2.033104098880266886e+00
1.490000004442294523e+00,2.033104098880266886e+00
1.490500004443785276e+00,2.033104098880266886e+00
1.491000004445276028e+00,2.033104098880266886e+00
1.491500004446766559e+00,2.033104098880266886e+00
1.492000004448257311e+00,2.033104098880266886e+00
1.492500004449748063e+00,2.033104098880266886e+00
1.493000004451238816e+00,2.033104098880266886e+00
1.493500004452729346e+00,2.033104098880266886e+00
1.494000004454220099e+00,2.033104098880266886e+00
1.494500004455710851e+00,2.033104098880266886e+00
1.495000004457201603e+00,2.033104098880266886e+00
1.495500004458692356e+00,2.033104098880266886e+00
1.496000004460182886e+00,2.033104098880266886e+00
1.496500004461673639e+00,2.033104098880266886e+00
1.497000004463164391e+00,2.033104098880266886e+00
1.497500004464655143e+00,2.033104098880266886e+00
1.498000004466145674e+00,2.033104098880266886e+00
1.498500004467636426e+00,2.033104098880266886e+00
1.499000004469127179e+00,2.033104098880266886e+00
1.499500004470617931e+00,2.033104098880266886e+00
1.500000004472108683e+00,2.033104098880266886e+00
1.500500004473599214e+00,2.033104098880266886e+00
1.501000004475089966e+00,2.033104098880266886e+00
1.501500004476580719e+00,2.033104098880266886e+00
1.502000004478071471e+00,2.033104098880266886e+00
1.502500004479562001e+00,2.033104098880266886e+00
1.503000004481052754e+00,2.033104098880266886e+00
1.503500004482543506e+00,2.033104098880266886e+00
1.504000004484034259e+00,2.033104098880266886e+00
1.504500004485525011e+00,2.033104098880266886e+00
1.505000004487015541e+00,2.033104098880266886e+00
1.505500004488506294e+00,2.033104098880266886e+00
1.506000004489997046e+00,2.033104098880266886e+00
1.506500004491487799e+00,2.033104098880266886e+00
1.507000004492978329e+00,2.033104098880266886e+00
1.507500004494469081e+00,2.033104098880266886e+00
1.508000004495959834e+00,2.033104098880266886e+00
1.508500004497450586e+00,2.033104098880266886e+00
1.509000004498941339e+00,2.033104098880266886e+00
1.509500004500431869e+00,2.033104098880266886e+00
1.510000004501922621e+00,2.033104098880266886e+00
1.510500004503413374e+00,2.033104098880266886e+00
1.511000004504904126e+00,2.033104098880266886e+00
1.511500004506394657e+00,2.033104098880266886e+00
1.512000004507885409e+00,2.033104098880266886e+00
1.512500004509376161e+00,2.033104098880266886e+00
1.513000004510866914e+00,2.033104098880266886e+00
1.513500004512357666e+00,2.033104098880266886e+00
1.514000004513848197e+00,2.033104098880266886e+00
1.514500004515338949e+00,2.033104098880266886e+00
1.515000004516829701e+00,2.033104098880266886e+00
1.515500004518320454e+00,2.033104098880266886e+00
1.516000004519810984e+00,2.033104098880266886e+00
1.516500004521301737e+00,2.033104098880266886e+00
1.517000004522792489e+00,2.033104098880266886e+00
1.517500004524283241e+00,2.033104098880266886e+00
1.518000004525773994e+00,2.033104098880266886e+00
1.518500004527264524e+00,2.033104098880266886e+00
1.519000004528755277e+00,2.033104098880266886e+00
1.519500004530246029e+00,2.033104098880266886e+00
1.520000004531736781e+00,2.033104098880266886e+00
1.520500004533227312e+00,2.033104098880266886e+00
1.521000004534718064e+00,2.033104098880266886e+00
1.521500004536208817e+00,2.033104098880266886e+00
1.522000004537699569e+00,2.033104098880266886e+00
1.522500004539190321e+00,2.033104098880266886e+00
1.523000004540680852e+00,2.033104098880266886e+00
1.523500004542171604e+00,2.033104098880266886e+00
1.524000004543662357e+00,2.033104098880266886e+00
1.524500004545153109e+00,2.033104098880266886e+00
1.525000004546643639e+00,2.033104098880266886e+00
1.525500004548134392e+00,2.033104098880266886e+00
1.526000004549625144e+00,2.033104098880266886e+00
1.526500004551115897e+00,2.033104098880266886e+00
1.527000004552606649e+00,2.033104098880266886e+00
1.527500004554097179e+00,2.033104098880266886e+00
1.528000004555587932e+00,2.033104098880266886e+00
1.528500004557078684e+00,2.033104098880266886e+00
1.529000004558569437e+00,2.033104098880266886e+00
1.529500004560059967e+00,2.033104098880266886e+00
1.530000004561550719e+00,2.033104098880266886e+00
1.530500004563041472e+00,2.033104098880266886e+00
1.531000004564532224e+00,2.033104098880266886e+00
1.531500004566022977e+00,2.033104098880266886e+00
1.532000004567513507e+00,2.033104098880266886e+00
1.532500004569004259e+00,2.033104098880266886e+00
1.533000004570495012e+00,2.033104098880266886e+00
1.533500004571985764e+00,2.033104098880266886e+00
1.534000004573476295e+00,2.033104098880266886e+00
1.534500004574967047e+00,2.033104098880266886e+00
1.535000004576457799e+00,2.033104098880266886e+00
1.535500004577948552e+00,2.033104098880266886e+00
1.536000004579439082e+00,2.033104098880266886e+00
1.536500004580929835e+00,2.033104098880266886e+00
1.537000004582420587e+00,2.033104098880266886e+00
1.537500004583911339e+00,2.050028044091844581e+00
1.538000004585402092e+00,2.050028044091844581e+00
1.538500004586892622e+00,2.050028044091844581e+00
1.539000004588383375e+00,2.050028044091844581e+00
1.539500004589874127e+00,2.050028044091844581e+00
1.540000004591364879e+00,2.050028044091844581e+00
1.540500004592855410e+00,2.050028044091844581e+00
1.541000004594346162e+00,2.050028044091844581e+00
1.541500004595836915e+00,2.050028044091844581e+00
1.542000004597327667e+00,2.050028044091844581e+00
1.542500004598818419e+00,2.050028044091844581e+00
1.543000004600308950e+00,2.050028044091844581e+00
1.543500004601799702e+00,2.050028044091844581e+00
1.544000004603290455e+00,2.050028044091844581e+00
1.544500004604781207e+00,2.050028044091844581e+00
1.545000004606271737e+00,2.050028044091844581e+00
1.545500004607762490e+00,2.050028044091844581e+00
1.546000004609253242e+00,2.050028044091844581e+00
1.546500004610743995e+00,2.050028044091844581e+00
1.547000004612234747e+00,2.050028044091844581e+00
1.547500004613725277e+00,2.050028044091844581e+00
1.548000004615216030e+00,2.050028044091844581e+00
1.548500004616706782e+00,2.050028044091844581e+00
1.549000004618197535e+00,2.050028044091844581e+00
1.549500004619688065e+00,2.050028044091844581e+00
1.550000004621178817e+00,2.050337245306287581e+00
1.550500004622669570e+00,2.050337245306287581e+00
1.551000004624160322e+00,2.050337245306287581e+00
1.551500004625651075e+00,2.050337245306287581e+00
1.552000004627141605e+00,2.050337245306287581e+00
1.552500004628632357e+00,2.050337245306287581e+00
1.553000004630123110e+00,2.050337245306287581e+00
1.553500004631613862e+00,2.050337245306287581e+00
1.554000004633104393e+00,2.050337245306287581e+00
1.554500004634595145e+00,2.050337245306287581e+00
1.555000004636085897e+00,2.050337245306287581e+00
1.555500004637576650e+00,2.050337245306287581e+00
1.556000004639067402e+00,2.050337245306287581e+00
1.556500004640557933e+00,2.050337245306287581e+00
1.557000004642048685e+00,2.050337245306287581e+00
1.557500004643539437e+00,2.050337245306287581e+00
1.558000004645030190e+00,2.050337245306287581e+00
1.558500004646520720e+00,2.050337245306287581e+00
1.559000004648011473e+00,2.050337245306287581e+00
1.559500004649502225e+00,2.050337245306287581e+00
1.560000004650992977e+00,2.050337245306287581e+00
1.560500004652483730e+00,2.050337245306287581e+00
1.561000004653974260e+00,2.050337245306287581e+00
1.561500004655465013e+00,2.050337245306287581e+00
1.562000004656955765e+00,2.050337245306287581e+00
1.562500004658446517e+00,2.050337245306287581e+00
1.563000004659937048e+00,2.050337245306287581e+00
1.563500004661427800e+00,2.050337245306287581e+00
1.564000004662918553e+00,2.050337245306287581e+00
1.564500004664409305e+00,2.050337245306287581e+00
1.565000004665900057e+00,2.050337245306287581e+00
1.565500004667390588e+00,2.050337245306287581e+00
1.566000004668881340e+00,2.050337245306287581e+00
1.566500004670372093e+00,2.050337245306287581e+00
1.567000004671862845e+00,2.050337245306287581e+00
1.567500004673353375e+00,2.050337245306287581e+00
1.568000004674844128e+00,2.050337245306287581e+00
1.568500004676334880e+00,2.050337245306287581e+00
1.569000004677825633e+00,2.050337245306287581e+00
1.569500004679316385e+00,2.050337245306287581e+00
1.570000004680806915e+00,2.050337245306287581e+00
1.570500004682297668e+00,2.050337245306287581e+00
1.571000004683788420e+00,2.050337245306287581e+00
1.571500004685279173e+00,2.050337245306287581e+00
1.572000004686769703e+00,2.050337245306287581e+00
1.572500004688260455e+00,2.050337245306287581e+00
1.573000004689751208e+00,2.050337245306287581e+00
1.573500004691241960e+00,2.050337245306287581e+00
1.574000004692732713e+00,2.050337245306287581e+00
1.574500004694223243e+00,2.050337245306287581e+00
1.575000004695713995e+00,2.063944627906162843e+00
1.575500004697204748e+00,2.063944627906162843e+00
1.576000004698695500e+00,2.063944627906162843e+00
1.576500004700186031e+00,2.063944627906162843e+00
1.577000004701676783e+00,2.063944627906162843e+00
1.577500004703167535e+00,2.063944627906162843e+00
1.578000004704658288e+00,2.063944627906162843e+00
1.578500004706149040e+00,2.063944627906162843e+00
1.579000004707639571e+00,2.063944627906162843e+00
1.579500004709130323e+00,2.063944627906162843e+00
1.580000004710621075e+00,2.063944627906162843e+00
1.580500004712111828e+00,2.063944627906162843e+00
1.581000004713602358e+00,2.063944627906162843e+00
1.581500004715093111e+00,2.063944627906162843e+00
1.582000004716583863e+00,2.063944627906162843e+00
1.582500004718074615e+00,2.063944627906162843e+00
1.583000004719565368e+00,2.063944627906162843e+00
1.583500004721055898e+00,2.063944627906162843e+00
1.584000004722546651e+00,2.063944627906162843e+00
1.584500004724037403e+00,2.063944627906162843e+00
1.585000004725528155e+00,2.063944627906162843e+00
1.585500004727018686e+00,2.063944627906162843e+00
1.586000004728509438e+00,2.063944627906162843e+00
1.586500004730000191e+00,2.063944627906162843e+00
1.587000004731490943e+00,2.063944627906162843e+00
1.587500004732981695e+00,2.063944627906162843e+00
1.588000004734472226e+00,2.063944627906162843e+00
1.588500004735962978e+00,2.063944627906162843e+00
1.589000004737453731e+00,2.063944627906162843e+00
1.589500004738944483e+00,2.063944627906162843e+00
1.590000004740435013e+00,2.063944627906162843e+00
1.590500004741925766e+00,2.063944627906162843e+00
1.591000004743416518e+00,2.063944627906162843e+00
1.591500004744907271e+00,2.063944627906162843e+00
1.592000004746398023e+00,2.063944627906162843e+00
1.592500004747888553e+00,2.063944627906162843e+00
1.593000004749379306e+00,2.063944627906162843e+00
1.593500004750870058e+00,2.063944627906162843e+00
1.594000004752360811e+00,2.063944627906162843e+00
1.594500004753851341e+00,2.063944627906162843e+00
1.595000004755342093e+00,2.063944627906162843e+00
1.595500004756832846e+00,2.063944627906162843e+00
1.596000004758323598e+00,2.063944627906162843e+00
1.596500004759814129e+00,2.063944627906162843e+00
1.597000004761304881e+00,2.063944627906162843e+00
1.597500004762795633e+00,2.063944627906162843e+00
1.598000004764286386e+00,2.063944627906162843e+00
1.598500004765777138e+00,2.063944627906162843e+00
1.599000004767267669e+00,2.063944627906162843e+00
1.599500004768758421e+00,2.063944627906162843e+00
1.600000004770249173e+00,2.063944627906162843e+00
1.600500004771739926e+00,2.063944627906162843e+00
1.601000004773230456e+00,2.063944627906162843e+00
1.601500004774721209e+00,2.063944627906162843e+00
1.602000004776211961e+00,2.063944627906162843e+00
1.602500004777702713e+00,2.063944627906162843e+00
1.603000004779193466e+00,2.063944627906162843e+00
1.603500004780683996e+00,2.063944627906162843e+00
1.604000004782174749e+00,2.063944627906162843e+00
1.604500004783665501e+00,2.063944627906162843e+00
1.605000004785156253e+00,2.063944627906162843e+00
1.605500004786646784e+00,2.063944627906162843e+00
1.606000004788137536e+00,2.063944627906162843e+00
1.606500004789628289e+00,2.063944627906162843e+00
1.607000004791119041e+00,2.063944627906162843e+00
1.607500004792609793e+00,2.063944627906162843e+00
1.608000004794100324e+00,2.063944627906162843e+00
1.608500004795591076e+00,2.063944627906162843e+00
1.609000004797081829e+00,2.063944627906162843e+00
1.609500004798572581e+00,2.063944627906162843e+00
1.610000004800063111e+00,2.063944627906162843e+00
1.610500004801553864e+00,2.063944627906162843e+00
1.611000004803044616e+00,2.063944627906162843e+00
1.611500004804535369e+00,2.063944627906162843e+00
1.612000004806026121e+00,2.063944627906162843e+00
1.612500004807516651e+00,2.082555634135590861e+00
1.613000004809007404e+00,2.082555634135590861e+00
1.613500004810498156e+00,2.082555634135590861e+00
1.614000004811988909e+00,2.082555634135590861e+00
1.614500004813479439e+00,2.082555634135590861e+00
1.615000004814970191e+00,2.082555634135590861e+00
1.615500004816460944e+00,2.082555634135590861e+00
1.616000004817951696e+00,2.082555634135590861e+00
1.616500004819442449e+00,2.082555634135590861e+00
1.617000004820932979e+00,2.082555634135590861e+00
1.617500004822423731e+00,2.082555634135590861e+00
1.618000004823914484e+00,2.082555634135590861e+00
1.618500004825405236e+00,2.082555634135590861e+00
1.619000004826895767e+00,2.082555634135590861e+00
1.619500004828386519e+00,2.082555634135590861e+00
1.620000004829877271e+00,2.082555634135590861e+00
1.620500004831368024e+00,2.082555634135590861e+00
1.621000004832858776e+00,2.082555634135590861e+00
1.621500004834349307e+00,2.082555634135590861e+00
1.622000004835840059e+00,2.082555634135590861e+00
1.622500004837330811e+00,2.082555634135590861e+00
1.623000004838821564e+00,2.082555634135590861e+00
1.623500004840312094e+00,2.082555634135590861e+00
1.624000004841802847e+00,2.082555634135590861e+00
1.624500004843293599e+00,2.082555634135590861e+00
1.625000004844784351e+00,2.077681162341721954e+00
1.625500004846275104e+00,2.077681162341721954e+00
1.626000004847765634e+00,2.077681162341721954e+00
1.626500004849256387e+00,2.077681162341721954e+00
1.627000004850747139e+00,2.077681162341721954e+00
1.627500004852237891e+00,2.077681162341721954e+00
1.628000004853728422e+00,2.077681162341721954e+00
1.628500004855219174e+00,2.077681162341721954e+00
1.629000004856709927e+00,2.077681162341721954e+00
1.629500004858200679e+00,2.077681162341721954e+00
1.630000004859691431e+00,2.077681162341721954e+00
1.630500004861181962e+00,2.077681162341721954e+00
1.631000004862672714e+00,2.077681162341721954e+00
1.631500004864163467e+00,2.077681162341721954e+00
1.632000004865654219e+00,2.077681162341721954e+00
1.632500004867144749e+00,2.077681162341721954e+00
1.633000004868635502e+00,2.077681162341721954e+00
1.633500004870126254e+00,2.077681162341721954e+00
1.634000004871617007e+00,2.077681162341721954e+00
1.634500004873107759e+00,2.077681162341721954e+00
1.635000004874598289e+00,2.077681162341721954e+00
1.635500004876089042e+00,2.077681162341721954e+00
1.636000004877579794e+00,2.077681162341721954e+00
1.636500004879070547e+00,2.077681162341721954e+00
1.637000004880561077e+00,2.077681162341721954e+00
1.637500004882051829e+00,2.077681162341721954e+00
1.638000004883542582e+00,2.077681162341721954e+00
1.638500004885033334e+00,2.077681162341721954e+00
1.639000004886524087e+00,2.077681162341721954e+00
1.639500004888014617e+00,2.077681162341721954e+00
1.640000004889505369e+00,2.077681162341721954e+00
1.640500004890996122e+00,2.077681162341721954e+00
1.641000004892486874e+00,2.077681162341721954e+00
1.641500004893977405e+00,2.077681162341721954e+00
1.642000004895468157e+00,2.077681162341721954e+00
1.642500004896958909e+00,2.077681162341721954e+00
1.643000004898449662e+00,2.077681162341721954e+00
1.643500004899940414e+00,2.077681162341721954e+00
1.644000004901430945e+00,2.077681162341721954e+00
1.644500004902921697e+00,2.077681162341721954e+00
1.645000004904412449e+00,2.077681162341721954e+00
1.645500004905903202e+00,2.077681162341721954e+00
1.646000004907393732e+00,2.077681162341721954e+00
1.646500004908884485e+00,2.077681162341721954e+00
1.647000004910375237e+00,2.077681162341721954e+00
1.647500004911865989e+00,2.077681162341721954e+00
1.648000004913356742e+00,2.077681162341721954e+00
1.648500004914847272e+00,2.077681162341721954e+00
1.649000004916338025e+00,2.077681162341721954e+00
1.649500004917828777e+00,2.077681162341721954e+00
1.650000004919319530e+00,2.070516696382541433e+00
1.650500004920810060e+00,2.070516696382541433e+00
1.651000004922300812e+00,2.070516696382541433e+00
1.651500004923791565e+00,2.070516696382541433e+00
1.652000004925282317e+00,2.070516696382541433e+00
1.652500004926773070e+00,2.070516696382541433e+00
1.653000004928263600e+00,2.070516696382541433e+00
1.653500004929754352e+00,2.070516696382541433e+00
1.654000004931245105e+00,2.070516696382541433e+00
1.654500004932735857e+00,2.070516696382541433e+00
1.655000004934226387e+00,2.070516696382541433e+00
1.655500004935717140e+00,2.070516696382541433e+00
1.656000004937207892e+00,2.070516696382541433e+00
1.656500004938698645e+00,2.070516696382541433e+00
1.657000004940189175e+00,2.070516696382541433e+00
1.657500004941679927e+00,2.070516696382541433e+00
1.658000004943170680e+00,2.070516696382541433e+00
1.658500004944661432e+00,2.070516696382541433e+00
1.659000004946152185e+00,2.070516696382541433e+00
1.659500004947642715e+00,2.070516696382541433e+00
1.660000004949133467e+00,2.070516696382541433e+00
1.660500004950624220e+00,2.070516696382541433e+00
1.661000004952114972e+00,2.070516696382541433e+00
1.661500004953605503e+00,2.070516696382541433e+00
1.662000004955096255e+00,2.070516696382541433e+00
1.662500004956587007e+00,2.055795971708832770e+00
1.663000004958077760e+00,2.055795971708832770e+00
1.663500004959568512e+00,2.055795971708832770e+00
1.664000004961059043e+00,2.055795971708832770e+00
1.664500004962549795e+00,2.055795971708832770e+00
1.665000004964040548e+00,2.055795971708832770e+00
1.665500004965531300e+00,2.055795971708832770e+00
1.666000004967021830e+00,2.055795971708832770e+00
1.666500004968512583e+00,2.055795971708832770e+00
1.667000004970003335e+00,2.055795971708832770e+00
1.667500004971494088e+00,2.055795971708832770e+00
1.668000004972984840e+00,2.055795971708832770e+00
1.668500004974475370e+00,2.055795971708832770e+00
1.669000004975966123e+00,2.055795971708832770e+00
1.669500004977456875e+00,2.055795971708832770e+00
1.670000004978947628e+00,2.055795971708832770e+00
1.670500004980438158e+00,2.055795971708832770e+00
1.671000004981928910e+00,2.055795971708832770e+00
1.671500004983419663e+00,2.055795971708832770e+00
1.672000004984910415e+00,2.055795971708832770e+00
1.672500004986401168e+00,2.055795971708832770e+00
1.673000004987891698e+00,2.055795971708832770e+00
1.673500004989382450e+00,2.055795971708832770e+00
1.674000004990873203e+00,2.055795971708832770e+00
1.674500004992363955e+00,2.055795971708832770e+00
1.675000004993854485e+00,2.055620636101794130e+00
1.675500004995345238e+00,2.055620636101794130e+00
1.676000004996835990e+00,2.055620636101794130e+00
1.676500004998326743e+00,2.055620636101794130e+00
1.677000004999817495e+00,2.055620636101794130e+00
1.677500005001308025e+00,2.055620636101794130e+00
1.678000005002798778e+00,2.055620636101794130e+00
1.678500005004289530e+00,2.055620636101794130e+00
1.679000005005780283e+00,2.055620636101794130e+00
1.679500005007270813e+00,2.055620636101794130e+00
1.680000005008761566e+00,2.055620636101794130e+00
1.680500005010252318e+00,2.055620636101794130e+00
1.681000005011743070e+00,2.055620636101794130e+00
1.681500005013233823e+00,2.055620636101794130e+00
1.682000005014724353e+00,2.055620636101794130e+00
1.682500005016215106e+00,2.055620636101794130e+00
1.683000005017705858e+00,2.055620636101794130e+00
1.683500005019196610e+00,2.055620636101794130e+00
1.684000005020687141e+00,2.055620636101794130e+00
1.684500005022177893e+00,2.055620636101794130e+00
1.685000005023668646e+00,2.055620636101794130e+00
1.685500005025159398e+00,2.055620636101794130e+00
1.686000005026650150e+00,2.055620636101794130e+00
1.686500005028140681e+00,2.055620636101794130e+00
1.687000005029631433e+00,2.055620636101794130e+00
1.687500005031122186e+00,2.046384199395109071e+00
1.688000005032612938e+00,2.046384199395109071e+00
1.688500005034103468e+00,2.046384199395109071e+00
1.689000005035594221e+00,2.046384199395109071e+00
1.689500005037084973e+00,2.046384199395109071e+00
1.690000005038575726e+00,2.046384199395109071e+00
1.690500005040066478e+00,2.046384199395109071e+00
1.691000005041557008e+00,2.046384199395109071e+00
1.691500005043047761e+00,2.046384199395109071e+00
1.692000005044538513e+00,2.046384199395109071e+00
1.692500005046029266e+00,2.046384199395109071e+00
1.693000005047519796e+00,2.046384199395109071e+00
1.693500005049010548e+00,2.046384199395109071e+00
1.694000005050501301e+00,2.046384199395109071e+00
1.694500005051992053e+00,2.046384199395109071e+00
1.695000005053482806e+00,2.046384199395109071e+00
1.695500005054973336e+00,2.046384199395109071e+00
1.696000005056464088e+00,2.046384199395109071e+00
1.696500005057954841e+00,2.046384199395109071e+00
1.697000005059445593e+00,2.046384199395109071e+00
1.697500005060936124e+00,2.046384199395109071e+00
1.698000005062426876e+00,2.046384199395109071e+00
1.698500005063917628e+00,2.046384199395109071e+00
1.699000005065408381e+00,2.046384199395109071e+00
1.699500005066899133e+00,2.046384199395109071e+00
1.700000005068389664e+00,2.046384199395109071e+00
1.700500005069880416e+00,2.046384199395109071e+00
1.701000005071371168e+00,2.046384199395109071e+00
1.701500005072861921e+00,2.046384199395109071e+00
1.702000005074352451e+00,2.046384199395109071e+00
1.702500005075843204e+00,2.046384199395109071e+00
1.703000005077333956e+00,2.046384199395109071e+00
1.703500005078824708e+00,2.046384199395109071e+00
1.704000005080315461e+00,2.046384199395109071e+00
1.704500005081805991e+00,2.046384199395109071e+00
1.705000005083296744e+00,2.046384199395109071e+00
1.705500005084787496e+00,2.046384199395109071e+00
1.706000005086278248e+00,2.046384199395109071e+00
1.706500005087768779e+00,2.046384199395109071e+00
1.707000005089259531e+00,2.046384199395109071e+00
1.707500005090750284e+00,2.046384199395109071e+00
1.708000005092241036e+00,2.046384199395109071e+00
1.708500005093731788e+00,2.046384199395109071e+00
1.709000005095222319e+00,2.046384199395109071e+00
1.709500005096713071e+00,2.046384199395109071e+00
1.710000005098203824e+00,2.046384199395109071e+00
1.710500005099694576e+00,2.046384199395109071e+00
1.711000005101185106e+00,2.046384199395109071e+00
1.711500005102675859e+00,2.046384199395109071e+00
1.712000005104166611e+00,2.046384199395109071e+00
1.712500005105657364e+00,2.042836803257989331e+00
1.713000005107148116e+00,2.042836803257989331e+00
1.713500005108638646e+00,2.042836803257989331e+00
1.714000005110129399e+00,2.042836803257989331e+00
1.714500005111620151e+00,2.042836803257989331e+00
1.715000005113110904e+00,2.042836803257989331e+00
1.715500005114601434e+00,2.042836803257989331e+00
1.716000005116092186e+00,2.042836803257989331e+00
1.716500005117582939e+00,2.042836803257989331e+00
1.717000005119073691e+00,2.042836803257989331e+00
1.717500005120564222e+00,2.042836803257989331e+00
1.718000005122054974e+00,2.042836803257989331e+00
1.718500005123545726e+00,2.042836803257989331e+00
1.719000005125036479e+00,2.042836803257989331e+00
1.719500005126527231e+00,2.042836803257989331e+00
1.720000005128017762e+00,2.042836803257989331e+00
1.720500005129508514e+00,2.042836803257989331e+00
1.721000005130999266e+00,2.042836803257989331e+00
1.721500005132490019e+00,2.042836803257989331e+00
1.722000005133980549e+00,2.042836803257989331e+00
1.722500005135471302e+00,2.042836803257989331e+00
1.723000005136962054e+00,2.042836803257989331e+00
1.723500005138452806e+00,2.042836803257989331e+00
1.724000005139943559e+00,2.042836803257989331e+00
1.724500005141434089e+00,2.042836803257989331e+00
1.725000005142924842e+00,2.042836803257989331e+00
1.725500005144415594e+00,2.042836803257989331e+00
1.726000005145906346e+00,2.042836803257989331e+00
1.726500005147396877e+00,2.042836803257989331e+00
1.727000005148887629e+00,2.042836803257989331e+00
1.727500005150378382e+00,2.042836803257989331e+00
1.728000005151869134e+00,2.042836803257989331e+00
1.728500005153359886e+00,2.042836803257989331e+00
1.729000005154850417e+00,2.042836803257989331e+00
1.729500005156341169e+00,2.042836803257989331e+00
1.730000005157831922e+00,2.042836803257989331e+00
1.730500005159322674e+00,2.042836803257989331e+00
1.731000005160813204e+00,2.042836803257989331e+00
1.731500005162303957e+00,2.042836803257989331e+00
1.732000005163794709e+00,2.042836803257989331e+00
1.732500005165285462e+00,2.042836803257989331e+00
1.733000005166776214e+00,2.042836803257989331e+00
1.733500005168266744e+00,2.042836803257989331e+00
1.734000005169757497e+00,2.042836803257989331e+00
1.734500005171248249e+00,2.042836803257989331e+00
1.735000005172739002e+00,2.042836803257989331e+00
1.735500005174229532e+00,2.042836803257989331e+00
1.736000005175720284e+00,2.042836803257989331e+00
1.736500005177211037e+00,2.042836803257989331e+00
1.737000005178701789e+00,2.042836803257989331e+00
1.737500005180192542e+00,2.042836803257989331e+00
1.738000005181683072e+00,2.042836803257989331e+00
1.738500005183173824e+00,2.042836803257989331e+00
1.739000005184664577e+00,2.042836803257989331e+00
1.739500005186155329e+00,2.042836803257989331e+00
1.740000005187645860e+00,2.042836803257989331e+00
1.740500005189136612e+00,2.042836803257989331e+00
1.741000005190627364e+00,2.042836803257989331e+00
1.741500005192118117e+00,2.042836803257989331e+00
1.742000005193608869e+00,2.042836803257989331e+00
1.742500005195099400e+00,2.042836803257989331e+00
1.743000005196590152e+00,2.042836803257989331e+00
1.743500005198080904e+00,2.042836803257989331e+00
1.744000005199571657e+00,2.042836803257989331e+00
1.744500005201062187e+00,2.042836803257989331e+00
1.745000005202552940e+00,2.042836803257989331e+00
1.745500005204043692e+00,2.042836803257989331e+00
1.746000005205534444e+00,2.042836803257989331e+00
1.746500005207025197e+00,2.042836803257989331e+00
1.747000005208515727e+00,2.042836803257989331e+00
1.747500005210006480e+00,2.042836803257989331e+00
1.748000005211497232e+00,2.042836803257989331e+00
1.748500005212987984e+00,2.042836803257989331e+00
1.749000005214478515e+00,2.042836803257989331e+00
1.749500005215969267e+00,2.042836803257989331e+00
1.750000005217460020e+00,2.043125968087565969e+00
1.750500005218950772e+00,2.043125968087565969e+00
1.751000005220441524e+00,2.043125968087565969e+00
1.751500005221932055e+00,2.043125968087565969e+00
1.752000005223422807e+00,2.043125968087565969e+00
1.752500005224913560e+00,2.043125968087565969e+00
1.753000005226404312e+00,2.043125968087565969e+00
1.753500005227894842e+00,2.043125968087565969e+00
1.754000005229385595e+00,2.043125968087565969e+00
1.754500005230876347e+00,2.043125968087565969e+00
1.755000005232367100e+00,2.043125968087565969e+00
1.755500005233857852e+00,2.043125968087565969e+00
1.756000005235348382e+00,2.043125968087565969e+00
1.756500005236839135e+00,2.043125968087565969e+00
1.757000005238329887e+00,2.043125968087565969e+00
1.757500005239820640e+00,2.043125968087565969e+00
1.758000005241311170e+00,2.043125968087565969e+00
1.758500005242801922e+00,2.043125968087565969e+00
1.759000005244292675e+00,2.043125968087565969e+00
1.759500005245783427e+00,2.043125968087565969e+00
1.760000005247274180e+00,2.043125968087565969e+00
1.760500005248764710e+00,2.043125968087565969e+00
1.761000005250255462e+00,2.043125968087565969e+00
1.761500005251746215e+00,2.043125968087565969e+00
1.762000005253236967e+00,2.043125968087565969e+00
1.762500005254727498e+00,2.045922218900305012e+00
1.763000005256218250e+00,2.045922218900305012e+00
1.763500005257709002e+00,2.045922218900305012e+00
1.764000005259199755e+00,2.045922218900305012e+00
1.764500005260690507e+00,2.045922218900305012e+00
1.765000005262181038e+00,2.045922218900305012e+00
1.765500005263671790e+00,2.045922218900305012e+00
1.766000005265162542e+00,2.045922218900305012e+00
1.766500005266653295e+00,2.045922218900305012e+00
1.767000005268143825e+00,2.045922218900305012e+00
1.767500005269634578e+00,2.045922218900305012e+00
1.768000005271125330e+00,2.045922218900305012e+00
1.768500005272616082e+00,2.045922218900305012e+00
1.769000005274106835e+00,2.045922218900305012e+00
1.769500005275597365e+00,2.045922218900305012e+00
1.770000005277088118e+00,2.045922218900305012e+00
1.770500005278578870e+00,2.045922218900305012e+00
1.771000005280069622e+00,2.045922218900305012e+00
1.771500005281560153e+00,2.045922218900305012e+00
1.772000005283050905e+00,2.045922218900305012e+00
1.772500005284541658e+00,2.045922218900305012e+00
1.773000005286032410e+00,2.045922218900305012e+00
1.773500005287523162e+00,2.045922218900305012e+00
1.774000005289013693e+00,2.045922218900305012e+00
1.774500005290504445e+00,2.045922218900305012e+00
1.775000005291995198e+00,2.045922218900305012e+00
1.775500005293485950e+00,2.045922218900305012e+00
1.776000005294976480e+00,2.045922218900305012e+00
1.776500005296467233e+00,2.045922218900305012e+00
1.777000005297957985e+00,2.045922218900305012e+00
1.777500005299448738e+00,2.045922218900305012e+00
1.778000005300939268e+00,2.045922218900305012e+00
1.778500005302430020e+00,2.045922218900305012e+00
1.779000005303920773e+00,2.045922218900305012e+00
1.779500005305411525e+00,2.045922218900305012e+00
1.780000005306902278e+00,2.045922218900305012e+00
1.780500005308392808e+00,2.045922218900305012e+00
1.781000005309883560e+00,2.045922218900305012e+00
1.781500005311374313e+00,2.045922218900305012e+00
1.782000005312865065e+00,2.045922218900305012e+00
1.782500005314355596e+00,2.045922218900305012e+00
1.783000005315846348e+00,2.045922218900305012e+00
1.783500005317337100e+00,2.045922218900305012e+00
1.784000005318827853e+00,2.045922218900305012e+00
1.784500005320318605e+00,2.045922218900305012e+00
1.785000005321809136e+00,2.045922218900305012e+00
1.785500005323299888e+00,2.045922218900305012e+00
1.786000005324790640e+00,2.045922218900305012e+00
1.786500005326281393e+00,2.045922218900305012e+00
1.787000005327771923e+00,2.045922218900305012e+00
1.787500005329262676e+00,2.047980704743972868e+00
1.788000005330753428e+00,2.047980704743972868e+00
1.788500005332244180e+00,2.047980704743972868e+00
1.789000005333734933e+00,2.047980704743972868e+00
1.789500005335225463e+00,2.047980704743972868e+00
1.790000005336716216e+00,2.047980704743972868e+00
1.790500005338206968e+00,2.047980704743972868e+00
1.791000005339697720e+00,2.047980704743972868e+00
1.791500005341188251e+00,2.047980704743972868e+00
1.792000005342679003e+00,2.047980704743972868e+00
1.792500005344169756e+00,2.047980704743972868e+00
1.793000005345660508e+00,2.047980704743972868e+00
1.793500005347151260e+00,2.047980704743972868e+00
1.794000005348641791e+00,2.047980704743972868e+00
1.794500005350132543e+00,2.047980704743972868e+00
1.795000005351623296e+00,2.047980704743972868e+00
1.795500005353114048e+00,2.047980704743972868e+00
1.796000005354604578e+00,2.047980704743972868e+00
1.796500005356095331e+00,2.047980704743972868e+00
1.797000005357586083e+00,2.047980704743972868e+00
1.797500005359076836e+00,2.047980704743972868e+00
1.798000005360567588e+00,2.047980704743972868e+00
1.798500005362058118e+00,2.047980704743972868e+00
1.799000005363548871e+00,2.047980704743972868e+00
1.799500005365039623e+00,2.047980704743972868e+00
1.800000005366530376e+00,2.047980704743972868e+00
1.800500005368020906e+00,2.047980704743972868e+00
1.801000005369511658e+00,2.047980704743972868e+00
1.801500005371002411e+00,2.047980704743972868e+00
1.802000005372493163e+00,2.047980704743972868e+00
1.802500005373983916e+00,2.047980704743972868e+00
1.803000005375474446e+00,2.047980704743972868e+00
1.803500005376965198e+00,2.047980704743972868e+00
1.804000005378455951e+00,2.047980704743972868e+00
1.804500005379946703e+00,2.047980704743972868e+00
1.805000005381437234e+00,2.047980704743972868e+00
1.805500005382927986e+00,2.047980704743972868e+00
1.806000005384418738e+00,2.047980704743972868e+00
1.806500005385909491e+00,2.047980704743972868e+00
1.807000005387400243e+00,2.047980704743972868e+00
1.807500005388890774e+00,2.047980704743972868e+00
1.808000005390381526e+00,2.047980704743972868e+00
1.808500005391872278e+00,2.047980704743972868e+00
1.809000005393363031e+00,2.047980704743972868e+00
1.809500005394853561e+00,2.047980704743972868e+00
1.810000005396344314e+00,2.047980704743972868e+00
1.810500005397835066e+00,2.047980704743972868e+00
1.811000005399325818e+00,2.047980704743972868e+00
1.811500005400816571e+00,2.047980704743972868e+00
1.812000005402307101e+00,2.047980704743972868e+00
1.812500005403797854e+00,2.038104047251588113e+00
1.813000005405288606e+00,2.038104047251588113e+00
1.813500005406779358e+00,2.038104047251588113e+00
1.814000005408269889e+00,2.038104047251588113e+00
1.814500005409760641e+00,2.038104047251588113e+00
1.815000005411251394e+00,2.038104047251588113e+00
1.815500005412742146e+00,2.038104047251588113e+00
1.816000005414232898e+00,2.038104047251588113e+00
1.816500005415723429e+00,2.038104047251588113e+00
1.817000005417214181e+00,2.038104047251588113e+00
1.817500005418704934e+00,2.038104047251588113e+00
1.818000005420195686e+00,2.038104047251588113e+00
1.818500005421686216e+00,2.038104047251588113e+00
1.819000005423176969e+00,2.038104047251588113e+00
1.819500005424667721e+00,2.038104047251588113e+00
1.820000005426158474e+00,2.038104047251588113e+00
1.820500005427649226e+00,2.038104047251588113e+00
1.821000005429139756e+00,2.038104047251588113e+00
1.821500005430630509e+00,2.038104047251588113e+00
1.822000005432121261e+00,2.038104047251588113e+00
1.822500005433612014e+00,2.038104047251588113e+00
1.823000005435102544e+00,2.038104047251588113e+00
1.823500005436593296e+00,2.038104047251588113e+00
1.824000005438084049e+00,2.038104047251588113e+00
1.824500005439574801e+00,2.038104047251588113e+00
1.825000005441065554e+00,2.038104047251588113e+00
1.825500005442556084e+00,2.038104047251588113e+00
1.826000005444046836e+00,2.038104047251588113e+00
1.826500005445537589e+00,2.038104047251588113e+00
1.827000005447028341e+00,2.038104047251588113e+00
1.827500005448518872e+00,2.038104047251588113e+00
1.828000005450009624e+00,2.038104047251588113e+00
1.828500005451500376e+00,2.038104047251588113e+00
1.829000005452991129e+00,2.038104047251588113e+00
1.829500005454481881e+00,2.038104047251588113e+00
1.830000005455972412e+00,2.038104047251588113e+00
1.830500005457463164e+00,2.038104047251588113e+00
1.831000005458953916e+00,2.038104047251588113e+00
1.831500005460444669e+00,2.038104047251588113e+00
1.832000005461935199e+00,2.038104047251588113e+00
1.832500005463425952e+00,2.038104047251588113e+00
1.833000005464916704e+00,2.038104047251588113e+00
1.833500005466407456e+00,2.038104047251588113e+00
1.834000005467898209e+00,2.038104047251588113e+00
1.834500005469388739e+00,2.038104047251588113e+00
1.835000005470879492e+00,2.038104047251588113e+00
1.835500005472370244e+00,2.038104047251588113e+00
1.836000005473860996e+00,2.038104047251588113e+00
1.836500005475351527e+00,2.038104047251588113e+00
1.837000005476842279e+00,2.038104047251588113e+00
1.837500005478333032e+00,2.046041540144147408e+00
1.838000005479823784e+00,2.046041540144147408e+00
1.838500005481314314e+00,2.046041540144147408e+00
1.839000005482805067e+00,2.046041540144147408e+00
1.839500005484295819e+00,2.046041540144147408e+00
1.840000005485786572e+00,2.046041540144147408e+00
1.840500005487277324e+00,2.046041540144147408e+00
1.841000005488767854e+00,2.046041540144147408e+00
1.841500005490258607e+00,2.046041540144147408e+00
1.842000005491749359e+00,2.046041540144147408e+00
1.842500005493240112e+00,2.046041540144147408e+00
1.843000005494730642e+00,2.046041540144147408e+00
1.843500005496221394e+00,2.046041540144147408e+00
1.844000005497712147e+00,2.046041540144147408e+00
1.844500005499202899e+00,2.046041540144147408e+00
1.845000005500693652e+00,2.046041540144147408e+00
1.845500005502184182e+00,2.046041540144147408e+00
1.846000005503674934e+00,2.046041540144147408e+00
1.846500005505165687e+00,2.046041540144147408e+00
1.847000005506656439e+00,2.046041540144147408e+00
1.847500005508146970e+00,2.046041540144147408e+00
1.848000005509637722e+00,2.046041540144147408e+00
1.848500005511128474e+00,2.046041540144147408e+00
1.849000005512619227e+00,2.046041540144147408e+00
1.849500005514109979e+00,2.046041540144147408e+00
1.850000005515600510e+00,2.061328862201166512e+00
1.850500005517091262e+00,2.061328862201166512e+00
1.851000005518582014e+00,2.061328862201166512e+00
1.851500005520072767e+00,2.061328862201166512e+00
1.852000005521563297e+00,2.061328862201166512e+00
1.852500005523054050e+00,2.061328862201166512e+00
1.853000005524544802e+00,2.061328862201166512e+00
1.853500005526035554e+00,2.061328862201166512e+00
1.854000005527526307e+00,2.061328862201166512e+00
1.854500005529016837e+00,2.061328862201166512e+00
1.855000005530507590e+00,2.061328862201166512e+00
1.855500005531998342e+00,2.061328862201166512e+00
1.856000005533489094e+00,2.061328862201166512e+00
1.856500005534979625e+00,2.061328862201166512e+00
1.857000005536470377e+00,2.061328862201166512e+00
1.857500005537961130e+00,2.061328862201166512e+00
1.858000005539451882e+00,2.061328862201166512e+00
1.858500005540942634e+00,2.061328862201166512e+00
1.859000005542433165e+00,2.061328862201166512e+00
1.859500005543923917e+00,2.061328862201166512e+00
1.860000005545414670e+00,2.061328862201166512e+00
1.860500005546905422e+00,2.061328862201166512e+00
1.861000005548395952e+00,2.061328862201166512e+00
1.861500005549886705e+00,2.061328862201166512e+00
1.862000005551377457e+00,2.061328862201166512e+00
1.862500005552868210e+00,2.061328862201166512e+00
1.863000005554358962e+00,2.061328862201166512e+00
1.863500005555849492e+00,2.061328862201166512e+00
1.864000005557340245e+00,2.061328862201166512e+00
1.864500005558830997e+00,2.061328862201166512e+00
1.865000005560321750e+00,2.061328862201166512e+00
1.865500005561812280e+00,2.061328862201166512e+00
1.866000005563303032e+00,2.061328862201166512e+00
1.866500005564793785e+00,2.061328862201166512e+00
1.867000005566284537e+00,2.061328862201166512e+00
1.867500005567775290e+00,2.061328862201166512e+00
1.868000005569265820e+00,2.061328862201166512e+00
1.868500005570756572e+00,2.061328862201166512e+00
1.869000005572247325e+00,2.061328862201166512e+00
1.869500005573738077e+00,2.061328862201166512e+00
1.870000005575228608e+00,2.061328862201166512e+00
1.870500005576719360e+00,2.061328862201166512e+00
1.871000005578210112e+00,2.061328862201166512e+00
1.871500005579700865e+00,2.061328862201166512e+00
1.872000005581191617e+00,2.061328862201166512e+00
1.872500005582682148e+00,2.061328862201166512e+00
1.873000005584172900e+00,2.061328862201166512e+00
1.873500005585663652e+00,2.061328862201166512e+00
1.874000005587154405e+00,2.061328862201166512e+00
1.874500005588644935e+00,2.061328862201166512e+00
1.875000005590135688e+00,2.061328862201166512e+00
1.875500005591626440e+00,2.061328862201166512e+00
1.876000005593117193e+00,2.061328862201166512e+00
1.876500005594607945e+00,2.061328862201166512e+00
1.877000005596098475e+00,2.061328862201166512e+00
1.877500005597589228e+00,2.061328862201166512e+00
1.878000005599079980e+00,2.061328862201166512e+00
1.878500005600570733e+00,2.061328862201166512e+00
1.879000005602061263e+00,2.061328862201166512e+00
1.879500005603552015e+00,2.061328862201166512e+00
1.880000005605042768e+00,2.061328862201166512e+00
1.880500005606533520e+00,2.061328862201166512e+00
1.881000005608024273e+00,2.061328862201166512e+00
1.881500005609514803e+00,2.061328862201166512e+00
1.882000005611005555e+00,2.061328862201166512e+00
1.882500005612496308e+00,2.061328862201166512e+00
1.883000005613987060e+00,2.061328862201166512e+00
1.883500005615477590e+00,2.061328862201166512e+00
1.884000005616968343e+00,2.061328862201166512e+00
1.884500005618459095e+00,2.061328862201166512e+00
1.885000005619949848e+00,2.061328862201166512e+00
1.885500005621440600e+00,2.061328862201166512e+00
1.886000005622931130e+00,2.061328862201166512e+00
1.886500005624421883e+00,2.061328862201166512e+00
1.887000005625912635e+00,2.061328862201166512e+00
1.887500005627403388e+00,2.042229258057192798e+00
1.888000005628893918e+00,2.042229258057192798e+00
1.888500005630384670e+00,2.042229258057192798e+00
1.889000005631875423e+00,2.042229258057192798e+00
1.889500005633366175e+00,2.042229258057192798e+00
1.890000005634856928e+00,2.042229258057192798e+00
1.890500005636347458e+00,2.042229258057192798e+00
1.891000005637838211e+00,2.042229258057192798e+00
1.891500005639328963e+00,2.042229258057192798e+00
1.892000005640819715e+00,2.042229258057192798e+00
1.892500005642310246e+00,2.042229258057192798e+00
1.893000005643800998e+00,2.042229258057192798e+00
1.893500005645291751e+00,2.042229258057192798e+00
1.894000005646782503e+00,2.042229258057192798e+00
1.894500005648273255e+00,2.042229258057192798e+00
1.895000005649763786e+00,2.042229258057192798e+00
1.895500005651254538e+00,2.042229258057192798e+00
1.896000005652745291e+00,2.042229258057192798e+00
1.896500005654236043e+00,2.042229258057192798e+00
1.897000005655726573e+00,2.042229258057192798e+00
1.897500005657217326e+00,2.042229258057192798e+00
1.898000005658708078e+00,2.042229258057192798e+00
1.898500005660198831e+00,2.042229258057192798e+00
1.899000005661689361e+00,2.042229258057192798e+00
1.899500005663180113e+00,2.042229258057192798e+00
1.900000005664670866e+00,2.045897281174690718e+00
1.900500005666161618e+00,2.045897281174690718e+00
1.901000005667652371e+00,2.045897281174690718e+00
1.901500005669142901e+00,2.045897281174690718e+00
1.902000005670633653e+00,2.045897281174690718e+00
1.902500005672124406e+00,2.045897281174690718e+00
1.903000005673615158e+00,2.045897281174690718e+00
1.903500005675105688e+00,2.045897281174690718e+00
1.904000005676596441e+00,2.045897281174690718e+00
1.904500005678087193e+00,2.045897281174690718e+00
1.905000005679577946e+00,2.045897281174690718e+00
1.905500005681068698e+00,2.045897281174690718e+00
1.906000005682559229e+00,2.045897281174690718e+00
1.906500005684049981e+00,2.045897281174690718e+00
1.907000005685540733e+00,2.045897281174690718e+00
1.907500005687031486e+00,2.045897281174690718e+00
1.908000005688522016e+00,2.045897281174690718e+00
1.908500005690012769e+00,2.045897281174690718e+00
1.909000005691503521e+00,2.045897281174690718e+00
1.909500005692994273e+00,2.045897281174690718e+00
1.910000005694485026e+00,2.045897281174690718e+00
1.910500005695975556e+00,2.045897281174690718e+00
1.911000005697466309e+00,2.045897281174690718e+00
1.911500005698957061e+00,2.045897281174690718e+00
1.912000005700447813e+00,2.045897281174690718e+00
1.912500005701938344e+00,2.032892657180492613e+00
1.913000005703429096e+00,2.032892657180492613e+00
1.913500005704919849e+00,2.032892657180492613e+00
1.914000005706410601e+00,2.032892657180492613e+00
1.914500005707901353e+00,2.032892657180492613e+00
1.915000005709391884e+00,2.032892657180492613e+00
1.915500005710882636e+00,2.032892657180492613e+00
1.916000005712373389e+00,2.032892657180492613e+00
1.916500005713864141e+00,2.032892657180492613e+00
1.917000005715354671e+00,2.032892657180492613e+00
1.917500005716845424e+00,2.032892657180492613e+00
1.918000005718336176e+00,2.032892657180492613e+00
1.918500005719826929e+00,2.032892657180492613e+00
1.919000005721317681e+00,2.032892657180492613e+00
1.919500005722808211e+00,2.032892657180492613e+00
1.920000005724298964e+00,2.032892657180492613e+00
1.920500005725789716e+00,2.032892657180492613e+00
1.921000005727280469e+00,2.032892657180492613e+00
1.921500005728770999e+00,2.032892657180492613e+00
1.922000005730261751e+00,2.032892657180492613e+00
1.922500005731752504e+00,2.032892657180492613e+00
1.923000005733243256e+00,2.032892657180492613e+00
1.923500005734734009e+00,2.032892657180492613e+00
1.924000005736224539e+00,2.032892657180492613e+00
1.924500005737715291e+00,2.032892657180492613e+00
1.925000005739206044e+00,2.032892657180492613e+00
1.925500005740696796e+00,2.032892657180492613e+00
1.926000005742187327e+00,2.032892657180492613e+00
1.926500005743678079e+00,2.032892657180492613e+00
1.927000005745168831e+00,2.032892657180492613e+00
1.927500005746659584e+00,2.032892657180492613e+00
1.928000005748150336e+00,2.032892657180492613e+00
1.928500005749640867e+00,2.032892657180492613e+00
1.929000005751131619e+00,2.032892657180492613e+00
1.929500005752622371e+00,2.032892657180492613e+00
1.930000005754113124e+00,2.032892657180492613e+00
1.930500005755603654e+00,2.032892657180492613e+00
1.931000005757094407e+00,2.032892657180492613e+00
1.931500005758585159e+00,2.032892657180492613e+00
1.932000005760075911e+00,2.032892657180492613e+00
1.932500005761566664e+00,2.032892657180492613e+00
1.933000005763057194e+00,2.032892657180492613e+00
1.933500005764547947e+00,2.032892657180492613e+00
1.934000005766038699e+00,2.032892657180492613e+00
1.934500005767529451e+00,2.032892657180492613e+00
1.935000005769019982e+00,2.032892657180492613e+00
1.935500005770510734e+00,2.032892657180492613e+00
1.936000005772001487e+00,2.032892657180492613e+00
1.936500005773492239e+00,2.032892657180492613e+00
1.937000005774982991e+00,2.032892657180492613e+00
1.937500005776473522e+00,2.032892657180492613e+00
1.938000005777964274e+00,2.032892657180492613e+00
1.938500005779455027e+00,2.032892657180492613e+00
1.939000005780945779e+00,2.032892657180492613e+00
1.939500005782436309e+00,2.032892657180492613e+00
1.940000005783927062e+00,2.032892657180492613e+00
1.940500005785417814e+00,2.032892657180492613e+00
1.941000005786908567e+00,2.032892657180492613e+00
1.941500005788399319e+00,2.032892657180492613e+00
1.942000005789889849e+00,2.032892657180492613e+00
1.942500005791380602e+00,2.032892657180492613e+00
1.943000005792871354e+00,2.032892657180492613e+00
1.943500005794362107e+00,2.032892657180492613e+00
1.944000005795852637e+00,2.032892657180492613e+00
1.944500005797343389e+00,2.032892657180492613e+00
1.945000005798834142e+00,2.032892657180492613e+00
1.945500005800324894e+00,2.032892657180492613e+00
1.946000005801815647e+00,2.032892657180492613e+00
1.946500005803306177e+00,2.032892657180492613e+00
1.947000005804796929e+00,2.032892657180492613e+00
1.947500005806287682e+00,2.032892657180492613e+00
1.948000005807778434e+00,2.032892657180492613e+00
1.948500005809268965e+00,2.032892657180492613e+00
1.949000005810759717e+00,2.032892657180492613e+00
1.949500005812250469e+00,2.032892657180492613e+00
1.950000005813741222e+00,2.020008060742776390e+00
1.950500005815231974e+00,2.020008060742776390e+00
1.951000005816722505e+00,2.020008060742776390e+00
1.951500005818213257e+00,2.020008060742776390e+00
1.952000005819704009e+00,2.020008060742776390e+00
1.952500005821194762e+00,2.020008060742776390e+00
1.953000005822685292e+00,2.020008060742776390e+00
1.953500005824176045e+00,2.020008060742776390e+00
1.954000005825666797e+00,2.020008060742776390e+00
1.954500005827157549e+00,2.020008060742776390e+00
1.955000005828648302e+00,2.020008060742776390e+00
1.955500005830138832e+00,2.020008060742776390e+00
1.956000005831629585e+00,2.020008060742776390e+00
1.956500005833120337e+00,2.020008060742776390e+00
1.957000005834611089e+00,2.020008060742776390e+00
1.957500005836101620e+00,2.020008060742776390e+00
1.958000005837592372e+00,2.020008060742776390e+00
1.958500005839083125e+00,2.020008060742776390e+00
1.959000005840573877e+00,2.020008060742776390e+00
1.959500005842064407e+00,2.020008060742776390e+00
1.960000005843555160e+00,2.020008060742776390e+00
1.960500005845045912e+00,2.020008060742776390e+00
1.961000005846536665e+00,2.020008060742776390e+00
1.961500005848027417e+00,2.020008060742776390e+00
1.962000005849517947e+00,2.020008060742776390e+00
1.962500005851008700e+00,2.040843319130710487e+00
1.963000005852499452e+00,2.040843319130710487e+00
1.963500005853990205e+00,2.040843319130710487e+00
1.964000005855480735e+00,2.040843319130710487e+00
1.964500005856971487e+00,2.040843319130710487e+00
1.965000005858462240e+00,2.040843319130710487e+00
1.965500005859952992e+00,2.040843319130710487e+00
1.966000005861443745e+00,2.040843319130710487e+00
1.966500005862934275e+00,2.040843319130710487e+00
1.967000005864425027e+00,2.040843319130710487e+00
1.967500005865915780e+00,2.040843319130710487e+00
1.968000005867406532e+00,2.040843319130710487e+00
1.968500005868897063e+00,2.040843319130710487e+00
1.969000005870387815e+00,2.040843319130710487e+00
1.969500005871878567e+00,2.040843319130710487e+00
1.970000005873369320e+00,2.040843319130710487e+00
1.970500005874860072e+00,2.040843319130710487e+00
1.971000005876350603e+00,2.040843319130710487e+00
1.971500005877841355e+00,2.040843319130710487e+00
1.972000005879332107e+00,2.040843319130710487e+00
1.972500005880822860e+00,2.040843319130710487e+00
1.973000005882313390e+00,2.040843319130710487e+00
1.973500005883804143e+00,2.040843319130710487e+00
1.974000005885294895e+00,2.040843319130710487e+00
1.974500005886785647e+00,2.040843319130710487e+00
1.975000005888276400e+00,2.032979204358489334e+00
1.975500005889766930e+00,2.032979204358489334e+00
1.976000005891257683e+00,2.032979204358489334e+00
1.976500005892748435e+00,2.032979204358489334e+00
1.977000005894239187e+00,2.032979204358489334e+00
1.977500005895729718e+00,2.032979204358489334e+00
1.978000005897220470e+00,2.032979204358489334e+00
1.978500005898711223e+00,2.032979204358489334e+00
1.979000005900201975e+00,2.032979204358489334e+00
1.979500005901692727e+00,2.032979204358489334e+00
1.980000005903183258e+00,2.032979204358489334e+00
1.980500005904674010e+00,2.032979204358489334e+00
1.981000005906164763e+00,2.032979204358489334e+00
1.981500005907655515e+00,2.032979204358489334e+00
1.982000005909146045e+00,2.032979204358489334e+00
1.982500005910636798e+00,2.032979204358489334e+00
1.983000005912127550e+00,2.032979204358489334e+00
1.983500005913618303e+00,2.032979204358489334e+00
1.984000005915109055e+00,2.032979204358489334e+00
1.984500005916599585e+00,2.032979204358489334e+00
1.985000005918090338e+00,2.032979204358489334e+00
1.985500005919581090e+00,2.032979204358489334e+00
1.986000005921071843e+00,2.032979204358489334e+00
1.986500005922562373e+00,2.032979204358489334e+00
1.987000005924053125e+00,2.032979204358489334e+00
1.987500005925543878e+00,2.032979204358489334e+00
1.988000005927034630e+00,2.032979204358489334e+00
1.988500005928525383e+00,2.032979204358489334e+00
1.989000005930015913e+00,2.032979204358489334e+00
1.989500005931506665e+00,2.032979204358489334e+00
1.990000005932997418e+00,2.032979204358489334e+00
1.990500005934488170e+00,2.032979204358489334e+00
1.991000005935978701e+00,2.032979204358489334e+00
1.991500005937469453e+00,2.032979204358489334e+00
1.992000005938960205e+00,2.032979204358489334e+00
1.992500005940450958e+00,2.032979204358489334e+00
1.993000005941941710e+00,2.032979204358489334e+00
1.993500005943432241e+00,2.032979204358489334e+00
1.994000005944922993e+00,2.032979204358489334e+00
1.994500005946413745e+00,2.032979204358489334e+00
1.995000005947904498e+00,2.032979204358489334e+00
1.995500005949395028e+00,2.032979204358489334e+00
1.996000005950885781e+00,2.032979204358489334e+00
1.996500005952376533e+00,2.032979204358489334e+00
1.997000005953867285e+00,2.032979204358489334e+00
1.997500005955358038e+00,2.032979204358489334e+00
1.998000005956848568e+00,2.032979204358489334e+00
1.998500005958339321e+00,2.032979204358489334e+00
1.999000005959830073e+00,2.032979204358489334e+00
1.999500005961320825e+00,2.032979204358489334e+00
2.000000005962811578e+00,2.032979204358489334e+00
2.000500005964302108e+00,2.032979204358489334e+00
2.001000005965792639e+00,2.032979204358489334e+00
2.001500005967283613e+00,2.032979204358489334e+00
2.002000005968774143e+00,2.032979204358489334e+00
2.002500005970265118e+00,2.032979204358489334e+00
2.003000005971755648e+00,2.032979204358489334e+00
2.003500005973246179e+00,2.032979204358489334e+00
2.004000005974737153e+00,2.032979204358489334e+00
2.004500005976227683e+00,2.032979204358489334e+00
2.005000005977718658e+00,2.032979204358489334e+00
2.005500005979209188e+00,2.032979204358489334e+00
2.006000005980699719e+00,2.032979204358489334e+00
2.006500005982190693e+00,2.032979204358489334e+00
2.007000005983681223e+00,2.032979204358489334e+00
2.007500005985172198e+00,2.032979204358489334e+00
2.008000005986662728e+00,2.032979204358489334e+00
2.008500005988153259e+00,2.032979204358489334e+00
2.009000005989644233e+00,2.032979204358489334e+00
2.009500005991134763e+00,2.032979204358489334e+00
2.010000005992625294e+00,2.032979204358489334e+00
2.010500005994116268e+00,2.032979204358489334e+00
2.011000005995606799e+00,2.032979204358489334e+00
2.011500005997097773e+00,2.032979204358489334e+00
2.012000005998588303e+00,2.032979204358489334e+00
2.012500006000078834e+00,2.052623005658190447e+00
2.013000006001569808e+00,2.052623005658190447e+00
2.013500006003060339e+00,2.052623005658190447e+00
2.014000006004551313e+00,2.052623005658190447e+00
2.014500006006041843e+00,2.052623005658190447e+00
2.015000006007532374e+00,2.052623005658190447e+00
2.015500006009023348e+00,2.052623005658190447e+00
2.016000006010513879e+00,2.052623005658190447e+00
2.016500006012004853e+00,2.052623005658190447e+00
2.017000006013495383e+00,2.052623005658190447e+00
2.017500006014985914e+00,2.052623005658190447e+00
2.018000006016476888e+00,2.052623005658190447e+00
2.018500006017967419e+00,2.052623005658190447e+00
2.019000006019457949e+00,2.052623005658190447e+00
2.019500006020948923e+00,2.052623005658190447e+00
2.020000006022439454e+00,2.052623005658190447e+00
2.020500006023930428e+00,2.052623005658190447e+00
2.021000006025420959e+00,2.052623005658190447e+00
2.021500006026911489e+00,2.052623005658190447e+00
2.022000006028402463e+00,2.052623005658190447e+00
2.022500006029892994e+00,2.052623005658190447e+00
2.023000006031383968e+00,2.052623005658190447e+00
2.023500006032874499e+00,2.052623005658190447e+00
2.024000006034365029e+00,2.052623005658190447e+00
2.024500006035856003e+00,2.052623005658190447e+00
2.025000006037346534e+00,2.071229954546710328e+00
2.025500006038837508e+00,2.071229954546710328e+00
2.026000006040328039e+00,2.071229954546710328e+00
2.026500006041818569e+00,2.071229954546710328e+00
2.027000006043309543e+00,2.071229954546710328e+00
2.027500006044800074e+00,2.071229954546710328e+00
2.028000006046290604e+00,2.071229954546710328e+00
2.028500006047781579e+00,2.071229954546710328e+00
2.029000006049272109e+00,2.071229954546710328e+00
2.029500006050763083e+00,2.071229954546710328e+00
2.030000006052253614e+00,2.071229954546710328e+00
2.030500006053744144e+00,2.071229954546710328e+00
2.031000006055235119e+00,2.071229954546710328e+00
2.031500006056725649e+00,2.071229954546710328e+00
2.032000006058216623e+00,2.071229954546710328e+00
2.032500006059707154e+00,2.071229954546710328e+00
2.033000006061197684e+00,2.071229954546710328e+00
2.033500006062688659e+00,2.071229954546710328e+00
2.034000006064179189e+00,2.071229954546710328e+00
2.034500006065670163e+00,2.071229954546710328e+00
2.035000006067160694e+00,2.071229954546710328e+00
2.035500006068651224e+00,2.071229954546710328e+00
2.036000006070142199e+00,2.071229954546710328e+00
2.036500006071632729e+00,2.071229954546710328e+00
2.037000006073123259e+00,2.071229954546710328e+00
2.037500006074614234e+00,2.069615346773078457e+00
2.038000006076104764e+00,2.069615346773078457e+00
2.038500006077595739e+00,2.069615346773078457e+00
2.039000006079086269e+00,2.069615346773078457e+00
2.039500006080576799e+00,2.069615346773078457e+00
2.040000006082067774e+00,2.069615346773078457e+00
2.040500006083558304e+00,2.069615346773078457e+00
2.041000006085049279e+00,2.069615346773078457e+00
2.041500006086539809e+00,2.069615346773078457e+00
2.042000006088030339e+00,2.069615346773078457e+00
2.042500006089521314e+00,2.069615346773078457e+00
2.043000006091011844e+00,2.069615346773078457e+00
2.043500006092502819e+00,2.069615346773078457e+00
2.044000006093993349e+00,2.069615346773078457e+00
2.044500006095483879e+00,2.069615346773078457e+00
2.045000006096974854e+00,2.069615346773078457e+00
2.045500006098465384e+00,2.069615346773078457e+00
2.046000006099955915e+00,2.069615346773078457e+00
2.046500006101446889e+00,2.069615346773078457e+00
2.047000006102937419e+00,2.069615346773078457e+00
2.047500006104428394e+00,2.069615346773078457e+00
2.048000006105918924e+00,2.069615346773078457e+00
2.048500006107409455e+00,2.069615346773078457e+00
2.049000006108900429e+00,2.069615346773078457e+00
2.049500006110390959e+00,2.069615346773078457e+00
2.050000006111881934e+00,2.069615346773078457e+00
2.050500006113372464e+00,2.069615346773078457e+00
2.051000006114862995e+00,2.069615346773078457e+00
2.051500006116353969e+00,2.069615346773078457e+00
2.052000006117844499e+00,2.069615346773078457e+00
2.052500006119335030e+00,2.069615346773078457e+00
2.053000006120826004e+00,2.069615346773078457e+00
2.053500006122316535e+00,2.069615346773078457e+00
2.054000006123807509e+00,2.069615346773078457e+00
2.054500006125298039e+00,2.069615346773078457e+00
2.055000006126788570e+00,2.069615346773078457e+00
2.055500006128279544e+00,2.069615346773078457e+00
2.056000006129770075e+00,2.069615346773078457e+00
2.056500006131261049e+00,2.069615346773078457e+00
2.057000006132751579e+00,2.069615346773078457e+00
2.057500006134242110e+00,2.069615346773078457e+00
2.058000006135733084e+00,2.069615346773078457e+00
2.058500006137223615e+00,2.069615346773078457e+00
2.059000006138714589e+00,2.069615346773078457e+00
2.059500006140205119e+00,2.069615346773078457e+00
2.060000006141695650e+00,2.069615346773078457e+00
2.060500006143186624e+00,2.069615346773078457e+00
2.061000006144677155e+00,2.069615346773078457e+00
2.061500006146167685e+00,2.069615346773078457e+00
2.062000006147658659e+00,2.069615346773078457e+00
2.062500006149149190e+00,2.073584343868107194e+00
2.063000006150640164e+00,2.073584343868107194e+00
2.063500006152130695e+00,2.073584343868107194e+00
2.064000006153621225e+00,2.073584343868107194e+00
2.064500006155112199e+00,2.073584343868107194e+00
2.065000006156602730e+00,2.073584343868107194e+00
2.065500006158093704e+00,2.073584343868107194e+00
2.066000006159584235e+00,2.073584343868107194e+00
2.066500006161074765e+00,2.073584343868107194e+00
2.067000006162565739e+00,2.073584343868107194e+00
2.067500006164056270e+00,2.073584343868107194e+00
2.068000006165547244e+00,2.073584343868107194e+00
2.068500006167037775e+00,2.073584343868107194e+00
2.069000006168528305e+00,2.073584343868107194e+00
2.069500006170019279e+00,2.073584343868107194e+00
2.070000006171509810e+00,2.073584343868107194e+00
2.070500006173000340e+00,2.073584343868107194e+00
2.071000006174491315e+00,2.073584343868107194e+00
2.071500006175981845e+00,2.073584343868107194e+00
2.072000006177472820e+00,2.073584343868107194e+00
2.072500006178963350e+00,2.073584343868107194e+00
2.073000006180453880e+00,2.073584343868107194e+00
2.073500006181944855e+00,2.073584343868107194e+00
2.074000006183435385e+00,2.073584343868107194e+00
2.074500006184926360e+00,2.073584343868107194e+00
2.075000006186416890e+00,2.067935210249846278e+00
2.075500006187907420e+00,2.067935210249846278e+00
2.076000006189398395e+00,2.067935210249846278e+00
2.076500006190888925e+00,2.067935210249846278e+00
2.077000006192379900e+00,2.067935210249846278e+00
2.077500006193870430e+00,2.067935210249846278e+00
2.078000006195360960e+00,2.067935210249846278e+00
2.078500006196851935e+00,2.067935210249846278e+00
2.079000006198342465e+00,2.067935210249846278e+00
2.079500006199832995e+00,2.067935210249846278e+00
2.080000006201323970e+00,2.067935210249846278e+00
2.080500006202814500e+00,2.067935210249846278e+00
2.081000006204305475e+00,2.067935210249846278e+00
2.081500006205796005e+00,2.067935210249846278e+00
2.082000006207286535e+00,2.067935210249846278e+00
2.082500006208777510e+00,2.067935210249846278e+00
2.083000006210268040e+00,2.067935210249846278e+00
2.083500006211759015e+00,2.067935210249846278e+00
2.084000006213249545e+00,2.067935210249846278e+00
2.084500006214740075e+00,2.067935210249846278e+00
2.085000006216231050e+00,2.067935210249846278e+00
2.085500006217721580e+00,2.067935210249846278e+00
2.086000006219212555e+00,2.067935210249846278e+00
2.086500006220703085e+00,2.067935210249846278e+00
2.087000006222193615e+00,2.067935210249846278e+00
2.087500006223684590e+00,2.054718198928610295e+00
2.088000006225175120e+00,2.054718198928610295e+00
2.088500006226665651e+00,2.054718198928610295e+00
2.089000006228156625e+00,2.054718198928610295e+00
2.089500006229647155e+00,2.054718198928610295e+00
2.090000006231138130e+00,2.054718198928610295e+00
2.090500006232628660e+00,2.054718198928610295e+00
2.091000006234119191e+00,2.054718198928610295e+00
2.091500006235610165e+00,2.054718198928610295e+00
2.092000006237100695e+00,2.054718198928610295e+00
2.092500006238591670e+00,2.054718198928610295e+00
2.093000006240082200e+00,2.054718198928610295e+00
2.093500006241572731e+00,2.054718198928610295e+00
2.094000006243063705e+00,2.054718198928610295e+00
2.094500006244554235e+00,2.054718198928610295e+00
2.095000006246045210e+00,2.054718198928610295e+00
2.095500006247535740e+00,2.054718198928610295e+00
2.096000006249026271e+00,2.054718198928610295e+00
2.096500006250517245e+00,2.054718198928610295e+00
2.097000006252007775e+00,2.054718198928610295e+00
2.097500006253498306e+00,2.054718198928610295e+00
2.098000006254989280e+00,2.054718198928610295e+00
2.098500006256479811e+00,2.054718198928610295e+00
2.099000006257970785e+00,2.054718198928610295e+00
2.099500006259461315e+00,2.054718198928610295e+00
2.100000006260951846e+00,2.047912625283141885e+00
2.100500006262442820e+00,2.047912625283141885e+00
2.101000006263933351e+00,2.047912625283141885e+00
2.101500006265424325e+00,2.047912625283141885e+00
2.102000006266914856e+00,2.047912625283141885e+00
2.102500006268405386e+00,2.047912625283141885e+00
2.103000006269896360e+00,2.047912625283141885e+00
2.103500006271386891e+00,2.047912625283141885e+00
2.104000006272877865e+00,2.047912625283141885e+00
2.104500006274368396e+00,2.047912625283141885e+00
2.105000006275858926e+00,2.047912625283141885e+00
2.105500006277349900e+00,2.047912625283141885e+00
2.106000006278840431e+00,2.047912625283141885e+00
2.106500006280330961e+00,2.047912625283141885e+00
2.107000006281821936e+00,2.047912625283141885e+00
2.107500006283312466e+00,2.047912625283141885e+00
2.108000006284803440e+00,2.047912625283141885e+00
2.108500006286293971e+00,2.047912625283141885e+00
2.109000006287784501e+00,2.047912625283141885e+00
2.109500006289275476e+00,2.047912625283141885e+00
2.110000006290766006e+00,2.047912625283141885e+00
2.110500006292256980e+00,2.047912625283141885e+00
2.111000006293747511e+00,2.047912625283141885e+00
2.111500006295238041e+00,2.047912625283141885e+00
2.112000006296729016e+00,2.047912625283141885e+00
2.112500006298219546e+00,2.048365176796162590e+00
2.113000006299710076e+00,2.048365176796162590e+00
2.113500006301201051e+00,2.048365176796162590e+00
2.114000006302691581e+00,2.048365176796162590e+00
2.114500006304182556e+00,2.048365176796162590e+00
2.115000006305673086e+00,2.048365176796162590e+00
2.115500006307163616e+00,2.048365176796162590e+00
2.116000006308654591e+00,2.048365176796162590e+00
2.116500006310145121e+00,2.048365176796162590e+00
2.117000006311636096e+00,2.048365176796162590e+00
2.117500006313126626e+00,2.048365176796162590e+00
2.118000006314617156e+00,2.048365176796162590e+00
2.118500006316108131e+00,2.048365176796162590e+00
2.119000006317598661e+00,2.048365176796162590e+00
2.119500006319089636e+00,2.048365176796162590e+00
2.120000006320580166e+00,2.048365176796162590e+00
2.120500006322070696e+00,2.048365176796162590e+00
2.121000006323561671e+00,2.048365176796162590e+00
2.121500006325052201e+00,2.048365176796162590e+00
2.122000006326542731e+00,2.048365176796162590e+00
2.122500006328033706e+00,2.048365176796162590e+00
2.123000006329524236e+00,2.048365176796162590e+00
2.123500006331015211e+00,2.048365176796162590e+00
2.124000006332505741e+00,2.048365176796162590e+00
2.124500006333996271e+00,2.048365176796162590e+00
2.125000006335487246e+00,2.064414480220514658e+00
2.125500006336977776e+00,2.064414480220514658e+00
2.126000006338468751e+00,2.064414480220514658e+00
2.126500006339959281e+00,2.064414480220514658e+00
2.127000006341449811e+00,2.064414480220514658e+00
2.127500006342940786e+00,2.064414480220514658e+00
2.128000006344431316e+00,2.064414480220514658e+00
2.128500006345922291e+00,2.064414480220514658e+00
2.129000006347412821e+00,2.064414480220514658e+00
2.129500006348903351e+00,2.064414480220514658e+00
2.130000006350394326e+00,2.064414480220514658e+00
2.130500006351884856e+00,2.064414480220514658e+00
2.131000006353375387e+00,2.064414480220514658e+00
2.131500006354866361e+00,2.064414480220514658e+00
2.132000006356356892e+00,2.064414480220514658e+00
2.132500006357847866e+00,2.064414480220514658e+00
2.133000006359338396e+00,2.064414480220514658e+00
2.133500006360828927e+00,2.064414480220514658e+00
2.134000006362319901e+00,2.064414480220514658e+00
2.134500006363810432e+00,2.064414480220514658e+00
2.135000006365301406e+00,2.064414480220514658e+00
2.135500006366791936e+00,2.064414480220514658e+00
2.136000006368282467e+00,2.064414480220514658e+00
2.136500006369773441e+00,2.064414480220514658e+00
2.137000006371263972e+00,2.064414480220514658e+00
2.137500006372754946e+00,2.080203378655710811e+00
2.138000006374245476e+00,2.080203378655710811e+00
2.138500006375736007e+00,2.080203378655710811e+00
2.139000006377226981e+00,2.080203378655710811e+00
2.139500006378717512e+00,2.080203378655710811e+00
2.140000006380208042e+00,2.080203378655710811e+00
2.140500006381699016e+00,2.080203378655710811e+00
2.141000006383189547e+00,2.080203378655710811e+00
2.141500006384680521e+00,2.080203378655710811e+00
2.142000006386171052e+00,2.080203378655710811e+00
2.142500006387661582e+00,2.080203378655710811e+00
2.143000006389152556e+00,2.080203378655710811e+00
2.143500006390643087e+00,2.080203378655710811e+00
2.144000006392134061e+00,2.080203378655710811e+00
2.144500006393624592e+00,2.080203378655710811e+00
2.145000006395115122e+00,2.080203378655710811e+00
2.145500006396606096e+00,2.080203378655710811e+00
2.146000006398096627e+00,2.080203378655710811e+00
2.146500006399587601e+00,2.080203378655710811e+00
2.147000006401078132e+00,2.080203378655710811e+00
2.147500006402568662e+00,2.080203378655710811e+00
2.148000006404059636e+00,2.080203378655710811e+00
2.148500006405550167e+00,2.080203378655710811e+00
2.149000006407040697e+00,2.080203378655710811e+00
2.149500006408531672e+00,2.080203378655710811e+00
2.150000006410022202e+00,2.080203378655710811e+00
2.150500006411513176e+00,2.080203378655710811e+00
2.151000006413003707e+00,2.080203378655710811e+00
2.151500006414494237e+00,2.080203378655710811e+00
2.152000006415985212e+00,2.080203378655710811e+00
2.152500006417475742e+00,2.080203378655710811e+00
2.153000006418966716e+00,2.080203378655710811e+00
2.153500006420457247e+00,2.080203378655710811e+00
2.154000006421947777e+00,2.080203378655710811e+00
2.154500006423438752e+00,2.080203378655710811e+00
2.155000006424929282e+00,2.080203378655710811e+00
2.155500006426420256e+00,2.080203378655710811e+00
2.156000006427910787e+00,2.080203378655710811e+00
2.156500006429401317e+00,2.080203378655710811e+00
2.157000006430892292e+00,2.080203378655710811e+00
2.157500006432382822e+00,2.080203378655710811e+00
2.158000006433873352e+00,2.080203378655710811e+00
2.158500006435364327e+00,2.080203378655710811e+00
2.159000006436854857e+00,2.080203378655710811e+00
2.159500006438345832e+00,2.080203378655710811e+00
2.160000006439836362e+00,2.080203378655710811e+00
2.160500006441326892e+00,2.080203378655710811e+00
2.161000006442817867e+00,2.080203378655710811e+00
2.161500006444308397e+00,2.080203378655710811e+00
2.162000006445799372e+00,2.080203378655710811e+00
2.162500006447289902e+00,2.092279184625779997e+00
2.163000006448780432e+00,2.092279184625779997e+00
2.163500006450271407e+00,2.092279184625779997e+00
2.164000006451761937e+00,2.092279184625779997e+00
2.164500006453252912e+00,2.092279184625779997e+00
2.165000006454743442e+00,2.092279184625779997e+00
2.165500006456233972e+00,2.092279184625779997e+00
2.166000006457724947e+00,2.092279184625779997e+00
2.166500006459215477e+00,2.092279184625779997e+00
2.167000006460706008e+00,2.092279184625779997e+00
2.167500006462196982e+00,2.092279184625779997e+00
2.168000006463687512e+00,2.092279184625779997e+00
2.168500006465178487e+00,2.092279184625779997e+00
2.169000006466669017e+00,2.092279184625779997e+00
2.169500006468159548e+00,2.092279184625779997e+00
2.170000006469650522e+00,2.092279184625779997e+00
2.170500006471141052e+00,2.092279184625779997e+00
2.171000006472632027e+00,2.092279184625779997e+00
2.171500006474122557e+00,2.092279184625779997e+00
2.172000006475613088e+00,2.092279184625779997e+00
2.172500006477104062e+00,2.092279184625779997e+00
2.173000006478594592e+00,2.092279184625779997e+00
2.173500006480085123e+00,2.092279184625779997e+00
2.174000006481576097e+00,2.092279184625779997e+00
2.174500006483066628e+00,2.092279184625779997e+00
2.175000006484557602e+00,2.089151655594297274e+00
2.175500006486048132e+00,2.089151655594297274e+00
2.176000006487538663e+00,2.089151655594297274e+00
2.176500006489029637e+00,2.089151655594297274e+00
2.177000006490520168e+00,2.089151655594297274e+00
2.177500006492011142e+00,2.089151655594297274e+00
2.178000006493501672e+00,2.089151655594297274e+00
2.178500006494992203e+00,2.089151655594297274e+00
2.179000006496483177e+00,2.089151655594297274e+00
2.179500006497973708e+00,2.089151655594297274e+00
2.180000006499464682e+00,2.089151655594297274e+00
2.180500006500955212e+00,2.089151655594297274e+00
2.181000006502445743e+00,2.089151655594297274e+00
2.181500006503936717e+00,2.089151655594297274e+00
2.182000006505427248e+00,2.089151655594297274e+00
2.182500006506917778e+00,2.089151655594297274e+00
2.183000006508408752e+00,2.089151655594297274e+00
2.183500006509899283e+00,2.089151655594297274e+00
2.184000006511390257e+00,2.089151655594297274e+00
2.184500006512880788e+00,2.089151655594297274e+00
2.185000006514371318e+00,2.089151655594297274e+00
2.185500006515862292e+00,2.089151655594297274e+00
2.186000006517352823e+00,2.089151655594297274e+00
2.186500006518843797e+00,2.089151655594297274e+00
2.187000006520334328e+00,2.089151655594297274e+00
2.187500006521824858e+00,2.089151655594297274e+00
2.188000006523315832e+00,2.089151655594297274e+00
2.188500006524806363e+00,2.089151655594297274e+00
2.189000006526297337e+00,2.089151655594297274e+00
2.189500006527787868e+00,2.089151655594297274e+00
2.190000006529278398e+00,2.089151655594297274e+00
2.190500006530769372e+00,2.089151655594297274e+00
2.191000006532259903e+00,2.089151655594297274e+00
2.191500006533750433e+00,2.089151655594297274e+00
2.192000006535241408e+00,2.089151655594297274e+00
2.192500006536731938e+00,2.089151655594297274e+00
2.193000006538222912e+00,2.089151655594297274e+00
2.193500006539713443e+00,2.089151655594297274e+00
2.194000006541203973e+00,2.089151655594297274e+00
2.194500006542694948e+00,2.089151655594297274e+00
2.195000006544185478e+00,2.089151655594297274e+00
2.195500006545676452e+00,2.089151655594297274e+00
2.196000006547166983e+00,2.089151655594297274e+00
2.196500006548657513e+00,2.089151655594297274e+00
2.197000006550148488e+00,2.089151655594297274e+00
2.197500006551639018e+00,2.089151655594297274e+00
2.198000006553129992e+00,2.089151655594297274e+00
2.198500006554620523e+00,2.089151655594297274e+00
2.199000006556111053e+00,2.089151655594297274e+00
2.199500006557602028e+00,2.089151655594297274e+00
2.200000006559092558e+00,2.089151655594297274e+00
2.200500006560583088e+00,2.089151655594297274e+00
2.201000006562074063e+00,2.089151655594297274e+00
2.201500006563564593e+00,2.089151655594297274e+00
2.202000006565055568e+00,2.089151655594297274e+00
2.202500006566546098e+00,2.089151655594297274e+00
2.203000006568036628e+00,2.089151655594297274e+00
2.203500006569527603e+00,2.089151655594297274e+00
2.204000006571018133e+00,2.089151655594297274e+00
2.204500006572509108e+00,2.089151655594297274e+00
2.205000006573999638e+00,2.089151655594297274e+00
2.205500006575490168e+00,2.089151655594297274e+00
2.206000006576981143e+00,2.089151655594297274e+00
2.206500006578471673e+00,2.089151655594297274e+00
2.207000006579962648e+00,2.089151655594297274e+00
2.207500006581453178e+00,2.089151655594297274e+00
2.208000006582943708e+00,2.089151655594297274e+00
2.208500006584434683e+00,2.089151655594297274e+00
2.209000006585925213e+00,2.089151655594297274e+00
2.209500006587415744e+00,2.089151655594297274e+00
2.210000006588906718e+00,2.089151655594297274e+00
2.210500006590397248e+00,2.089151655594297274e+00
2.211000006591888223e+00,2.089151655594297274e+00
2.211500006593378753e+00,2.089151655594297274e+00
2.212000006594869284e+00,2.089151655594297274e+00
2.212500006596360258e+00,2.089151655594297274e+00
2.213000006597850788e+00,2.089151655594297274e+00
2.213500006599341763e+00,2.089151655594297274e+00
2.214000006600832293e+00,2.089151655594297274e+00
2.214500006602322824e+00,2.089151655594297274e+00
2.215000006603813798e+00,2.089151655594297274e+00
2.215500006605304328e+00,2.089151655594297274e+00
2.216000006606795303e+00,2.089151655594297274e+00
2.216500006608285833e+00,2.089151655594297274e+00
2.217000006609776364e+00,2.089151655594297274e+00
2.217500006611267338e+00,2.089151655594297274e+00
2.218000006612757868e+00,2.089151655594297274e+00
2.218500006614248399e+00,2.089151655594297274e+00
2.219000006615739373e+00,2.089151655594297274e+00
2.219500006617229904e+00,2.089151655594297274e+00
2.220000006618720878e+00,2.089151655594297274e+00
2.220500006620211408e+00,2.089151655594297274e+00
2.221000006621701939e+00,2.089151655594297274e+00
2.221500006623192913e+00,2.089151655594297274e+00
2.222000006624683444e+00,2.089151655594297274e+00
2.222500006626174418e+00,2.089151655594297274e+00
2.223000006627664948e+00,2.089151655594297274e+00
2.223500006629155479e+00,2.089151655594297274e+00
2.224000006630646453e+00,2.089151655594297274e+00
2.224500006632136984e+00,2.089151655594297274e+00
2.225000006633627958e+00,2.094240214554915269e+00
2.225500006635118488e+00,2.094240214554915269e+00
2.226000006636609019e+00,2.094240214554915269e+00
2.226500006638099993e+00,2.094240214554915269e+00
2.227000006639590524e+00,2.094240214554915269e+00
2.227500006641081054e+00,2.094240214554915269e+00
2.228000006642572028e+00,2.094240214554915269e+00
2.228500006644062559e+00,2.094240214554915269e+00
2.229000006645553533e+00,2.094240214554915269e+00
2.229500006647044064e+00,2.094240214554915269e+00
2.230000006648534594e+00,2.094240214554915269e+00
2.230500006650025568e+00,2.094240214554915269e+00
2.231000006651516099e+00,2.094240214554915269e+00
2.231500006653007073e+00,2.094240214554915269e+00
2.232000006654497604e+00,2.094240214554915269e+00
2.232500006655988134e+00,2.094240214554915269e+00
2.233000006657479108e+00,2.094240214554915269e+00
2.233500006658969639e+00,2.094240214554915269e+00
2.234000006660460169e+00,2.094240214554915269e+00
2.234500006661951144e+00,2.094240214554915269e+00
2.235000006663441674e+00,2.094240214554915269e+00
2.235500006664932648e+00,2.094240214554915269e+00
2.236000006666423179e+00,2.094240214554915269e+00
2.236500006667913709e+00,2.094240214554915269e+00
2.237000006669404684e+00,2.094240214554915269e+00
2.237500006670895214e+00,2.107072547396350526e+00
2.238000006672386188e+00,2.107072547396350526e+00
2.238500006673876719e+00,2.107072547396350526e+00
2.239000006675367249e+00,2.107072547396350526e+00
2.239500006676858224e+00,2.107072547396350526e+00
2.240000006678348754e+00,2.107072547396350526e+00
2.240500006679839728e+00,2.107072547396350526e+00
2.241000006681330259e+00,2.107072547396350526e+00
2.241500006682820789e+00,2.107072547396350526e+00
2.242000006684311764e+00,2.107072547396350526e+00
2.242500006685802294e+00,2.107072547396350526e+00
2.243000006687292824e+00,2.107072547396350526e+00
2.243500006688783799e+00,2.107072547396350526e+00
2.244000006690274329e+00,2.107072547396350526e+00
2.244500006691765304e+00,2.107072547396350526e+00
2.245000006693255834e+00,2.107072547396350526e+00
2.245500006694746364e+00,2.107072547396350526e+00
2.246000006696237339e+00,2.107072547396350526e+00
2.246500006697727869e+00,2.107072547396350526e+00
2.247000006699218844e+00,2.107072547396350526e+00
2.247500006700709374e+00,2.107072547396350526e+00
2.248000006702199904e+00,2.107072547396350526e+00
2.248500006703690879e+00,2.107072547396350526e+00
2.249000006705181409e+00,2.107072547396350526e+00
2.249500006706672384e+00,2.107072547396350526e+00
2.250000006708162914e+00,2.107072547396350526e+00
2.250500006709653444e+00,2.107072547396350526e+00
2.251000006711144419e+00,2.107072547396350526e+00
2.251500006712634949e+00,2.107072547396350526e+00
2.252000006714125480e+00,2.107072547396350526e+00
2.252500006715616454e+00,2.107072547396350526e+00
2.253000006717106984e+00,2.107072547396350526e+00
2.253500006718597959e+00,2.107072547396350526e+00
2.254000006720088489e+00,2.107072547396350526e+00
2.254500006721579020e+00,2.107072547396350526e+00
2.255000006723069994e+00,2.107072547396350526e+00
2.255500006724560524e+00,2.107072547396350526e+00
2.256000006726051499e+00,2.107072547396350526e+00
2.256500006727542029e+00,2.107072547396350526e+00
2.257000006729032560e+00,2.107072547396350526e+00
2.257500006730523534e+00,2.107072547396350526e+00
2.258000006732014064e+00,2.107072547396350526e+00
2.258500006733505039e+00,2.107072547396350526e+00
2.259000006734995569e+00,2.107072547396350526e+00
2.259500006736486100e+00,2.107072547396350526e+00
2.260000006737977074e+00,2.107072547396350526e+00
2.260500006739467604e+00,2.107072547396350526e+00
2.261000006740958135e+00,2.107072547396350526e+00
2.261500006742449109e+00,2.107072547396350526e+00
2.262000006743939640e+00,2.107072547396350526e+00
2.262500006745430614e+00,2.125191887052361395e+00
2.263000006746921144e+00,2.125191887052361395e+00
2.263500006748411675e+00,2.125191887052361395e+00
2.264000006749902649e+00,2.125191887052361395e+00
2.264500006751393180e+00,2.125191887052361395e+00
2.265000006752884154e+00,2.125191887052361395e+00
2.265500006754374684e+00,2.125191887052361395e+00
2.266000006755865215e+00,2.125191887052361395e+00
2.266500006757356189e+00,2.125191887052361395e+00
2.267000006758846720e+00,2.125191887052361395e+00
2.267500006760337694e+00,2.125191887052361395e+00
2.268000006761828224e+00,2.125191887052361395e+00
2.268500006763318755e+00,2.125191887052361395e+00
2.269000006764809729e+00,2.125191887052361395e+00
2.269500006766300260e+00,2.125191887052361395e+00
2.270000006767790790e+00,2.125191887052361395e+00
2.270500006769281764e+00,2.125191887052361395e+00
2.271000006770772295e+00,2.125191887052361395e+00
2.271500006772263269e+00,2.125191887052361395e+00
2.272000006773753800e+00,2.125191887052361395e+00
2.272500006775244330e+00,2.125191887052361395e+00
2.273000006776735304e+00,2.125191887052361395e+00
2.273500006778225835e+00,2.125191887052361395e+00
2.274000006779716809e+00,2.125191887052361395e+00
2.274500006781207340e+00,2.125191887052361395e+00
2.275000006782697870e+00,2.125191887052361395e+00
2.275500006784188844e+00,2.125191887052361395e+00
2.276000006785679375e+00,2.125191887052361395e+00
2.276500006787170349e+00,2.125191887052361395e+00
2.277000006788660880e+00,2.125191887052361395e+00
2.277500006790151410e+00,2.125191887052361395e+00
2.278000006791642384e+00,2.125191887052361395e+00
2.278500006793132915e+00,2.125191887052361395e+00
2.279000006794623445e+00,2.125191887052361395e+00
2.279500006796114420e+00,2.125191887052361395e+00
2.280000006797604950e+00,2.125191887052361395e+00
2.280500006799095924e+00,2.125191887052361395e+00
2.281000006800586455e+00,2.125191887052361395e+00
2.281500006802076985e+00,2.125191887052361395e+00
2.282000006803567960e+00,2.125191887052361395e+00
2.282500006805058490e+00,2.125191887052361395e+00
2.283000006806549464e+00,2.125191887052361395e+00
2.283500006808039995e+00,2.125191887052361395e+00
2.284000006809530525e+00,2.125191887052361395e+00
2.284500006811021500e+00,2.125191887052361395e+00
2.285000006812512030e+00,2.125191887052361395e+00
2.285500006814003005e+00,2.125191887052361395e+00
2.286000006815493535e+00,2.125191887052361395e+00
2.286500006816984065e+00,2.125191887052361395e+00
2.287000006818475040e+00,2.125191887052361395e+00
2.287500006819965570e+00,2.118699099876851122e+00
2.288000006821456100e+00,2.118699099876851122e+00
2.288500006822947075e+00,2.118699099876851122e+00
2.289000006824437605e+00,2.118699099876851122e+00
2.289500006825928580e+00,2.118699099876851122e+00
2.290000006827419110e+00,2.118699099876851122e+00
2.290500006828909640e+00,2.118699099876851122e+00
2.291000006830400615e+00,2.118699099876851122e+00
2.291500006831891145e+00,2.118699099876851122e+00
2.292000006833382120e+00,2.118699099876851122e+00
2.292500006834872650e+00,2.118699099876851122e+00
2.293000006836363180e+00,2.118699099876851122e+00
2.293500006837854155e+00,2.118699099876851122e+00
2.294000006839344685e+00,2.118699099876851122e+00
2.294500006840835216e+00,2.118699099876851122e+00
2.295000006842326190e+00,2.118699099876851122e+00
2.295500006843816720e+00,2.118699099876851122e+00
2.296000006845307695e+00,2.118699099876851122e+00
2.296500006846798225e+00,2.118699099876851122e+00
2.297000006848288756e+00,2.118699099876851122e+00
2.297500006849779730e+00,2.118699099876851122e+00
2.298000006851270260e+00,2.118699099876851122e+00
2.298500006852761235e+00,2.118699099876851122e+00
2.299000006854251765e+00,2.118699099876851122e+00
2.299500006855742296e+00,2.118699099876851122e+00
2.300000006857233270e+00,2.126730457687464160e+00
2.300500006858723800e+00,2.126730457687464160e+00
2.301000006860214775e+00,2.126730457687464160e+00
2.301500006861705305e+00,2.126730457687464160e+00
2.302000006863195836e+00,2.126730457687464160e+00
2.302500006864686810e+00,2.126730457687464160e+00
2.303000006866177340e+00,2.126730457687464160e+00
2.303500006867667871e+00,2.126730457687464160e+00
2.304000006869158845e+00,2.126730457687464160e+00
2.304500006870649376e+00,2.126730457687464160e+00
2.305000006872140350e+00,2.126730457687464160e+00
2.305500006873630880e+00,2.126730457687464160e+00
2.306000006875121411e+00,2.126730457687464160e+00
2.306500006876612385e+00,2.126730457687464160e+00
2.307000006878102916e+00,2.126730457687464160e+00
2.307500006879593890e+00,2.126730457687464160e+00
2.308000006881084420e+00,2.126730457687464160e+00
2.308500006882574951e+00,2.126730457687464160e+00
2.309000006884065925e+00,2.126730457687464160e+00
2.309500006885556456e+00,2.126730457687464160e+00
2.310000006887047430e+00,2.126730457687464160e+00
2.310500006888537960e+00,2.126730457687464160e+00
2.311000006890028491e+00,2.126730457687464160e+00
2.311500006891519465e+00,2.126730457687464160e+00
2.312000006893009996e+00,2.126730457687464160e+00
2.312500006894500526e+00,2.119555566553328330e+00
2.313000006895991500e+00,2.119555566553328330e+00
2.313500006897482031e+00,2.119555566553328330e+00
2.314000006898973005e+00,2.119555566553328330e+00
2.314500006900463536e+00,2.119555566553328330e+00
2.315000006901954066e+00,2.119555566553328330e+00
2.315500006903445041e+00,2.119555566553328330e+00
2.316000006904935571e+00,2.119555566553328330e+00
2.316500006906426545e+00,2.119555566553328330e+00
2.317000006907917076e+00,2.119555566553328330e+00
2.317500006909407606e+00,2.119555566553328330e+00
2.318000006910898581e+00,2.119555566553328330e+00
2.318500006912389111e+00,2.119555566553328330e+00
2.319000006913880085e+00,2.119555566553328330e+00
2.319500006915370616e+00,2.119555566553328330e+00
2.320000006916861146e+00,2.119555566553328330e+00
2.320500006918352121e+00,2.119555566553328330e+00
2.321000006919842651e+00,2.119555566553328330e+00
2.321500006921333181e+00,2.119555566553328330e+00
2.322000006922824156e+00,2.119555566553328330e+00
2.322500006924314686e+00,2.119555566553328330e+00
2.323000006925805661e+00,2.119555566553328330e+00
2.323500006927296191e+00,2.119555566553328330e+00
2.324000006928786721e+00,2.119555566553328330e+00
2.324500006930277696e+00,2.119555566553328330e+00
2.325000006931768226e+00,2.111704513274498485e+00
2.325500006933259201e+00,2.111704513274498485e+00
2.326000006934749731e+00,2.111704513274498485e+00
2.326500006936240261e+00,2.111704513274498485e+00
2.327000006937731236e+00,2.111704513274498485e+00
2.327500006939221766e+00,2.111704513274498485e+00
2.328000006940712741e+00,2.111704513274498485e+00
2.328500006942203271e+00,2.111704513274498485e+00
2.329000006943693801e+00,2.111704513274498485e+00
2.329500006945184776e+00,2.111704513274498485e+00
2.330000006946675306e+00,2.111704513274498485e+00
2.330500006948165836e+00,2.111704513274498485e+00
2.331000006949656811e+00,2.111704513274498485e+00
2.331500006951147341e+00,2.111704513274498485e+00
2.332000006952638316e+00,2.111704513274498485e+00
2.332500006954128846e+00,2.111704513274498485e+00
2.333000006955619376e+00,2.111704513274498485e+00
2.333500006957110351e+00,2.111704513274498485e+00
2.334000006958600881e+00,2.111704513274498485e+00
2.334500006960091856e+00,2.111704513274498485e+00
2.335000006961582386e+00,2.111704513274498485e+00
2.335500006963072916e+00,2.111704513274498485e+00
2.336000006964563891e+00,2.111704513274498485e+00
2.336500006966054421e+00,2.111704513274498485e+00
2.337000006967545396e+00,2.111704513274498485e+00
2.337500006969035926e+00,2.111704513274498485e+00
2.338000006970526456e+00,2.111704513274498485e+00
2.338500006972017431e+00,2.111704513274498485e+00
2.339000006973507961e+00,2.111704513274498485e+00
2.339500006974998492e+00,2.111704513274498485e+00
2.340000006976489466e+00,2.111704513274498485e+00
2.340500006977979996e+00,2.111704513274498485e+00
2.341000006979470971e+00,2.111704513274498485e+00
2.341500006980961501e+00,2.111704513274498485e+00
2.342000006982452032e+00,2.111704513274498485e+00
2.342500006983943006e+00,2.111704513274498485e+00
2.343000006985433536e+00,2.111704513274498485e+00
2.343500006986924511e+00,2.111704513274498485e+00
2.344000006988415041e+00,2.111704513274498485e+00
2.344500006989905572e+00,2.111704513274498485e+00
2.345000006991396546e+00,2.111704513274498485e+00
2.345500006992887077e+00,2.111704513274498485e+00
2.346000006994378051e+00,2.111704513274498485e+00
2.346500006995868581e+00,2.111704513274498485e+00
2.347000006997359112e+00,2.111704513274498485e+00
2.347500006998850086e+00,2.111704513274498485e+00
2.348000007000340617e+00,2.111704513274498485e+00
2.348500007001831147e+00,2.111704513274498485e+00
2.349000007003322121e+00,2.111704513274498485e+00
2.349500007004812652e+00,2.111704513274498485e+00
2.350000007006303626e+00,2.116081449525403890e+00
2.350500007007794157e+00,2.116081449525403890e+00
2.351000007009284687e+00,2.116081449525403890e+00
2.351500007010775661e+00,2.116081449525403890e+00
2.352000007012266192e+00,2.116081449525403890e+00
2.352500007013757166e+00,2.116081449525403890e+00
2.353000007015247697e+00,2.116081449525403890e+00
2.353500007016738227e+00,2.116081449525403890e+00
2.354000007018229201e+00,2.116081449525403890e+00
2.354500007019719732e+00,2.116081449525403890e+00
2.355000007021210262e+00,2.116081449525403890e+00
2.355500007022701237e+00,2.116081449525403890e+00
2.356000007024191767e+00,2.116081449525403890e+00
2.356500007025682741e+00,2.116081449525403890e+00
2.357000007027173272e+00,2.116081449525403890e+00
2.357500007028663802e+00,2.116081449525403890e+00
2.358000007030154777e+00,2.116081449525403890e+00
2.358500007031645307e+00,2.116081449525403890e+00
2.359000007033136281e+00,2.116081449525403890e+00
2.359500007034626812e+00,2.116081449525403890e+00
2.360000007036117342e+00,2.116081449525403890e+00
2.360500007037608317e+00,2.116081449525403890e+00
2.361000007039098847e+00,2.116081449525403890e+00
2.361500007040589821e+00,2.116081449525403890e+00
2.362000007042080352e+00,2.116081449525403890e+00
2.362500007043570882e+00,2.114105152283615396e+00
2.363000007045061857e+00,2.114105152283615396e+00
2.363500007046552387e+00,2.114105152283615396e+00
2.364000007048042917e+00,2.114105152283615396e+00
2.364500007049533892e+00,2.114105152283615396e+00
2.365000007051024422e+00,2.114105152283615396e+00
2.365500007052515397e+00,2.114105152283615396e+00
2.366000007054005927e+00,2.114105152283615396e+00
2.366500007055496457e+00,2.114105152283615396e+00
2.367000007056987432e+00,2.114105152283615396e+00
2.367500007058477962e+00,2.114105152283615396e+00
2.368000007059968937e+00,2.114105152283615396e+00
2.368500007061459467e+00,2.114105152283615396e+00
2.369000007062949997e+00,2.114105152283615396e+00
2.369500007064440972e+00,2.114105152283615396e+00
2.370000007065931502e+00,2.114105152283615396e+00
2.370500007067422477e+00,2.114105152283615396e+00
2.371000007068913007e+00,2.114105152283615396e+00
2.371500007070403537e+00,2.114105152283615396e+00
2.372000007071894512e+00,2.114105152283615396e+00
2.372500007073385042e+00,2.114105152283615396e+00
2.373000007074875572e+00,2.114105152283615396e+00
2.373500007076366547e+00,2.114105152283615396e+00
2.374000007077857077e+00,2.114105152283615396e+00
2.374500007079348052e+00,2.114105152283615396e+00
2.375000007080838582e+00,2.114105152283615396e+00
2.375500007082329113e+00,2.114105152283615396e+00
2.376000007083820087e+00,2.114105152283615396e+00
2.376500007085310617e+00,2.114105152283615396e+00
2.377000007086801592e+00,2.114105152283615396e+00
2.377500007088292122e+00,2.114105152283615396e+00
2.378000007089782653e+00,2.114105152283615396e+00
2.378500007091273627e+00,2.114105152283615396e+00
2.379000007092764157e+00,2.114105152283615396e+00
2.379500007094255132e+00,2.114105152283615396e+00
2.380000007095745662e+00,2.114105152283615396e+00
2.380500007097236193e+00,2.114105152283615396e+00
2.381000007098727167e+00,2.114105152283615396e+00
2.381500007100217697e+00,2.114105152283615396e+00
2.382000007101708228e+00,2.114105152283615396e+00
2.382500007103199202e+00,2.114105152283615396e+00
2.383000007104689733e+00,2.114105152283615396e+00
2.383500007106180707e+00,2.114105152283615396e+00
2.384000007107671237e+00,2.114105152283615396e+00
2.384500007109161768e+00,2.114105152283615396e+00
2.385000007110652742e+00,2.114105152283615396e+00
2.385500007112143273e+00,2.114105152283615396e+00
2.386000007113634247e+00,2.114105152283615396e+00
2.386500007115124777e+00,2.114105152283615396e+00
2.387000007116615308e+00,2.114105152283615396e+00
2.387500007118106282e+00,2.114105152283615396e+00
2.388000007119596813e+00,2.114105152283615396e+00
2.388500007121087787e+00,2.114105152283615396e+00
2.389000007122578317e+00,2.114105152283615396e+00
2.389500007124068848e+00,2.114105152283615396e+00
2.390000007125559822e+00,2.114105152283615396e+00
2.390500007127050353e+00,2.114105152283615396e+00
2.391000007128540883e+00,2.114105152283615396e+00
2.391500007130031857e+00,2.114105152283615396e+00
2.392000007131522388e+00,2.114105152283615396e+00
2.392500007133013362e+00,2.114105152283615396e+00
2.393000007134503893e+00,2.114105152283615396e+00
2.393500007135994423e+00,2.114105152283615396e+00
2.394000007137485397e+00,2.114105152283615396e+00
2.394500007138975928e+00,2.114105152283615396e+00
2.395000007140466902e+00,2.114105152283615396e+00
2.395500007141957433e+00,2.114105152283615396e+00
2.396000007143447963e+00,2.114105152283615396e+00
2.396500007144938937e+00,2.114105152283615396e+00
2.397000007146429468e+00,2.114105152283615396e+00
2.397500007147920442e+00,2.114105152283615396e+00
2.398000007149410973e+00,2.114105152283615396e+00
2.398500007150901503e+00,2.114105152283615396e+00
2.399000007152392477e+00,2.114105152283615396e+00
2.399500007153883008e+00,2.114105152283615396e+00
2.400000007155373538e+00,2.114105152283615396e+00
2.400500007156864513e+00,2.114105152283615396e+00
2.401000007158355043e+00,2.114105152283615396e+00
2.401500007159846017e+00,2.114105152283615396e+00
2.402000007161336548e+00,2.114105152283615396e+00
2.402500007162827078e+00,2.114105152283615396e+00
2.403000007164318053e+00,2.114105152283615396e+00
2.403500007165808583e+00,2.114105152283615396e+00
2.404000007167299557e+00,2.114105152283615396e+00
2.404500007168790088e+00,2.114105152283615396e+00
2.405000007170280618e+00,2.114105152283615396e+00
2.405500007171771593e+00,2.114105152283615396e+00
2.406000007173262123e+00,2.114105152283615396e+00
2.406500007174753097e+00,2.114105152283615396e+00
2.407000007176243628e+00,2.114105152283615396e+00
2.407500007177734158e+00,2.114105152283615396e+00
2.408000007179225133e+00,2.114105152283615396e+00
2.408500007180715663e+00,2.114105152283615396e+00
2.409000007182206193e+00,2.114105152283615396e+00
2.409500007183697168e+00,2.114105152283615396e+00
2.410000007185187698e+00,2.114105152283615396e+00
2.410500007186678673e+00,2.114105152283615396e+00
2.411000007188169203e+00,2.114105152283615396e+00
2.411500007189659733e+00,2.114105152283615396e+00
2.412000007191150708e+00,2.114105152283615396e+00
2.412500007192641238e+00,2.114105152283615396e+00
2.413000007194132213e+00,2.114105152283615396e+00
2.413500007195622743e+00,2.114105152283615396e+00
2.414000007197113273e+00,2.114105152283615396e+00
2.414500007198604248e+00,2.114105152283615396e+00
2.415000007200094778e+00,2.114105152283615396e+00
2.415500007201585309e+00,2.114105152283615396e+00
2.416000007203076283e+00,2.114105152283615396e+00
2.416500007204566813e+00,2.114105152283615396e+00
2.417000007206057788e+00,2.114105152283615396e+00
2.417500007207548318e+00,2.114105152283615396e+00
2.418000007209038849e+00,2.114105152283615396e+00
2.418500007210529823e+00,2.114105152283615396e+00
2.419000007212020353e+00,2.114105152283615396e+00
2.419500007213511328e+00,2.114105152283615396e+00
2.420000007215001858e+00,2.114105152283615396e+00
2.420500007216492389e+00,2.114105152283615396e+00
2.421000007217983363e+00,2.114105152283615396e+00
2.421500007219473893e+00,2.114105152283615396e+00
2.422000007220964868e+00,2.114105152283615396e+00
2.422500007222455398e+00,2.114105152283615396e+00
2.423000007223945929e+00,2.114105152283615396e+00
2.423500007225436903e+00,2.114105152283615396e+00
2.424000007226927433e+00,2.114105152283615396e+00
2.424500007228417964e+00,2.114105152283615396e+00
2.425000007229908938e+00,2.113954324708986920e+00
2.425500007231399469e+00,2.113954324708986920e+00
2.426000007232890443e+00,2.113954324708986920e+00
2.426500007234380973e+00,2.113954324708986920e+00
2.427000007235871504e+00,2.113954324708986920e+00
2.427500007237362478e+00,2.113954324708986920e+00
2.428000007238853009e+00,2.113954324708986920e+00
2.428500007240343983e+00,2.113954324708986920e+00
2.429000007241834513e+00,2.113954324708986920e+00
2.429500007243325044e+00,2.113954324708986920e+00
2.430000007244816018e+00,2.113954324708986920e+00
2.430500007246306549e+00,2.113954324708986920e+00
2.431000007247797523e+00,2.113954324708986920e+00
2.431500007249288053e+00,2.113954324708986920e+00
2.432000007250778584e+00,2.113954324708986920e+00
2.432500007252269558e+00,2.113954324708986920e+00
2.433000007253760089e+00,2.113954324708986920e+00
2.433500007255250619e+00,2.113954324708986920e+00
2.434000007256741593e+00,2.113954324708986920e+00
2.434500007258232124e+00,2.113954324708986920e+00
2.435000007259723098e+00,2.113954324708986920e+00
2.435500007261213629e+00,2.113954324708986920e+00
2.436000007262704159e+00,2.113954324708986920e+00
2.436500007264195133e+00,2.113954324708986920e+00
2.437000007265685664e+00,2.113954324708986920e+00
2.437500007267176638e+00,2.113954324708986920e+00
2.438000007268667169e+00,2.113954324708986920e+00
2.438500007270157699e+00,2.113954324708986920e+00
2.439000007271648673e+00,2.113954324708986920e+00
2.439500007273139204e+00,2.113954324708986920e+00
2.440000007274630178e+00,2.113954324708986920e+00
2.440500007276120709e+00,2.113954324708986920e+00
2.441000007277611239e+00,2.113954324708986920e+00
2.441500007279102213e+00,2.113954324708986920e+00
2.442000007280592744e+00,2.113954324708986920e+00
2.442500007282083274e+00,2.113954324708986920e+00
2.443000007283574249e+00,2.113954324708986920e+00
2.443500007285064779e+00,2.113954324708986920e+00
2.444000007286555753e+00,2.113954324708986920e+00
2.444500007288046284e+00,2.113954324708986920e+00
2.445000007289536814e+00,2.113954324708986920e+00
2.445500007291027789e+00,2.113954324708986920e+00
2.446000007292518319e+00,2.113954324708986920e+00
2.446500007294009293e+00,2.113954324708986920e+00
2.447000007295499824e+00,2.113954324708986920e+00
2.447500007296990354e+00,2.113954324708986920e+00
2.448000007298481329e+00,2.113954324708986920e+00
2.448500007299971859e+00,2.113954324708986920e+00
2.449000007301462833e+00,2.113954324708986920e+00
2.449500007302953364e+00,2.113954324708986920e+00
2.450000007304443894e+00,2.113954324708986920e+00
2.450500007305934869e+00,2.113954324708986920e+00
2.451000007307425399e+00,2.113954324708986920e+00
2.451500007308915929e+00,2.113954324708986920e+00
2.452000007310406904e+00,2.113954324708986920e+00
2.452500007311897434e+00,2.113954324708986920e+00
2.453000007313388409e+00,2.113954324708986920e+00
2.453500007314878939e+00,2.113954324708986920e+00
2.454000007316369469e+00,2.113954324708986920e+00
2.454500007317860444e+00,2.113954324708986920e+00
2.455000007319350974e+00,2.113954324708986920e+00
2.455500007320841949e+00,2.113954324708986920e+00
2.456000007322332479e+00,2.113954324708986920e+00
2.456500007323823009e+00,2.113954324708986920e+00
2.457000007325313984e+00,2.113954324708986920e+00
2.457500007326804514e+00,2.113954324708986920e+00
2.458000007328295489e+00,2.113954324708986920e+00
2.458500007329786019e+00,2.113954324708986920e+00
2.459000007331276549e+00,2.113954324708986920e+00
2.459500007332767524e+00,2.113954324708986920e+00
2.460000007334258054e+00,2.113954324708986920e+00
2.460500007335748585e+00,2.113954324708986920e+00
2.461000007337239559e+00,2.113954324708986920e+00
2.461500007338730089e+00,2.113954324708986920e+00
2.462000007340221064e+00,2.113954324708986920e+00
2.462500007341711594e+00,2.102991168063157890e+00
2.463000007343202125e+00,2.102991168063157890e+00
2.463500007344693099e+00,2.102991168063157890e+00
2.464000007346183629e+00,2.102991168063157890e+00
2.464500007347674604e+00,2.102991168063157890e+00
2.465000007349165134e+00,2.102991168063157890e+00
2.465500007350655665e+00,2.102991168063157890e+00
2.466000007352146639e+00,2.102991168063157890e+00
2.466500007353637169e+00,2.102991168063157890e+00
2.467000007355128144e+00,2.102991168063157890e+00
2.467500007356618674e+00,2.102991168063157890e+00
2.468000007358109205e+00,2.102991168063157890e+00
2.468500007359600179e+00,2.102991168063157890e+00
2.469000007361090709e+00,2.102991168063157890e+00
2.469500007362581240e+00,2.102991168063157890e+00
2.470000007364072214e+00,2.102991168063157890e+00
2.470500007365562745e+00,2.102991168063157890e+00
2.471000007367053719e+00,2.102991168063157890e+00
2.471500007368544249e+00,2.102991168063157890e+00
2.472000007370034780e+00,2.102991168063157890e+00
2.472500007371525754e+00,2.102991168063157890e+00
2.473000007373016285e+00,2.102991168063157890e+00
2.473500007374507259e+00,2.102991168063157890e+00
2.474000007375997789e+00,2.102991168063157890e+00
2.474500007377488320e+00,2.102991168063157890e+00
2.475000007378979294e+00,2.102991168063157890e+00
2.475500007380469825e+00,2.102991168063157890e+00
2.476000007381960355e+00,2.102991168063157890e+00
2.476500007383451329e+00,2.102991168063157890e+00
2.477000007384941860e+00,2.102991168063157890e+00
2.477500007386432834e+00,2.102991168063157890e+00
2.478000007387923365e+00,2.102991168063157890e+00
2.478500007389413895e+00,2.102991168063157890e+00
2.479000007390904869e+00,2.102991168063157890e+00
2.479500007392395400e+00,2.102991168063157890e+00
2.480000007393886374e+00,2.102991168063157890e+00
2.480500007395376905e+00,2.102991168063157890e+00
2.481000007396867435e+00,2.102991168063157890e+00
2.481500007398358409e+00,2.102991168063157890e+00
2.482000007399848940e+00,2.102991168063157890e+00
2.482500007401339914e+00,2.102991168063157890e+00
2.483000007402830445e+00,2.102991168063157890e+00
2.483500007404320975e+00,2.102991168063157890e+00
2.484000007405811949e+00,2.102991168063157890e+00
2.484500007407302480e+00,2.102991168063157890e+00
2.485000007408793010e+00,2.102991168063157890e+00
2.485500007410283985e+00,2.102991168063157890e+00
2.486000007411774515e+00,2.102991168063157890e+00
2.486500007413265489e+00,2.102991168063157890e+00
2.487000007414756020e+00,2.102991168063157890e+00
2.487500007416246550e+00,2.102991168063157890e+00
2.488000007417737525e+00,2.102991168063157890e+00
2.488500007419228055e+00,2.102991168063157890e+00
2.489000007420719029e+00,2.102991168063157890e+00
2.489500007422209560e+00,2.102991168063157890e+00
2.490000007423700090e+00,2.102991168063157890e+00
2.490500007425191065e+00,2.102991168063157890e+00
2.491000007426681595e+00,2.102991168063157890e+00
2.491500007428172569e+00,2.102991168063157890e+00
2.492000007429663100e+00,2.102991168063157890e+00
2.492500007431153630e+00,2.102991168063157890e+00
2.493000007432644605e+00,2.102991168063157890e+00
2.493500007434135135e+00,2.102991168063157890e+00
2.494000007435625665e+00,2.102991168063157890e+00
2.494500007437116640e+00,2.102991168063157890e+00
2.495000007438607170e+00,2.102991168063157890e+00
2.495500007440098145e+00,2.102991168063157890e+00
2.496000007441588675e+00,2.102991168063157890e+00
2.496500007443079205e+00,2.102991168063157890e+00
2.497000007444570180e+00,2.102991168063157890e+00
2.497500007446060710e+00,2.102991168063157890e+00
2.498000007447551685e+00,2.102991168063157890e+00
2.498500007449042215e+00,2.102991168063157890e+00
2.499000007450532745e+00,2.102991168063157890e+00
2.499500007452023720e+00,2.102991168063157890e+00
2.500000007453514250e+00,2.111986929834455129e+00
2.500500007455005225e+00,2.111986929834455129e+00
2.501000007456495755e+00,2.111986929834455129e+00
2.501500007457986285e+00,2.111986929834455129e+00
2.502000007459477260e+00,2.111986929834455129e+00
2.502500007460967790e+00,2.111986929834455129e+00
2.503000007462458321e+00,2.111986929834455129e+00
2.503500007463949295e+00,2.111986929834455129e+00
2.504000007465439825e+00,2.111986929834455129e+00
2.504500007466930800e+00,2.111986929834455129e+00
2.505000007468421330e+00,2.111986929834455129e+00
2.505500007469911861e+00,2.111986929834455129e+00
2.506000007471402835e+00,2.111986929834455129e+00
2.506500007472893365e+00,2.111986929834455129e+00
2.507000007474384340e+00,2.111986929834455129e+00
2.507500007475874870e+00,2.111986929834455129e+00
2.508000007477365401e+00,2.111986929834455129e+00
2.508500007478856375e+00,2.111986929834455129e+00
2.509000007480346905e+00,2.111986929834455129e+00
2.509500007481837880e+00,2.111986929834455129e+00
2.510000007483328410e+00,2.111986929834455129e+00
2.510500007484818941e+00,2.111986929834455129e+00
2.511000007486309915e+00,2.111986929834455129e+00
2.511500007487800445e+00,2.111986929834455129e+00
2.512000007489290976e+00,2.111986929834455129e+00
2.512500007490781950e+00,2.111986929834455129e+00
2.513000007492272481e+00,2.111986929834455129e+00
2.513500007493763455e+00,2.111986929834455129e+00
2.514000007495253985e+00,2.111986929834455129e+00
2.514500007496744516e+00,2.111986929834455129e+00
2.515000007498235490e+00,2.111986929834455129e+00
2.515500007499726021e+00,2.111986929834455129e+00
2.516000007501216995e+00,2.111986929834455129e+00
2.516500007502707525e+00,2.111986929834455129e+00
2.517000007504198056e+00,2.111986929834455129e+00
2.517500007505689030e+00,2.111986929834455129e+00
2.518000007507179561e+00,2.111986929834455129e+00
2.518500007508670535e+00,2.111986929834455129e+00
2.519000007510161065e+00,2.111986929834455129e+00
2.519500007511651596e+00,2.111986929834455129e+00
2.520000007513142570e+00,2.111986929834455129e+00
2.520500007514633101e+00,2.111986929834455129e+00
2.521000007516123631e+00,2.111986929834455129e+00
2.521500007517614605e+00,2.111986929834455129e+00
2.522000007519105136e+00,2.111986929834455129e+00
2.522500007520596110e+00,2.111986929834455129e+00
2.523000007522086641e+00,2.111986929834455129e+00
2.523500007523577171e+00,2.111986929834455129e+00
2.524000007525068145e+00,2.111986929834455129e+00
2.524500007526558676e+00,2.111986929834455129e+00
2.525000007528049650e+00,2.111986929834455129e+00
2.525500007529540181e+00,2.111986929834455129e+00
2.526000007531030711e+00,2.111986929834455129e+00
2.526500007532521686e+00,2.111986929834455129e+00
2.527000007534012216e+00,2.111986929834455129e+00
2.527500007535503190e+00,2.111986929834455129e+00
2.528000007536993721e+00,2.111986929834455129e+00
2.528500007538484251e+00,2.111986929834455129e+00
2.529000007539975226e+00,2.111986929834455129e+00
2.529500007541465756e+00,2.111986929834455129e+00
2.530000007542956286e+00,2.111986929834455129e+00
2.530500007544447261e+00,2.111986929834455129e+00
2.531000007545937791e+00,2.111986929834455129e+00
2.531500007547428766e+00,2.111986929834455129e+00
2.532000007548919296e+00,2.111986929834455129e+00
2.532500007550409826e+00,2.111986929834455129e+00
2.533000007551900801e+00,2.111986929834455129e+00
2.533500007553391331e+00,2.111986929834455129e+00
2.534000007554882306e+00,2.111986929834455129e+00
2.534500007556372836e+00,2.111986929834455129e+00
2.535000007557863366e+00,2.111986929834455129e+00
2.535500007559354341e+00,2.111986929834455129e+00
2.536000007560844871e+00,2.111986929834455129e+00
2.536500007562335401e+00,2.111986929834455129e+00
2.537000007563826376e+00,2.111986929834455129e+00
2.537500007565316906e+00,2.111986929834455129e+00
2.538000007566807881e+00,2.111986929834455129e+00
2.538500007568298411e+00,2.111986929834455129e+00
2.539000007569788941e+00,2.111986929834455129e+00
2.539500007571279916e+00,2.111986929834455129e+00
2.540000007572770446e+00,2.111986929834455129e+00
2.540500007574261421e+00,2.111986929834455129e+00
2.541000007575751951e+00,2.111986929834455129e+00
2.541500007577242481e+00,2.111986929834455129e+00
2.542000007578733456e+00,2.111986929834455129e+00
2.542500007580223986e+00,2.111986929834455129e+00
2.543000007581714961e+00,2.111986929834455129e+00
2.543500007583205491e+00,2.111986929834455129e+00
2.544000007584696021e+00,2.111986929834455129e+00
2.544500007586186996e+00,2.111986929834455129e+00
2.545000007587677526e+00,2.111986929834455129e+00
2.545500007589168057e+00,2.111986929834455129e+00
2.546000007590659031e+00,2.111986929834455129e+00
2.546500007592149561e+00,2.111986929834455129e+00
2.547000007593640536e+00,2.111986929834455129e+00
2.547500007595131066e+00,2.111986929834455129e+00
2.548000007596621597e+00,2.111986929834455129e+00
2.548500007598112571e+00,2.111986929834455129e+00
2.549000007599603101e+00,2.111986929834455129e+00
2.549500007601094076e+00,2.111986929834455129e+00
2.550000007602584606e+00,2.113092342139217372e+00
2.550500007604075137e+00,2.113092342139217372e+00
2.551000007605566111e+00,2.113092342139217372e+00
2.551500007607056641e+00,2.113092342139217372e+00
2.552000007608547616e+00,2.113092342139217372e+00
2.552500007610038146e+00,2.113092342139217372e+00
2.553000007611528677e+00,2.113092342139217372e+00
2.553500007613019651e+00,2.113092342139217372e+00
2.554000007614510181e+00,2.113092342139217372e+00
2.554500007616000712e+00,2.113092342139217372e+00
2.555000007617491686e+00,2.113092342139217372e+00
2.555500007618982217e+00,2.113092342139217372e+00
2.556000007620473191e+00,2.113092342139217372e+00
2.556500007621963722e+00,2.113092342139217372e+00
2.557000007623454252e+00,2.113092342139217372e+00
2.557500007624945226e+00,2.113092342139217372e+00
2.558000007626435757e+00,2.113092342139217372e+00
2.558500007627926731e+00,2.113092342139217372e+00
2.559000007629417262e+00,2.113092342139217372e+00
2.559500007630907792e+00,2.113092342139217372e+00
2.560000007632398766e+00,2.113092342139217372e+00
2.560500007633889297e+00,2.113092342139217372e+00
2.561000007635380271e+00,2.113092342139217372e+00
2.561500007636870802e+00,2.113092342139217372e+00
2.562000007638361332e+00,2.113092342139217372e+00
2.562500007639852306e+00,2.136165789885603239e+00
2.563000007641342837e+00,2.136165789885603239e+00
2.563500007642833367e+00,2.136165789885603239e+00
2.564000007644324342e+00,2.136165789885603239e+00
2.564500007645814872e+00,2.136165789885603239e+00
2.565000007647305846e+00,2.136165789885603239e+00
2.565500007648796377e+00,2.136165789885603239e+00
2.566000007650286907e+00,2.136165789885603239e+00
2.566500007651777882e+00,2.136165789885603239e+00
2.567000007653268412e+00,2.136165789885603239e+00
2.567500007654759386e+00,2.136165789885603239e+00
2.568000007656249917e+00,2.136165789885603239e+00
2.568500007657740447e+00,2.136165789885603239e+00
2.569000007659231422e+00,2.136165789885603239e+00
2.569500007660721952e+00,2.136165789885603239e+00
2.570000007662212926e+00,2.136165789885603239e+00
2.570500007663703457e+00,2.136165789885603239e+00
2.571000007665193987e+00,2.136165789885603239e+00
2.571500007666684962e+00,2.136165789885603239e+00
2.572000007668175492e+00,2.136165789885603239e+00
2.572500007669666022e+00,2.136165789885603239e+00
2.573000007671156997e+00,2.136165789885603239e+00
2.573500007672647527e+00,2.136165789885603239e+00
2.574000007674138502e+00,2.136165789885603239e+00
2.574500007675629032e+00,2.136165789885603239e+00
2.575000007677119562e+00,2.153032618521838693e+00
2.575500007678610537e+00,2.153032618521838693e+00
2.576000007680101067e+00,2.153032618521838693e+00
2.576500007681592042e+00,2.153032618521838693e+00
2.577000007683082572e+00,2.153032618521838693e+00
2.577500007684573102e+00,2.153032618521838693e+00
2.578000007686064077e+00,2.153032618521838693e+00
2.578500007687554607e+00,2.153032618521838693e+00
2.579000007689045582e+00,2.153032618521838693e+00
2.579500007690536112e+00,2.153032618521838693e+00
2.580000007692026642e+00,2.153032618521838693e+00
2.580500007693517617e+00,2.153032618521838693e+00
2.581000007695008147e+00,2.153032618521838693e+00
2.581500007696498677e+00,2.153032618521838693e+00
2.582000007697989652e+00,2.153032618521838693e+00
2.582500007699480182e+00,2.153032618521838693e+00
2.583000007700971157e+00,2.153032618521838693e+00
2.583500007702461687e+00,2.153032618521838693e+00
2.584000007703952217e+00,2.153032618521838693e+00
2.584500007705443192e+00,2.153032618521838693e+00
2.585000007706933722e+00,2.153032618521838693e+00
2.585500007708424697e+00,2.153032618521838693e+00
2.586000007709915227e+00,2.153032618521838693e+00
2.586500007711405758e+00,2.153032618521838693e+00
2.587000007712896732e+00,2.153032618521838693e+00
2.587500007714387262e+00,2.146821919284031210e+00
2.588000007715878237e+00,2.146821919284031210e+00
2.588500007717368767e+00,2.146821919284031210e+00
2.589000007718859298e+00,2.146821919284031210e+00
2.589500007720350272e+00,2.146821919284031210e+00
2.590000007721840802e+00,2.146821919284031210e+00
2.590500007723331333e+00,2.146821919284031210e+00
2.591000007724822307e+00,2.146821919284031210e+00
2.591500007726312838e+00,2.146821919284031210e+00
2.592000007727803812e+00,2.146821919284031210e+00
2.592500007729294342e+00,2.146821919284031210e+00
2.593000007730784873e+00,2.146821919284031210e+00
2.593500007732275847e+00,2.146821919284031210e+00
2.594000007733766378e+00,2.146821919284031210e+00
2.594500007735257352e+00,2.146821919284031210e+00
2.595000007736747882e+00,2.146821919284031210e+00
2.595500007738238413e+00,2.146821919284031210e+00
2.596000007739729387e+00,2.146821919284031210e+00
2.596500007741219918e+00,2.146821919284031210e+00
2.597000007742710448e+00,2.146821919284031210e+00
2.597500007744201422e+00,2.146821919284031210e+00
2.598000007745691953e+00,2.146821919284031210e+00
2.598500007747182927e+00,2.146821919284031210e+00
2.599000007748673458e+00,2.146821919284031210e+00
2.599500007750163988e+00,2.146821919284031210e+00
2.600000007751654962e+00,2.146821919284031210e+00
2.600500007753145493e+00,2.146821919284031210e+00
2.601000007754636467e+00,2.146821919284031210e+00
2.601500007756126998e+00,2.146821919284031210e+00
2.602000007757617528e+00,2.146821919284031210e+00
2.602500007759108502e+00,2.146821919284031210e+00
2.603000007760599033e+00,2.146821919284031210e+00
2.603500007762090007e+00,2.146821919284031210e+00
2.604000007763580538e+00,2.146821919284031210e+00
2.604500007765071068e+00,2.146821919284031210e+00
2.605000007766562042e+00,2.146821919284031210e+00
2.605500007768052573e+00,2.146821919284031210e+00
2.606000007769543103e+00,2.146821919284031210e+00
2.606500007771034078e+00,2.146821919284031210e+00
2.607000007772524608e+00,2.146821919284031210e+00
2.607500007774015582e+00,2.146821919284031210e+00
2.608000007775506113e+00,2.146821919284031210e+00
2.608500007776996643e+00,2.146821919284031210e+00
2.609000007778487618e+00,2.146821919284031210e+00
2.609500007779978148e+00,2.146821919284031210e+00
2.610000007781469122e+00,2.146821919284031210e+00
2.610500007782959653e+00,2.146821919284031210e+00
2.611000007784450183e+00,2.146821919284031210e+00
2.611500007785941158e+00,2.146821919284031210e+00
2.612000007787431688e+00,2.146821919284031210e+00
2.612500007788922662e+00,2.129686132655371100e+00
2.613000007790413193e+00,2.129686132655371100e+00
2.613500007791903723e+00,2.129686132655371100e+00
2.614000007793394698e+00,2.129686132655371100e+00
2.614500007794885228e+00,2.129686132655371100e+00
2.615000007796375758e+00,2.129686132655371100e+00
2.615500007797866733e+00,2.129686132655371100e+00
2.616000007799357263e+00,2.129686132655371100e+00
2.616500007800848238e+00,2.129686132655371100e+00
2.617000007802338768e+00,2.129686132655371100e+00
2.617500007803829298e+00,2.129686132655371100e+00
2.618000007805320273e+00,2.129686132655371100e+00
2.618500007806810803e+00,2.129686132655371100e+00
2.619000007808301778e+00,2.129686132655371100e+00
2.619500007809792308e+00,2.129686132655371100e+00
2.620000007811282838e+00,2.129686132655371100e+00
2.620500007812773813e+00,2.129686132655371100e+00
2.621000007814264343e+00,2.129686132655371100e+00
2.621500007815755318e+00,2.129686132655371100e+00
2.622000007817245848e+00,2.129686132655371100e+00
2.622500007818736378e+00,2.129686132655371100e+00
2.623000007820227353e+00,2.129686132655371100e+00
2.623500007821717883e+00,2.129686132655371100e+00
2.624000007823208414e+00,2.129686132655371100e+00
2.624500007824699388e+00,2.129686132655371100e+00
2.625000007826189918e+00,2.129686132655371100e+00
2.625500007827680893e+00,2.129686132655371100e+00
2.626000007829171423e+00,2.129686132655371100e+00
2.626500007830661954e+00,2.129686132655371100e+00
2.627000007832152928e+00,2.129686132655371100e+00
2.627500007833643458e+00,2.129686132655371100e+00
2.628000007835134433e+00,2.129686132655371100e+00
2.628500007836624963e+00,2.129686132655371100e+00
2.629000007838115494e+00,2.129686132655371100e+00
2.629500007839606468e+00,2.129686132655371100e+00
2.630000007841096998e+00,2.129686132655371100e+00
2.630500007842587973e+00,2.129686132655371100e+00
2.631000007844078503e+00,2.129686132655371100e+00
2.631500007845569034e+00,2.129686132655371100e+00
2.632000007847060008e+00,2.129686132655371100e+00
2.632500007848550538e+00,2.129686132655371100e+00
2.633000007850041069e+00,2.129686132655371100e+00
2.633500007851532043e+00,2.129686132655371100e+00
2.634000007853022574e+00,2.129686132655371100e+00
2.634500007854513548e+00,2.129686132655371100e+00
2.635000007856004078e+00,2.129686132655371100e+00
2.635500007857494609e+00,2.129686132655371100e+00
2.636000007858985583e+00,2.129686132655371100e+00
2.636500007860476114e+00,2.129686132655371100e+00
2.637000007861967088e+00,2.129686132655371100e+00
2.637500007863457618e+00,2.129686132655371100e+00
2.638000007864948149e+00,2.129686132655371100e+00
2.638500007866439123e+00,2.129686132655371100e+00
2.639000007867929654e+00,2.129686132655371100e+00
2.639500007869420628e+00,2.129686132655371100e+00
2.640000007870911158e+00,2.129686132655371100e+00
2.640500007872401689e+00,2.129686132655371100e+00
2.641000007873892663e+00,2.129686132655371100e+00
2.641500007875383194e+00,2.129686132655371100e+00
2.642000007876873724e+00,2.129686132655371100e+00
2.642500007878364698e+00,2.129686132655371100e+00
2.643000007879855229e+00,2.129686132655371100e+00
2.643500007881346203e+00,2.129686132655371100e+00
2.644000007882836734e+00,2.129686132655371100e+00
2.644500007884327264e+00,2.129686132655371100e+00
2.645000007885818238e+00,2.129686132655371100e+00
2.645500007887308769e+00,2.129686132655371100e+00
2.646000007888799743e+00,2.129686132655371100e+00
2.646500007890290274e+00,2.129686132655371100e+00
2.647000007891780804e+00,2.129686132655371100e+00
2.647500007893271778e+00,2.129686132655371100e+00
2.648000007894762309e+00,2.129686132655371100e+00
2.648500007896253283e+00,2.129686132655371100e+00
2.649000007897743814e+00,2.129686132655371100e+00
2.649500007899234344e+00,2.129686132655371100e+00
2.650000007900725318e+00,2.130194976966675036e+00
2.650500007902215849e+00,2.130194976966675036e+00
2.651000007903706379e+00,2.130194976966675036e+00
2.651500007905197354e+00,2.130194976966675036e+00
2.652000007906687884e+00,2.130194976966675036e+00
2.652500007908178858e+00,2.130194976966675036e+00
2.653000007909669389e+00,2.130194976966675036e+00
2.653500007911159919e+00,2.130194976966675036e+00
2.654000007912650894e+00,2.130194976966675036e+00
2.654500007914141424e+00,2.130194976966675036e+00
2.655000007915632398e+00,2.130194976966675036e+00
2.655500007917122929e+00,2.130194976966675036e+00
2.656000007918613459e+00,2.130194976966675036e+00
2.656500007920104434e+00,2.130194976966675036e+00
2.657000007921594964e+00,2.130194976966675036e+00
2.657500007923085494e+00,2.130194976966675036e+00
2.658000007924576469e+00,2.130194976966675036e+00
2.658500007926066999e+00,2.130194976966675036e+00
2.659000007927557974e+00,2.130194976966675036e+00
2.659500007929048504e+00,2.130194976966675036e+00
2.660000007930539034e+00,2.130194976966675036e+00
2.660500007932030009e+00,2.130194976966675036e+00
2.661000007933520539e+00,2.130194976966675036e+00
2.661500007935011514e+00,2.130194976966675036e+00
2.662000007936502044e+00,2.130194976966675036e+00
2.662500007937992574e+00,2.130194976966675036e+00
2.663000007939483549e+00,2.130194976966675036e+00
2.663500007940974079e+00,2.130194976966675036e+00
2.664000007942465054e+00,2.130194976966675036e+00
2.664500007943955584e+00,2.130194976966675036e+00
2.665000007945446114e+00,2.130194976966675036e+00
2.665500007946937089e+00,2.130194976966675036e+00
2.666000007948427619e+00,2.130194976966675036e+00
2.666500007949918150e+00,2.130194976966675036e+00
2.667000007951409124e+00,2.130194976966675036e+00
2.667500007952899654e+00,2.130194976966675036e+00
2.668000007954390629e+00,2.130194976966675036e+00
2.668500007955881159e+00,2.130194976966675036e+00
2.669000007957371690e+00,2.130194976966675036e+00
2.669500007958862664e+00,2.130194976966675036e+00
2.670000007960353194e+00,2.130194976966675036e+00
2.670500007961844169e+00,2.130194976966675036e+00
2.671000007963334699e+00,2.130194976966675036e+00
2.671500007964825230e+00,2.130194976966675036e+00
2.672000007966316204e+00,2.130194976966675036e+00
2.672500007967806734e+00,2.130194976966675036e+00
2.673000007969297709e+00,2.130194976966675036e+00
2.673500007970788239e+00,2.130194976966675036e+00
2.674000007972278770e+00,2.130194976966675036e+00
2.674500007973769744e+00,2.130194976966675036e+00
2.675000007975260274e+00,2.130194976966675036e+00
2.675500007976750805e+00,2.130194976966675036e+00
2.676000007978241779e+00,2.130194976966675036e+00
2.676500007979732310e+00,2.130194976966675036e+00
2.677000007981223284e+00,2.130194976966675036e+00
2.677500007982713814e+00,2.130194976966675036e+00
2.678000007984204345e+00,2.130194976966675036e+00
2.678500007985695319e+00,2.130194976966675036e+00
2.679000007987185850e+00,2.130194976966675036e+00
2.679500007988676824e+00,2.130194976966675036e+00
2.680000007990167354e+00,2.130194976966675036e+00
2.680500007991657885e+00,2.130194976966675036e+00
2.681000007993148859e+00,2.130194976966675036e+00
2.681500007994639390e+00,2.130194976966675036e+00
2.682000007996130364e+00,2.130194976966675036e+00
2.682500007997620894e+00,2.130194976966675036e+00
2.683000007999111425e+00,2.130194976966675036e+00
2.683500008000602399e+00,2.130194976966675036e+00
2.684000008002092930e+00,2.130194976966675036e+00
2.684500008003583460e+00,2.130194976966675036e+00
2.685000008005074434e+00,2.130194976966675036e+00
2.685500008006564965e+00,2.130194976966675036e+00
2.686000008008055939e+00,2.130194976966675036e+00
2.686500008009546470e+00,2.130194976966675036e+00
2.687000008011037000e+00,2.130194976966675036e+00
2.687500008012527974e+00,2.130194976966675036e+00
2.688000008014018505e+00,2.130194976966675036e+00
2.688500008015509479e+00,2.130194976966675036e+00
2.689000008017000010e+00,2.130194976966675036e+00
2.689500008018490540e+00,2.130194976966675036e+00
2.690000008019981514e+00,2.130194976966675036e+00
2.690500008021472045e+00,2.130194976966675036e+00
2.691000008022963019e+00,2.130194976966675036e+00
2.691500008024453550e+00,2.130194976966675036e+00
2.692000008025944080e+00,2.130194976966675036e+00
2.692500008027435054e+00,2.130194976966675036e+00
2.693000008028925585e+00,2.130194976966675036e+00
2.693500008030416115e+00,2.130194976966675036e+00
2.694000008031907090e+00,2.130194976966675036e+00
2.694500008033397620e+00,2.130194976966675036e+00
2.695000008034888594e+00,2.130194976966675036e+00
2.695500008036379125e+00,2.130194976966675036e+00
2.696000008037869655e+00,2.130194976966675036e+00
2.696500008039360630e+00,2.130194976966675036e+00
2.697000008040851160e+00,2.130194976966675036e+00
2.697500008042342134e+00,2.130194976966675036e+00
2.698000008043832665e+00,2.130194976966675036e+00
2.698500008045323195e+00,2.130194976966675036e+00
2.699000008046814170e+00,2.130194976966675036e+00
2.699500008048304700e+00,2.130194976966675036e+00
2.700000008049795674e+00,2.130194976966675036e+00
2.700500008051286205e+00,2.130194976966675036e+00
2.701000008052776735e+00,2.130194976966675036e+00
2.701500008054267710e+00,2.130194976966675036e+00
2.702000008055758240e+00,2.130194976966675036e+00
2.702500008057248770e+00,2.130194976966675036e+00
2.703000008058739745e+00,2.130194976966675036e+00
2.703500008060230275e+00,2.130194976966675036e+00
2.704000008061721250e+00,2.130194976966675036e+00
2.704500008063211780e+00,2.130194976966675036e+00
2.705000008064702310e+00,2.130194976966675036e+00
2.705500008066193285e+00,2.130194976966675036e+00
2.706000008067683815e+00,2.130194976966675036e+00
2.706500008069174790e+00,2.130194976966675036e+00
2.707000008070665320e+00,2.130194976966675036e+00
2.707500008072155850e+00,2.130194976966675036e+00
2.708000008073646825e+00,2.130194976966675036e+00
2.708500008075137355e+00,2.130194976966675036e+00
2.709000008076628330e+00,2.130194976966675036e+00
2.709500008078118860e+00,2.130194976966675036e+00
2.710000008079609390e+00,2.130194976966675036e+00
2.710500008081100365e+00,2.130194976966675036e+00
2.711000008082590895e+00,2.130194976966675036e+00
2.711500008084081426e+00,2.130194976966675036e+00
2.712000008085572400e+00,2.130194976966675036e+00
2.712500008087062930e+00,2.130194976966675036e+00
2.713000008088553905e+00,2.130194976966675036e+00
2.713500008090044435e+00,2.130194976966675036e+00
2.714000008091534966e+00,2.130194976966675036e+00
2.714500008093025940e+00,2.130194976966675036e+00
2.715000008094516470e+00,2.130194976966675036e+00
2.715500008096007445e+00,2.130194976966675036e+00
2.716000008097497975e+00,2.130194976966675036e+00
2.716500008098988506e+00,2.130194976966675036e+00
2.717000008100479480e+00,2.130194976966675036e+00
2.717500008101970010e+00,2.130194976966675036e+00
2.718000008103460541e+00,2.130194976966675036e+00
2.718500008104951515e+00,2.130194976966675036e+00
2.719000008106442046e+00,2.130194976966675036e+00
2.719500008107933020e+00,2.130194976966675036e+00
2.720000008109423550e+00,2.130194976966675036e+00
2.720500008110914081e+00,2.130194976966675036e+00
2.721000008112405055e+00,2.130194976966675036e+00
2.721500008113895586e+00,2.130194976966675036e+00
2.722000008115386560e+00,2.130194976966675036e+00
2.722500008116877090e+00,2.130194976966675036e+00
2.723000008118367621e+00,2.130194976966675036e+00
2.723500008119858595e+00,2.130194976966675036e+00
2.724000008121349126e+00,2.130194976966675036e+00
2.724500008122840100e+00,2.130194976966675036e+00
2.725000008124330630e+00,2.123720060767239737e+00
2.725500008125821161e+00,2.123720060767239737e+00
2.726000008127312135e+00,2.123720060767239737e+00
2.726500008128802666e+00,2.123720060767239737e+00
2.727000008130293196e+00,2.123720060767239737e+00
2.727500008131784170e+00,2.123720060767239737e+00
2.728000008133274701e+00,2.123720060767239737e+00
2.728500008134765675e+00,2.123720060767239737e+00
2.729000008136256206e+00,2.123720060767239737e+00
2.729500008137746736e+00,2.123720060767239737e+00
2.730000008139237710e+00,2.123720060767239737e+00
2.730500008140728241e+00,2.123720060767239737e+00
2.731000008142219215e+00,2.123720060767239737e+00
2.731500008143709746e+00,2.123720060767239737e+00
2.732000008145200276e+00,2.123720060767239737e+00
2.732500008146691250e+00,2.123720060767239737e+00
2.733000008148181781e+00,2.123720060767239737e+00
2.733500008149672755e+00,2.123720060767239737e+00
2.734000008151163286e+00,2.123720060767239737e+00
2.734500008152653816e+00,2.123720060767239737e+00
2.735000008154144790e+00,2.123720060767239737e+00
2.735500008155635321e+00,2.123720060767239737e+00
2.736000008157125851e+00,2.123720060767239737e+00
2.736500008158616826e+00,2.123720060767239737e+00
2.737000008160107356e+00,2.123720060767239737e+00
2.737500008161598331e+00,2.123720060767239737e+00
2.738000008163088861e+00,2.123720060767239737e+00
2.738500008164579391e+00,2.123720060767239737e+00
2.739000008166070366e+00,2.123720060767239737e+00
2.739500008167560896e+00,2.123720060767239737e+00
2.740000008169051871e+00,2.123720060767239737e+00
2.740500008170542401e+00,2.123720060767239737e+00
2.741000008172032931e+00,2.123720060767239737e+00
2.741500008173523906e+00,2.123720060767239737e+00
2.742000008175014436e+00,2.123720060767239737e+00
2.742500008176505411e+00,2.123720060767239737e+00
2.743000008177995941e+00,2.123720060767239737e+00
2.743500008179486471e+00,2.123720060767239737e+00
2.744000008180977446e+00,2.123720060767239737e+00
2.744500008182467976e+00,2.123720060767239737e+00
2.745000008183958506e+00,2.123720060767239737e+00
2.745500008185449481e+00,2.123720060767239737e+00
2.746000008186940011e+00,2.123720060767239737e+00
2.746500008188430986e+00,2.123720060767239737e+00
2.747000008189921516e+00,2.123720060767239737e+00
2.747500008191412046e+00,2.123720060767239737e+00
2.748000008192903021e+00,2.123720060767239737e+00
2.748500008194393551e+00,2.123720060767239737e+00
2.749000008195884526e+00,2.123720060767239737e+00
2.749500008197375056e+00,2.123720060767239737e+00
2.750000008198865586e+00,2.124094868113577839e+00
2.750500008200356561e+00,2.124094868113577839e+00
2.751000008201847091e+00,2.124094868113577839e+00
2.751500008203338066e+00,2.124094868113577839e+00
2.752000008204828596e+00,2.124094868113577839e+00
2.752500008206319126e+00,2.124094868113577839e+00
2.753000008207810101e+00,2.124094868113577839e+00
2.753500008209300631e+00,2.124094868113577839e+00
2.754000008210791162e+00,2.124094868113577839e+00
2.754500008212282136e+00,2.124094868113577839e+00
2.755000008213772666e+00,2.124094868113577839e+00
2.755500008215263641e+00,2.124094868113577839e+00
2.756000008216754171e+00,2.124094868113577839e+00
2.756500008218244702e+00,2.124094868113577839e+00
2.757000008219735676e+00,2.124094868113577839e+00
2.757500008221226206e+00,2.124094868113577839e+00
2.758000008222717181e+00,2.124094868113577839e+00
2.758500008224207711e+00,2.124094868113577839e+00
2.759000008225698242e+00,2.124094868113577839e+00
2.759500008227189216e+00,2.124094868113577839e+00
2.760000008228679746e+00,2.124094868113577839e+00
2.760500008230170721e+00,2.124094868113577839e+00
2.761000008231661251e+00,2.124094868113577839e+00
2.761500008233151782e+00,2.124094868113577839e+00
2.762000008234642756e+00,2.124094868113577839e+00
2.762500008236133286e+00,2.124094868113577839e+00
2.763000008237623817e+00,2.124094868113577839e+00
2.763500008239114791e+00,2.124094868113577839e+00
2.764000008240605322e+00,2.124094868113577839e+00
2.764500008242096296e+00,2.124094868113577839e+00
2.765000008243586826e+00,2.124094868113577839e+00
2.765500008245077357e+00,2.124094868113577839e+00
2.766000008246568331e+00,2.124094868113577839e+00
2.766500008248058862e+00,2.124094868113577839e+00
2.767000008249549836e+00,2.124094868113577839e+00
2.767500008251040367e+00,2.124094868113577839e+00
2.768000008252530897e+00,2.124094868113577839e+00
2.768500008254021871e+00,2.124094868113577839e+00
2.769000008255512402e+00,2.124094868113577839e+00
2.769500008257003376e+00,2.124094868113577839e+00
2.770000008258493907e+00,2.124094868113577839e+00
2.770500008259984437e+00,2.124094868113577839e+00
2.771000008261475411e+00,2.124094868113577839e+00
2.771500008262965942e+00,2.124094868113577839e+00
2.772000008264456472e+00,2.124094868113577839e+00
2.772500008265947447e+00,2.124094868113577839e+00
2.773000008267437977e+00,2.124094868113577839e+00
2.773500008268928951e+00,2.124094868113577839e+00
2.774000008270419482e+00,2.124094868113577839e+00
2.774500008271910012e+00,2.124094868113577839e+00
2.775000008273400987e+00,2.124964563579570864e+00
2.775500008274891517e+00,2.124964563579570864e+00
2.776000008276382491e+00,2.124964563579570864e+00
2.776500008277873022e+00,2.124964563579570864e+00
2.777000008279363552e+00,2.124964563579570864e+00
2.777500008280854527e+00,2.124964563579570864e+00
2.778000008282345057e+00,2.124964563579570864e+00
2.778500008283835587e+00,2.124964563579570864e+00
2.779000008285326562e+00,2.124964563579570864e+00
2.779500008286817092e+00,2.124964563579570864e+00
2.780000008288308067e+00,2.124964563579570864e+00
2.780500008289798597e+00,2.124964563579570864e+00
2.781000008291289127e+00,2.124964563579570864e+00
2.781500008292780102e+00,2.124964563579570864e+00
2.782000008294270632e+00,2.124964563579570864e+00
2.782500008295761607e+00,2.124964563579570864e+00
2.783000008297252137e+00,2.124964563579570864e+00
2.783500008298742667e+00,2.124964563579570864e+00
2.784000008300233642e+00,2.124964563579570864e+00
2.784500008301724172e+00,2.124964563579570864e+00
2.785000008303215147e+00,2.124964563579570864e+00
2.785500008304705677e+00,2.124964563579570864e+00
2.786000008306196207e+00,2.124964563579570864e+00
2.786500008307687182e+00,2.124964563579570864e+00
2.787000008309177712e+00,2.124964563579570864e+00
2.787500008310668242e+00,2.131711945971462185e+00
2.788000008312159217e+00,2.131711945971462185e+00
2.788500008313649747e+00,2.131711945971462185e+00
2.789000008315140722e+00,2.131711945971462185e+00
2.789500008316631252e+00,2.131711945971462185e+00
2.790000008318121782e+00,2.131711945971462185e+00
2.790500008319612757e+00,2.131711945971462185e+00
2.791000008321103287e+00,2.131711945971462185e+00
2.791500008322594262e+00,2.131711945971462185e+00
2.792000008324084792e+00,2.131711945971462185e+00
2.792500008325575322e+00,2.131711945971462185e+00
2.793000008327066297e+00,2.131711945971462185e+00
2.793500008328556827e+00,2.131711945971462185e+00
2.794000008330047802e+00,2.131711945971462185e+00
2.794500008331538332e+00,2.131711945971462185e+00
2.795000008333028862e+00,2.131711945971462185e+00
2.795500008334519837e+00,2.131711945971462185e+00
2.796000008336010367e+00,2.131711945971462185e+00
2.796500008337500898e+00,2.131711945971462185e+00
2.797000008338991872e+00,2.131711945971462185e+00
2.797500008340482403e+00,2.131711945971462185e+00
2.798000008341973377e+00,2.131711945971462185e+00
2.798500008343463907e+00,2.131711945971462185e+00
2.799000008344954438e+00,2.131711945971462185e+00
2.799500008346445412e+00,2.131711945971462185e+00
2.800000008347935943e+00,2.131711945971462185e+00
2.800500008349426917e+00,2.131711945971462185e+00
2.801000008350917447e+00,2.131711945971462185e+00
2.801500008352407978e+00,2.131711945971462185e+00
2.802000008353898952e+00,2.131711945971462185e+00
2.802500008355389483e+00,2.131711945971462185e+00
2.803000008356880457e+00,2.131711945971462185e+00
2.803500008358370987e+00,2.131711945971462185e+00
2.804000008359861518e+00,2.131711945971462185e+00
2.804500008361352492e+00,2.131711945971462185e+00
2.805000008362843023e+00,2.131711945971462185e+00
2.805500008364333553e+00,2.131711945971462185e+00
2.806000008365824527e+00,2.131711945971462185e+00
2.806500008367315058e+00,2.131711945971462185e+00
2.807000008368806032e+00,2.131711945971462185e+00
2.807500008370296563e+00,2.131711945971462185e+00
2.808000008371787093e+00,2.131711945971462185e+00
2.808500008373278067e+00,2.131711945971462185e+00
2.809000008374768598e+00,2.131711945971462185e+00
2.809500008376259572e+00,2.131711945971462185e+00
2.810000008377750103e+00,2.131711945971462185e+00
2.810500008379240633e+00,2.131711945971462185e+00
2.811000008380731607e+00,2.131711945971462185e+00
2.811500008382222138e+00,2.131711945971462185e+00
2.812000008383713112e+00,2.131711945971462185e+00
2.812500008385203643e+00,2.144348907467451770e+00
2.813000008386694173e+00,2.144348907467451770e+00
2.813500008388185147e+00,2.144348907467451770e+00
2.814000008389675678e+00,2.144348907467451770e+00
2.814500008391166208e+00,2.144348907467451770e+00
2.815000008392657183e+00,2.144348907467451770e+00
2.815500008394147713e+00,2.144348907467451770e+00
2.816000008395638687e+00,2.144348907467451770e+00
2.816500008397129218e+00,2.144348907467451770e+00
2.817000008398619748e+00,2.144348907467451770e+00
2.817500008400110723e+00,2.144348907467451770e+00
2.818000008401601253e+00,2.144348907467451770e+00
2.818500008403092227e+00,2.144348907467451770e+00
2.819000008404582758e+00,2.144348907467451770e+00
2.819500008406073288e+00,2.144348907467451770e+00
2.820000008407564263e+00,2.144348907467451770e+00
2.820500008409054793e+00,2.144348907467451770e+00
2.821000008410545767e+00,2.144348907467451770e+00
2.821500008412036298e+00,2.144348907467451770e+00
2.822000008413526828e+00,2.144348907467451770e+00
2.822500008415017803e+00,2.144348907467451770e+00
2.823000008416508333e+00,2.144348907467451770e+00
2.823500008417998863e+00,2.144348907467451770e+00
2.824000008419489838e+00,2.144348907467451770e+00
2.824500008420980368e+00,2.144348907467451770e+00
2.825000008422471343e+00,2.144348907467451770e+00
2.825500008423961873e+00,2.144348907467451770e+00
2.826000008425452403e+00,2.144348907467451770e+00
2.826500008426943378e+00,2.144348907467451770e+00
2.827000008428433908e+00,2.144348907467451770e+00
2.827500008429924883e+00,2.144348907467451770e+00
2.828000008431415413e+00,2.144348907467451770e+00
2.828500008432905943e+00,2.144348907467451770e+00
2.829000008434396918e+00,2.144348907467451770e+00
2.829500008435887448e+00,2.144348907467451770e+00
2.830000008437378423e+00,2.144348907467451770e+00
2.830500008438868953e+00,2.144348907467451770e+00
2.831000008440359483e+00,2.144348907467451770e+00
2.831500008441850458e+00,2.144348907467451770e+00
2.832000008443340988e+00,2.144348907467451770e+00
2.832500008444831519e+00,2.144348907467451770e+00
2.833000008446322493e+00,2.144348907467451770e+00
2.833500008447813023e+00,2.144348907467451770e+00
2.834000008449303998e+00,2.144348907467451770e+00
2.834500008450794528e+00,2.144348907467451770e+00
2.835000008452285059e+00,2.144348907467451770e+00
2.835500008453776033e+00,2.144348907467451770e+00
2.836000008455266563e+00,2.144348907467451770e+00
2.836500008456757538e+00,2.144348907467451770e+00
2.837000008458248068e+00,2.144348907467451770e+00
2.837500008459738599e+00,2.144348907467451770e+00
2.838000008461229573e+00,2.144348907467451770e+00
2.838500008462720103e+00,2.144348907467451770e+00
2.839000008464210634e+00,2.144348907467451770e+00
2.839500008465701608e+00,2.144348907467451770e+00
2.840000008467192139e+00,2.144348907467451770e+00
2.840500008468683113e+00,2.144348907467451770e+00
2.841000008470173643e+00,2.144348907467451770e+00
2.841500008471664174e+00,2.144348907467451770e+00
2.842000008473155148e+00,2.144348907467451770e+00
2.842500008474645679e+00,2.144348907467451770e+00
2.843000008476136653e+00,2.144348907467451770e+00
2.843500008477627183e+00,2.144348907467451770e+00
2.844000008479117714e+00,2.144348907467451770e+00
2.844500008480608688e+00,2.144348907467451770e+00
2.845000008482099219e+00,2.144348907467451770e+00
2.845500008483590193e+00,2.144348907467451770e+00
2.846000008485080723e+00,2.144348907467451770e+00
2.846500008486571254e+00,2.144348907467451770e+00
2.847000008488062228e+00,2.144348907467451770e+00
2.847500008489552759e+00,2.144348907467451770e+00
2.848000008491043289e+00,2.144348907467451770e+00
2.848500008492534263e+00,2.144348907467451770e+00
2.849000008494024794e+00,2.144348907467451770e+00
2.849500008495515768e+00,2.144348907467451770e+00
2.850000008497006299e+00,2.128727369648003798e+00
2.850500008498496829e+00,2.128727369648003798e+00
2.851000008499987803e+00,2.128727369648003798e+00
2.851500008501478334e+00,2.128727369648003798e+00
2.852000008502969308e+00,2.128727369648003798e+00
2.852500008504459839e+00,2.128727369648003798e+00
2.853000008505950369e+00,2.128727369648003798e+00
2.853500008507441343e+00,2.128727369648003798e+00
2.854000008508931874e+00,2.128727369648003798e+00
2.854500008510422848e+00,2.128727369648003798e+00
2.855000008511913379e+00,2.128727369648003798e+00
2.855500008513403909e+00,2.128727369648003798e+00
2.856000008514894883e+00,2.128727369648003798e+00
2.856500008516385414e+00,2.128727369648003798e+00
2.857000008517875944e+00,2.128727369648003798e+00
2.857500008519366919e+00,2.128727369648003798e+00
2.858000008520857449e+00,2.128727369648003798e+00
2.858500008522348423e+00,2.128727369648003798e+00
2.859000008523838954e+00,2.128727369648003798e+00
2.859500008525329484e+00,2.128727369648003798e+00
2.860000008526820459e+00,2.128727369648003798e+00
2.860500008528310989e+00,2.128727369648003798e+00
2.861000008529801963e+00,2.128727369648003798e+00
2.861500008531292494e+00,2.128727369648003798e+00
2.862000008532783024e+00,2.128727369648003798e+00
2.862500008534273999e+00,2.128727369648003798e+00
2.863000008535764529e+00,2.128727369648003798e+00
2.863500008537255503e+00,2.128727369648003798e+00
2.864000008538746034e+00,2.128727369648003798e+00
2.864500008540236564e+00,2.128727369648003798e+00
2.865000008541727539e+00,2.128727369648003798e+00
2.865500008543218069e+00,2.128727369648003798e+00
2.866000008544708599e+00,2.128727369648003798e+00
2.866500008546199574e+00,2.128727369648003798e+00
2.867000008547690104e+00,2.128727369648003798e+00
2.867500008549181079e+00,2.128727369648003798e+00
2.868000008550671609e+00,2.128727369648003798e+00
2.868500008552162139e+00,2.128727369648003798e+00
2.869000008553653114e+00,2.128727369648003798e+00
2.869500008555143644e+00,2.128727369648003798e+00
2.870000008556634619e+00,2.128727369648003798e+00
2.870500008558125149e+00,2.128727369648003798e+00
2.871000008559615679e+00,2.128727369648003798e+00
2.871500008561106654e+00,2.128727369648003798e+00
2.872000008562597184e+00,2.128727369648003798e+00
2.872500008564088159e+00,2.128727369648003798e+00
2.873000008565578689e+00,2.128727369648003798e+00
2.873500008567069219e+00,2.128727369648003798e+00
2.874000008568560194e+00,2.128727369648003798e+00
2.874500008570050724e+00,2.128727369648003798e+00
2.875000008571541255e+00,2.128727369648003798e+00
2.875500008573032229e+00,2.128727369648003798e+00
2.876000008574522759e+00,2.128727369648003798e+00
2.876500008576013734e+00,2.128727369648003798e+00
2.877000008577504264e+00,2.128727369648003798e+00
2.877500008578994795e+00,2.128727369648003798e+00
2.878000008580485769e+00,2.128727369648003798e+00
2.878500008581976299e+00,2.128727369648003798e+00
2.879000008583467274e+00,2.128727369648003798e+00
2.879500008584957804e+00,2.128727369648003798e+00
2.880000008586448335e+00,2.128727369648003798e+00
2.880500008587939309e+00,2.128727369648003798e+00
2.881000008589429839e+00,2.128727369648003798e+00
2.881500008590920814e+00,2.128727369648003798e+00
2.882000008592411344e+00,2.128727369648003798e+00
2.882500008593901875e+00,2.128727369648003798e+00
2.883000008595392849e+00,2.128727369648003798e+00
2.883500008596883379e+00,2.128727369648003798e+00
2.884000008598373910e+00,2.128727369648003798e+00
2.884500008599864884e+00,2.128727369648003798e+00
2.885000008601355415e+00,2.128727369648003798e+00
2.885500008602846389e+00,2.128727369648003798e+00
2.886000008604336919e+00,2.128727369648003798e+00
2.886500008605827450e+00,2.128727369648003798e+00
2.887000008607318424e+00,2.128727369648003798e+00
2.887500008608808955e+00,2.128727369648003798e+00
2.888000008610299929e+00,2.128727369648003798e+00
2.888500008611790459e+00,2.128727369648003798e+00
2.889000008613280990e+00,2.128727369648003798e+00
2.889500008614771964e+00,2.128727369648003798e+00
2.890000008616262495e+00,2.128727369648003798e+00
2.890500008617753469e+00,2.128727369648003798e+00
2.891000008619243999e+00,2.128727369648003798e+00
2.891500008620734530e+00,2.128727369648003798e+00
2.892000008622225504e+00,2.128727369648003798e+00
2.892500008623716035e+00,2.128727369648003798e+00
2.893000008625206565e+00,2.128727369648003798e+00
2.893500008626697539e+00,2.128727369648003798e+00
2.894000008628188070e+00,2.128727369648003798e+00
2.894500008629679044e+00,2.128727369648003798e+00
2.895000008631169575e+00,2.128727369648003798e+00
2.895500008632660105e+00,2.128727369648003798e+00
2.896000008634151079e+00,2.128727369648003798e+00
2.896500008635641610e+00,2.128727369648003798e+00
2.897000008637132584e+00,2.128727369648003798e+00
2.897500008638623115e+00,2.128727369648003798e+00
2.898000008640113645e+00,2.128727369648003798e+00
2.898500008641604619e+00,2.128727369648003798e+00
2.899000008643095150e+00,2.128727369648003798e+00
2.899500008644585680e+00,2.128727369648003798e+00
2.900000008646076655e+00,2.111062793731163456e+00
2.900500008647567185e+00,2.111062793731163456e+00
2.901000008649058159e+00,2.111062793731163456e+00
2.901500008650548690e+00,2.111062793731163456e+00
2.902000008652039220e+00,2.111062793731163456e+00
2.902500008653530195e+00,2.111062793731163456e+00
2.903000008655020725e+00,2.111062793731163456e+00
2.903500008656511699e+00,2.111062793731163456e+00
2.904000008658002230e+00,2.111062793731163456e+00
2.904500008659492760e+00,2.111062793731163456e+00
2.905000008660983735e+00,2.111062793731163456e+00
2.905500008662474265e+00,2.111062793731163456e+00
2.906000008663965239e+00,2.111062793731163456e+00
2.906500008665455770e+00,2.111062793731163456e+00
2.907000008666946300e+00,2.111062793731163456e+00
2.907500008668437275e+00,2.111062793731163456e+00
2.908000008669927805e+00,2.111062793731163456e+00
2.908500008671418335e+00,2.111062793731163456e+00
2.909000008672909310e+00,2.111062793731163456e+00
2.909500008674399840e+00,2.111062793731163456e+00
2.910000008675890815e+00,2.111062793731163456e+00
2.910500008677381345e+00,2.111062793731163456e+00
2.911000008678871875e+00,2.111062793731163456e+00
2.911500008680362850e+00,2.111062793731163456e+00
2.912000008681853380e+00,2.111062793731163456e+00
2.912500008683344355e+00,2.111062793731163456e+00
2.913000008684834885e+00,2.111062793731163456e+00
2.913500008686325415e+00,2.111062793731163456e+00
2.914000008687816390e+00,2.111062793731163456e+00
2.914500008689306920e+00,2.111062793731163456e+00
2.915000008690797895e+00,2.111062793731163456e+00
2.915500008692288425e+00,2.111062793731163456e+00
2.916000008693778955e+00,2.111062793731163456e+00
2.916500008695269930e+00,2.111062793731163456e+00
2.917000008696760460e+00,2.111062793731163456e+00
2.917500008698250991e+00,2.111062793731163456e+00
2.918000008699741965e+00,2.111062793731163456e+00
2.918500008701232495e+00,2.111062793731163456e+00
2.919000008702723470e+00,2.111062793731163456e+00
2.919500008704214000e+00,2.111062793731163456e+00
2.920000008705704531e+00,2.111062793731163456e+00
2.920500008707195505e+00,2.111062793731163456e+00
2.921000008708686035e+00,2.111062793731163456e+00
2.921500008710177010e+00,2.111062793731163456e+00
2.922000008711667540e+00,2.111062793731163456e+00
2.922500008713158071e+00,2.111062793731163456e+00
2.923000008714649045e+00,2.111062793731163456e+00
2.923500008716139575e+00,2.111062793731163456e+00
2.924000008717630550e+00,2.111062793731163456e+00
2.924500008719121080e+00,2.111062793731163456e+00
2.925000008720611611e+00,2.121176993320006421e+00
2.925500008722102585e+00,2.121176993320006421e+00
2.926000008723593115e+00,2.121176993320006421e+00
2.926500008725083646e+00,2.121176993320006421e+00
2.927000008726574620e+00,2.121176993320006421e+00
2.927500008728065151e+00,2.121176993320006421e+00
2.928000008729556125e+00,2.121176993320006421e+00
2.928500008731046655e+00,2.121176993320006421e+00
2.929000008732537186e+00,2.121176993320006421e+00
2.929500008734028160e+00,2.121176993320006421e+00
2.930000008735518691e+00,2.121176993320006421e+00
2.930500008737009665e+00,2.121176993320006421e+00
2.931000008738500195e+00,2.121176993320006421e+00
2.931500008739990726e+00,2.121176993320006421e+00
2.932000008741481700e+00,2.121176993320006421e+00
2.932500008742972231e+00,2.121176993320006421e+00
2.933000008744463205e+00,2.121176993320006421e+00
2.933500008745953735e+00,2.121176993320006421e+00
2.934000008747444266e+00,2.121176993320006421e+00
2.934500008748935240e+00,2.121176993320006421e+00
2.935000008750425771e+00,2.121176993320006421e+00
2.935500008751916301e+00,2.121176993320006421e+00
2.936000008753407275e+00,2.121176993320006421e+00
2.936500008754897806e+00,2.121176993320006421e+00
2.937000008756388780e+00,2.121176993320006421e+00
2.937500008757879311e+00,2.112470952633995314e+00
2.938000008759369841e+00,2.112470952633995314e+00
2.938500008760860815e+00,2.112470952633995314e+00
2.939000008762351346e+00,2.112470952633995314e+00
2.939500008763842320e+00,2.112470952633995314e+00
2.940000008765332851e+00,2.112470952633995314e+00
2.940500008766823381e+00,2.112470952633995314e+00
2.941000008768314355e+00,2.112470952633995314e+00
2.941500008769804886e+00,2.112470952633995314e+00
2.942000008771295860e+00,2.112470952633995314e+00
2.942500008772786391e+00,2.112470952633995314e+00
2.943000008774276921e+00,2.112470952633995314e+00
2.943500008775767895e+00,2.112470952633995314e+00
2.944000008777258426e+00,2.112470952633995314e+00
2.944500008778748956e+00,2.112470952633995314e+00
2.945000008780239931e+00,2.112470952633995314e+00
2.945500008781730461e+00,2.112470952633995314e+00
2.946000008783221435e+00,2.112470952633995314e+00
2.946500008784711966e+00,2.112470952633995314e+00
2.947000008786202496e+00,2.112470952633995314e+00
2.947500008787693471e+00,2.112470952633995314e+00
2.948000008789184001e+00,2.112470952633995314e+00
2.948500008790674976e+00,2.112470952633995314e+00
2.949000008792165506e+00,2.112470952633995314e+00
2.949500008793656036e+00,2.112470952633995314e+00
2.950000008795147011e+00,2.095112720268956785e+00
2.950500008796637541e+00,2.095112720268956785e+00
2.951000008798128516e+00,2.095112720268956785e+00
2.951500008799619046e+00,2.095112720268956785e+00
2.952000008801109576e+00,2.095112720268956785e+00
2.952500008802600551e+00,2.095112720268956785e+00
2.953000008804091081e+00,2.095112720268956785e+00
2.953500008805581611e+00,2.095112720268956785e+00
2.954000008807072586e+00,2.095112720268956785e+00
2.954500008808563116e+00,2.095112720268956785e+00
2.955000008810054091e+00,2.095112720268956785e+00
2.955500008811544621e+00,2.095112720268956785e+00
2.956000008813035151e+00,2.095112720268956785e+00
2.956500008814526126e+00,2.095112720268956785e+00
2.957000008816016656e+00,2.095112720268956785e+00
2.957500008817507631e+00,2.095112720268956785e+00
2.958000008818998161e+00,2.095112720268956785e+00
2.958500008820488691e+00,2.095112720268956785e+00
2.959000008821979666e+00,2.095112720268956785e+00
2.959500008823470196e+00,2.095112720268956785e+00
2.960000008824960727e+00,2.095112720268956785e+00
2.960500008826451701e+00,2.095112720268956785e+00
2.961000008827942231e+00,2.095112720268956785e+00
2.961500008829433206e+00,2.095112720268956785e+00
2.962000008830923736e+00,2.095112720268956785e+00
2.962500008832414267e+00,2.095112720268956785e+00
2.963000008833905241e+00,2.095112720268956785e+00
2.963500008835395771e+00,2.095112720268956785e+00
2.964000008836886746e+00,2.095112720268956785e+00
2.964500008838377276e+00,2.095112720268956785e+00
2.965000008839867807e+00,2.095112720268956785e+00
2.965500008841358781e+00,2.095112720268956785e+00
2.966000008842849311e+00,2.095112720268956785e+00
2.966500008844340286e+00,2.095112720268956785e+00
2.967000008845830816e+00,2.095112720268956785e+00
2.967500008847321347e+00,2.095112720268956785e+00
2.968000008848812321e+00,2.095112720268956785e+00
2.968500008850302851e+00,2.095112720268956785e+00
2.969000008851793382e+00,2.095112720268956785e+00
2.969500008853284356e+00,2.095112720268956785e+00
2.970000008854774887e+00,2.095112720268956785e+00
2.970500008856265861e+00,2.095112720268956785e+00
2.971000008857756391e+00,2.095112720268956785e+00
2.971500008859246922e+00,2.095112720268956785e+00
2.972000008860737896e+00,2.095112720268956785e+00
2.972500008862228427e+00,2.095112720268956785e+00
2.973000008863719401e+00,2.095112720268956785e+00
2.973500008865209931e+00,2.095112720268956785e+00
2.974000008866700462e+00,2.095112720268956785e+00
2.974500008868191436e+00,2.095112720268956785e+00
2.975000008869681967e+00,2.095112720268956785e+00
2.975500008871172941e+00,2.095112720268956785e+00
2.976000008872663471e+00,2.095112720268956785e+00
2.976500008874154002e+00,2.095112720268956785e+00
2.977000008875644976e+00,2.095112720268956785e+00
2.977500008877135507e+00,2.095112720268956785e+00
2.978000008878626037e+00,2.095112720268956785e+00
2.978500008880117012e+00,2.095112720268956785e+00
2.979000008881607542e+00,2.095112720268956785e+00
2.979500008883098516e+00,2.095112720268956785e+00
2.980000008884589047e+00,2.095112720268956785e+00
2.980500008886079577e+00,2.095112720268956785e+00
2.981000008887570552e+00,2.095112720268956785e+00
2.981500008889061082e+00,2.095112720268956785e+00
2.982000008890552056e+00,2.095112720268956785e+00
2.982500008892042587e+00,2.095112720268956785e+00
2.983000008893533117e+00,2.095112720268956785e+00
2.983500008895024092e+00,2.095112720268956785e+00
2.984000008896514622e+00,2.095112720268956785e+00
2.984500008898005596e+00,2.095112720268956785e+00
2.985000008899496127e+00,2.095112720268956785e+00
2.985500008900986657e+00,2.095112720268956785e+00
2.986000008902477632e+00,2.095112720268956785e+00
2.986500008903968162e+00,2.095112720268956785e+00
2.987000008905458692e+00,2.095112720268956785e+00
2.987500008906949667e+00,2.083747234320866948e+00
2.988000008908440197e+00,2.083747234320866948e+00
2.988500008909931172e+00,2.083747234320866948e+00
2.989000008911421702e+00,2.083747234320866948e+00
2.989500008912912232e+00,2.083747234320866948e+00
2.990000008914403207e+00,2.083747234320866948e+00
2.990500008915893737e+00,2.083747234320866948e+00
2.991000008917384712e+00,2.083747234320866948e+00
2.991500008918875242e+00,2.083747234320866948e+00
2.992000008920365772e+00,2.083747234320866948e+00
2.992500008921856747e+00,2.083747234320866948e+00
2.993000008923347277e+00,2.083747234320866948e+00
2.993500008924838252e+00,2.083747234320866948e+00
2.994000008926328782e+00,2.083747234320866948e+00
2.994500008927819312e+00,2.083747234320866948e+00
2.995000008929310287e+00,2.083747234320866948e+00
2.995500008930800817e+00,2.083747234320866948e+00
2.996000008932291347e+00,2.083747234320866948e+00
2.996500008933782322e+00,2.083747234320866948e+00
2.997000008935272852e+00,2.083747234320866948e+00
2.997500008936763827e+00,2.083747234320866948e+00
2.998000008938254357e+00,2.083747234320866948e+00
2.998500008939744887e+00,2.083747234320866948e+00
2.999000008941235862e+00,2.083747234320866948e+00
2.999500008942726392e+00,2.083747234320866948e+00
3.000000008944217367e+00,2.080246604758074547e+00
3.000500008945707897e+00,2.080246604758074547e+00
3.001000008947198427e+00,2.080246604758074547e+00
3.001500008948689402e+00,2.080246604758074547e+00
3.002000008950179932e+00,2.080246604758074547e+00
3.002500008951670907e+00,2.080246604758074547e+00
3.003000008953161437e+00,2.080246604758074547e+00
3.003500008954651967e+00,2.080246604758074547e+00
3.004000008956142942e+00,2.080246604758074547e+00
3.004500008957633472e+00,2.080246604758074547e+00
3.005000008959124003e+00,2.080246604758074547e+00
3.005500008960614977e+00,2.080246604758074547e+00
3.006000008962105507e+00,2.080246604758074547e+00
3.006500008963596482e+00,2.080246604758074547e+00
3.007000008965087012e+00,2.080246604758074547e+00
3.007500008966577543e+00,2.080246604758074547e+00
3.008000008968068517e+00,2.080246604758074547e+00
3.008500008969559048e+00,2.080246604758074547e+00
3.009000008971050022e+00,2.080246604758074547e+00
3.009500008972540552e+00,2.080246604758074547e+00
3.010000008974031083e+00,2.080246604758074547e+00
3.010500008975522057e+00,2.080246604758074547e+00
3.011000008977012588e+00,2.080246604758074547e+00
3.011500008978503562e+00,2.080246604758074547e+00
3.012000008979994092e+00,2.080246604758074547e+00
3.012500008981484623e+00,2.080246604758074547e+00
3.013000008982975597e+00,2.080246604758074547e+00
3.013500008984466128e+00,2.080246604758074547e+00
3.014000008985956658e+00,2.080246604758074547e+00
3.014500008987447632e+00,2.080246604758074547e+00
3.015000008988938163e+00,2.080246604758074547e+00
3.015500008990429137e+00,2.080246604758074547e+00
3.016000008991919668e+00,2.080246604758074547e+00
3.016500008993410198e+00,2.080246604758074547e+00
3.017000008994901172e+00,2.080246604758074547e+00
3.017500008996391703e+00,2.080246604758074547e+00
3.018000008997882677e+00,2.080246604758074547e+00
3.018500008999373208e+00,2.080246604758074547e+00
3.019000009000863738e+00,2.080246604758074547e+00
3.019500009002354712e+00,2.080246604758074547e+00
3.020000009003845243e+00,2.080246604758074547e+00
3.020500009005335773e+00,2.080246604758074547e+00
3.021000009006826748e+00,2.080246604758074547e+00
3.021500009008317278e+00,2.080246604758074547e+00
3.022000009009808252e+00,2.080246604758074547e+00
3.022500009011298783e+00,2.080246604758074547e+00
3.023000009012789313e+00,2.080246604758074547e+00
3.023500009014280288e+00,2.080246604758074547e+00
3.024000009015770818e+00,2.080246604758074547e+00
3.024500009017261792e+00,2.080246604758074547e+00
3.025000009018752323e+00,2.080246604758074547e+00
3.025500009020242853e+00,2.080246604758074547e+00
3.026000009021733828e+00,2.080246604758074547e+00
3.026500009023224358e+00,2.080246604758074547e+00
3.027000009024715332e+00,2.080246604758074547e+00
3.027500009026205863e+00,2.080246604758074547e+00
3.028000009027696393e+00,2.080246604758074547e+00
3.028500009029187368e+00,2.080246604758074547e+00
3.029000009030677898e+00,2.080246604758074547e+00
3.029500009032168428e+00,2.080246604758074547e+00
3.030000009033659403e+00,2.080246604758074547e+00
3.030500009035149933e+00,2.080246604758074547e+00
3.031000009036640908e+00,2.080246604758074547e+00
3.031500009038131438e+00,2.080246604758074547e+00
3.032000009039621968e+00,2.080246604758074547e+00
3.032500009041112943e+00,2.080246604758074547e+00
3.033000009042603473e+00,2.080246604758074547e+00
3.033500009044094448e+00,2.080246604758074547e+00
3.034000009045584978e+00,2.080246604758074547e+00
3.034500009047075508e+00,2.080246604758074547e+00
3.035000009048566483e+00,2.080246604758074547e+00
3.035500009050057013e+00,2.080246604758074547e+00
3.036000009051547988e+00,2.080246604758074547e+00
3.036500009053038518e+00,2.080246604758074547e+00
3.037000009054529048e+00,2.080246604758074547e+00
3.037500009056020023e+00,2.080246604758074547e+00
3.038000009057510553e+00,2.080246604758074547e+00
3.038500009059001084e+00,2.080246604758074547e+00
3.039000009060492058e+00,2.080246604758074547e+00
3.039500009061982588e+00,2.080246604758074547e+00
3.040000009063473563e+00,2.080246604758074547e+00
3.040500009064964093e+00,2.080246604758074547e+00
3.041000009066454624e+00,2.080246604758074547e+00
3.041500009067945598e+00,2.080246604758074547e+00
3.042000009069436128e+00,2.080246604758074547e+00
3.042500009070927103e+00,2.080246604758074547e+00
3.043000009072417633e+00,2.080246604758074547e+00
3.043500009073908164e+00,2.080246604758074547e+00
3.044000009075399138e+00,2.080246604758074547e+00
3.044500009076889668e+00,2.080246604758074547e+00
3.045000009078380643e+00,2.080246604758074547e+00
3.045500009079871173e+00,2.080246604758074547e+00
3.046000009081361704e+00,2.080246604758074547e+00
3.046500009082852678e+00,2.080246604758074547e+00
3.047000009084343208e+00,2.080246604758074547e+00
3.047500009085833739e+00,2.080246604758074547e+00
3.048000009087324713e+00,2.080246604758074547e+00
3.048500009088815244e+00,2.080246604758074547e+00
3.049000009090306218e+00,2.080246604758074547e+00
3.049500009091796748e+00,2.080246604758074547e+00
3.050000009093287279e+00,2.080246604758074547e+00
3.050500009094778253e+00,2.080246604758074547e+00
3.051000009096268784e+00,2.080246604758074547e+00
3.051500009097759758e+00,2.080246604758074547e+00
3.052000009099250288e+00,2.080246604758074547e+00
3.052500009100740819e+00,2.080246604758074547e+00
3.053000009102231793e+00,2.080246604758074547e+00
3.053500009103722324e+00,2.080246604758074547e+00
3.054000009105213298e+00,2.080246604758074547e+00
3.054500009106703828e+00,2.080246604758074547e+00
3.055000009108194359e+00,2.080246604758074547e+00
3.055500009109685333e+00,2.080246604758074547e+00
3.056000009111175864e+00,2.080246604758074547e+00
3.056500009112666394e+00,2.080246604758074547e+00
3.057000009114157368e+00,2.080246604758074547e+00
3.057500009115647899e+00,2.080246604758074547e+00
3.058000009117138873e+00,2.080246604758074547e+00
3.058500009118629404e+00,2.080246604758074547e+00
3.059000009120119934e+00,2.080246604758074547e+00
3.059500009121610908e+00,2.080246604758074547e+00
3.060000009123101439e+00,2.080246604758074547e+00
3.060500009124592413e+00,2.080246604758074547e+00
3.061000009126082944e+00,2.080246604758074547e+00
3.061500009127573474e+00,2.080246604758074547e+00
3.062000009129064448e+00,2.080246604758074547e+00
3.062500009130554979e+00,2.064347432239529656e+00
3.063000009132045953e+00,2.064347432239529656e+00
3.063500009133536484e+00,2.064347432239529656e+00
3.064000009135027014e+00,2.064347432239529656e+00
3.064500009136517988e+00,2.064347432239529656e+00
3.065000009138008519e+00,2.064347432239529656e+00
3.065500009139499049e+00,2.064347432239529656e+00
3.066000009140990024e+00,2.064347432239529656e+00
3.066500009142480554e+00,2.064347432239529656e+00
3.067000009143971528e+00,2.064347432239529656e+00
3.067500009145462059e+00,2.064347432239529656e+00
3.068000009146952589e+00,2.064347432239529656e+00
3.068500009148443564e+00,2.064347432239529656e+00
3.069000009149934094e+00,2.064347432239529656e+00
3.069500009151425068e+00,2.064347432239529656e+00
3.070000009152915599e+00,2.064347432239529656e+00
3.070500009154406129e+00,2.064347432239529656e+00
3.071000009155897104e+00,2.064347432239529656e+00
3.071500009157387634e+00,2.064347432239529656e+00
3.072000009158878164e+00,2.064347432239529656e+00
3.072500009160369139e+00,2.064347432239529656e+00
3.073000009161859669e+00,2.064347432239529656e+00
3.073500009163350644e+00,2.064347432239529656e+00
3.074000009164841174e+00,2.064347432239529656e+00
3.074500009166331704e+00,2.064347432239529656e+00
3.075000009167822679e+00,2.064347432239529656e+00
3.075500009169313209e+00,2.064347432239529656e+00
3.076000009170804184e+00,2.064347432239529656e+00
3.076500009172294714e+00,2.064347432239529656e+00
3.077000009173785244e+00,2.064347432239529656e+00
3.077500009175276219e+00,2.064347432239529656e+00
3.078000009176766749e+00,2.064347432239529656e+00
3.078500009178257724e+00,2.064347432239529656e+00
3.079000009179748254e+00,2.064347432239529656e+00
3.079500009181238784e+00,2.064347432239529656e+00
3.080000009182729759e+00,2.064347432239529656e+00
3.080500009184220289e+00,2.064347432239529656e+00
3.081000009185710820e+00,2.064347432239529656e+00
3.081500009187201794e+00,2.064347432239529656e+00
3.082000009188692324e+00,2.064347432239529656e+00
3.082500009190183299e+00,2.064347432239529656e+00
3.083000009191673829e+00,2.064347432239529656e+00
3.083500009193164360e+00,2.064347432239529656e+00
3.084000009194655334e+00,2.064347432239529656e+00
3.084500009196145864e+00,2.064347432239529656e+00
3.085000009197636839e+00,2.064347432239529656e+00
3.085500009199127369e+00,2.064347432239529656e+00
3.086000009200617900e+00,2.064347432239529656e+00
3.086500009202108874e+00,2.064347432239529656e+00
3.087000009203599404e+00,2.064347432239529656e+00
3.087500009205090379e+00,2.064347432239529656e+00
3.088000009206580909e+00,2.064347432239529656e+00
3.088500009208071440e+00,2.064347432239529656e+00
3.089000009209562414e+00,2.064347432239529656e+00
3.089500009211052944e+00,2.064347432239529656e+00
3.090000009212543475e+00,2.064347432239529656e+00
3.090500009214034449e+00,2.064347432239529656e+00
3.091000009215524980e+00,2.064347432239529656e+00
3.091500009217015954e+00,2.064347432239529656e+00
3.092000009218506484e+00,2.064347432239529656e+00
3.092500009219997015e+00,2.064347432239529656e+00
3.093000009221487989e+00,2.064347432239529656e+00
3.093500009222978520e+00,2.064347432239529656e+00
3.094000009224469494e+00,2.064347432239529656e+00
3.094500009225960024e+00,2.064347432239529656e+00
3.095000009227450555e+00,2.064347432239529656e+00
3.095500009228941529e+00,2.064347432239529656e+00
3.096000009230432060e+00,2.064347432239529656e+00
3.096500009231923034e+00,2.064347432239529656e+00
3.097000009233413564e+00,2.064347432239529656e+00
3.097500009234904095e+00,2.064347432239529656e+00
3.098000009236395069e+00,2.064347432239529656e+00
3.098500009237885600e+00,2.064347432239529656e+00
3.099000009239376130e+00,2.064347432239529656e+00
3.099500009240867104e+00,2.064347432239529656e+00
3.100000009242357635e+00,2.064347432239529656e+00
3.100500009243848609e+00,2.064347432239529656e+00
3.101000009245339140e+00,2.064347432239529656e+00
3.101500009246829670e+00,2.064347432239529656e+00
3.102000009248320644e+00,2.064347432239529656e+00
3.102500009249811175e+00,2.064347432239529656e+00
3.103000009251302149e+00,2.064347432239529656e+00
3.103500009252792680e+00,2.064347432239529656e+00
3.104000009254283210e+00,2.064347432239529656e+00
3.104500009255774184e+00,2.064347432239529656e+00
3.105000009257264715e+00,2.064347432239529656e+00
3.105500009258755689e+00,2.064347432239529656e+00
3.106000009260246220e+00,2.064347432239529656e+00
3.106500009261736750e+00,2.064347432239529656e+00
3.107000009263227724e+00,2.064347432239529656e+00
3.107500009264718255e+00,2.064347432239529656e+00
3.108000009266208785e+00,2.064347432239529656e+00
3.108500009267699760e+00,2.064347432239529656e+00
3.109000009269190290e+00,2.064347432239529656e+00
3.109500009270681264e+00,2.064347432239529656e+00
3.110000009272171795e+00,2.064347432239529656e+00
3.110500009273662325e+00,2.064347432239529656e+00
3.111000009275153300e+00,2.064347432239529656e+00
3.111500009276643830e+00,2.064347432239529656e+00
3.112000009278134804e+00,2.064347432239529656e+00
3.112500009279625335e+00,2.043873828199799458e+00
3.113000009281115865e+00,2.043873828199799458e+00
3.113500009282606840e+00,2.043873828199799458e+00
3.114000009284097370e+00,2.043873828199799458e+00
3.114500009285588344e+00,2.043873828199799458e+00
3.115000009287078875e+00,2.043873828199799458e+00
3.115500009288569405e+00,2.043873828199799458e+00
3.116000009290060380e+00,2.043873828199799458e+00
3.116500009291550910e+00,2.043873828199799458e+00
3.117000009293041440e+00,2.043873828199799458e+00
3.117500009294532415e+00,2.043873828199799458e+00
3.118000009296022945e+00,2.043873828199799458e+00
3.118500009297513920e+00,2.043873828199799458e+00
3.119000009299004450e+00,2.043873828199799458e+00
3.119500009300494980e+00,2.043873828199799458e+00
3.120000009301985955e+00,2.043873828199799458e+00
3.120500009303476485e+00,2.043873828199799458e+00
3.121000009304967460e+00,2.043873828199799458e+00
3.121500009306457990e+00,2.043873828199799458e+00
3.122000009307948520e+00,2.043873828199799458e+00
3.122500009309439495e+00,2.043873828199799458e+00
3.123000009310930025e+00,2.043873828199799458e+00
3.123500009312421000e+00,2.043873828199799458e+00
3.124000009313911530e+00,2.043873828199799458e+00
3.124500009315402060e+00,2.043873828199799458e+00
3.125000009316893035e+00,2.043873828199799458e+00
3.125500009318383565e+00,2.043873828199799458e+00
3.126000009319874096e+00,2.043873828199799458e+00
3.126500009321365070e+00,2.043873828199799458e+00
3.127000009322855600e+00,2.043873828199799458e+00
3.127500009324346575e+00,2.043873828199799458e+00
3.128000009325837105e+00,2.043873828199799458e+00
3.128500009327327636e+00,2.043873828199799458e+00
3.129000009328818610e+00,2.043873828199799458e+00
3.129500009330309140e+00,2.043873828199799458e+00
3.130000009331800115e+00,2.043873828199799458e+00
3.130500009333290645e+00,2.043873828199799458e+00
3.131000009334781176e+00,2.043873828199799458e+00
3.131500009336272150e+00,2.043873828199799458e+00
3.132000009337762680e+00,2.043873828199799458e+00
3.132500009339253211e+00,2.043873828199799458e+00
3.133000009340744185e+00,2.043873828199799458e+00
3.133500009342234716e+00,2.043873828199799458e+00
3.134000009343725690e+00,2.043873828199799458e+00
3.134500009345216220e+00,2.043873828199799458e+00
3.135000009346706751e+00,2.043873828199799458e+00
3.135500009348197725e+00,2.043873828199799458e+00
3.136000009349688256e+00,2.043873828199799458e+00
3.136500009351179230e+00,2.043873828199799458e+00
3.137000009352669760e+00,2.043873828199799458e+00
3.137500009354160291e+00,2.043873828199799458e+00
3.138000009355651265e+00,2.043873828199799458e+00
3.138500009357141796e+00,2.043873828199799458e+00
3.139000009358632770e+00,2.043873828199799458e+00
3.139500009360123300e+00,2.043873828199799458e+00
3.140000009361613831e+00,2.043873828199799458e+00
3.140500009363104805e+00,2.043873828199799458e+00
3.141000009364595336e+00,2.043873828199799458e+00
3.141500009366085866e+00,2.043873828199799458e+00
3.142000009367576840e+00,2.043873828199799458e+00
3.142500009369067371e+00,2.043873828199799458e+00
3.143000009370558345e+00,2.043873828199799458e+00
3.143500009372048876e+00,2.043873828199799458e+00
3.144000009373539406e+00,2.043873828199799458e+00
3.144500009375030380e+00,2.043873828199799458e+00
3.145000009376520911e+00,2.043873828199799458e+00
3.145500009378011885e+00,2.043873828199799458e+00
3.146000009379502416e+00,2.043873828199799458e+00
3.146500009380992946e+00,2.043873828199799458e+00
3.147000009382483920e+00,2.043873828199799458e+00
3.147500009383974451e+00,2.043873828199799458e+00
3.148000009385465425e+00,2.043873828199799458e+00
3.148500009386955956e+00,2.043873828199799458e+00
3.149000009388446486e+00,2.043873828199799458e+00
3.149500009389937460e+00,2.043873828199799458e+00
3.150000009391427991e+00,2.026917539647408617e+00
3.150500009392918521e+00,2.026917539647408617e+00
3.151000009394409496e+00,2.026917539647408617e+00
3.151500009395900026e+00,2.026917539647408617e+00
3.152000009397391000e+00,2.026917539647408617e+00
3.152500009398881531e+00,2.026917539647408617e+00
3.153000009400372061e+00,2.026917539647408617e+00
3.153500009401863036e+00,2.026917539647408617e+00
3.154000009403353566e+00,2.026917539647408617e+00
3.154500009404844540e+00,2.026917539647408617e+00
3.155000009406335071e+00,2.026917539647408617e+00
3.155500009407825601e+00,2.026917539647408617e+00
3.156000009409316576e+00,2.026917539647408617e+00
3.156500009410807106e+00,2.026917539647408617e+00
3.157000009412298080e+00,2.026917539647408617e+00
3.157500009413788611e+00,2.026917539647408617e+00
3.158000009415279141e+00,2.026917539647408617e+00
3.158500009416770116e+00,2.026917539647408617e+00
3.159000009418260646e+00,2.026917539647408617e+00
3.159500009419751176e+00,2.026917539647408617e+00
3.160000009421242151e+00,2.026917539647408617e+00
3.160500009422732681e+00,2.026917539647408617e+00
3.161000009424223656e+00,2.026917539647408617e+00
3.161500009425714186e+00,2.026917539647408617e+00
3.162000009427204716e+00,2.026917539647408617e+00
3.162500009428695691e+00,2.026917539647408617e+00
3.163000009430186221e+00,2.026917539647408617e+00
3.163500009431677196e+00,2.026917539647408617e+00
3.164000009433167726e+00,2.026917539647408617e+00
3.164500009434658256e+00,2.026917539647408617e+00
3.165000009436149231e+00,2.026917539647408617e+00
3.165500009437639761e+00,2.026917539647408617e+00
3.166000009439130736e+00,2.026917539647408617e+00
3.166500009440621266e+00,2.026917539647408617e+00
3.167000009442111796e+00,2.026917539647408617e+00
3.167500009443602771e+00,2.026917539647408617e+00
3.168000009445093301e+00,2.026917539647408617e+00
3.168500009446583832e+00,2.026917539647408617e+00
3.169000009448074806e+00,2.026917539647408617e+00
3.169500009449565336e+00,2.026917539647408617e+00
3.170000009451056311e+00,2.026917539647408617e+00
3.170500009452546841e+00,2.026917539647408617e+00
3.171000009454037372e+00,2.026917539647408617e+00
3.171500009455528346e+00,2.026917539647408617e+00
3.172000009457018876e+00,2.026917539647408617e+00
3.172500009458509851e+00,2.026917539647408617e+00
3.173000009460000381e+00,2.026917539647408617e+00
3.173500009461490912e+00,2.026917539647408617e+00
3.174000009462981886e+00,2.026917539647408617e+00
3.174500009464472416e+00,2.026917539647408617e+00
3.175000009465963391e+00,2.026917539647408617e+00
3.175500009467453921e+00,2.026917539647408617e+00
3.176000009468944452e+00,2.026917539647408617e+00
3.176500009470435426e+00,2.026917539647408617e+00
3.177000009471925956e+00,2.026917539647408617e+00
3.177500009473416487e+00,2.026917539647408617e+00
3.178000009474907461e+00,2.026917539647408617e+00
3.178500009476397992e+00,2.026917539647408617e+00
3.179000009477888966e+00,2.026917539647408617e+00
3.179500009479379496e+00,2.026917539647408617e+00
3.180000009480870027e+00,2.026917539647408617e+00
3.180500009482361001e+00,2.026917539647408617e+00
3.181000009483851532e+00,2.026917539647408617e+00
3.181500009485342506e+00,2.026917539647408617e+00
3.182000009486833036e+00,2.026917539647408617e+00
3.182500009488323567e+00,2.026917539647408617e+00
3.183000009489814541e+00,2.026917539647408617e+00
3.183500009491305072e+00,2.026917539647408617e+00
3.184000009492796046e+00,2.026917539647408617e+00
3.184500009494286576e+00,2.026917539647408617e+00
3.185000009495777107e+00,2.026917539647408617e+00
3.185500009497268081e+00,2.026917539647408617e+00
3.186000009498758612e+00,2.026917539647408617e+00
3.186500009500249142e+00,2.026917539647408617e+00
3.187000009501740116e+00,2.026917539647408617e+00
3.187500009503230647e+00,2.045089597832837836e+00
3.188000009504721621e+00,2.045089597832837836e+00
3.188500009506212152e+00,2.045089597832837836e+00
3.189000009507702682e+00,2.045089597832837836e+00
3.189500009509193656e+00,2.045089597832837836e+00
3.190000009510684187e+00,2.045089597832837836e+00
3.190500009512175161e+00,2.045089597832837836e+00
3.191000009513665692e+00,2.045089597832837836e+00
3.191500009515156222e+00,2.045089597832837836e+00
3.192000009516647197e+00,2.045089597832837836e+00
3.192500009518137727e+00,2.045089597832837836e+00
3.193000009519628257e+00,2.045089597832837836e+00
3.193500009521119232e+00,2.045089597832837836e+00
3.194000009522609762e+00,2.045089597832837836e+00
3.194500009524100737e+00,2.045089597832837836e+00
3.195000009525591267e+00,2.045089597832837836e+00
3.195500009527081797e+00,2.045089597832837836e+00
3.196000009528572772e+00,2.045089597832837836e+00
3.196500009530063302e+00,2.045089597832837836e+00
3.197000009531554277e+00,2.045089597832837836e+00
3.197500009533044807e+00,2.045089597832837836e+00
3.198000009534535337e+00,2.045089597832837836e+00
3.198500009536026312e+00,2.045089597832837836e+00
3.199000009537516842e+00,2.045089597832837836e+00
3.199500009539007817e+00,2.045089597832837836e+00
3.200000009540498347e+00,2.037935124174372614e+00
3.200500009541988877e+00,2.037935124174372614e+00
3.201000009543479852e+00,2.037935124174372614e+00
3.201500009544970382e+00,2.037935124174372614e+00
3.202000009546460912e+00,2.037935124174372614e+00
3.202500009547951887e+00,2.037935124174372614e+00
3.203000009549442417e+00,2.037935124174372614e+00
3.203500009550933392e+00,2.037935124174372614e+00
3.204000009552423922e+00,2.037935124174372614e+00
3.204500009553914452e+00,2.037935124174372614e+00
3.205000009555405427e+00,2.037935124174372614e+00
3.205500009556895957e+00,2.037935124174372614e+00
3.206000009558386932e+00,2.037935124174372614e+00
3.206500009559877462e+00,2.037935124174372614e+00
3.207000009561367992e+00,2.037935124174372614e+00
3.207500009562858967e+00,2.037935124174372614e+00
3.208000009564349497e+00,2.037935124174372614e+00
3.208500009565840472e+00,2.037935124174372614e+00
3.209000009567331002e+00,2.037935124174372614e+00
3.209500009568821532e+00,2.037935124174372614e+00
3.210000009570312507e+00,2.037935124174372614e+00
3.210500009571803037e+00,2.037935124174372614e+00
3.211000009573293568e+00,2.037935124174372614e+00
3.211500009574784542e+00,2.037935124174372614e+00
3.212000009576275072e+00,2.037935124174372614e+00
3.212500009577766047e+00,2.038220531579020278e+00
3.213000009579256577e+00,2.038220531579020278e+00
3.213500009580747108e+00,2.038220531579020278e+00
3.214000009582238082e+00,2.038220531579020278e+00
3.214500009583728612e+00,2.038220531579020278e+00
3.215000009585219587e+00,2.038220531579020278e+00
3.215500009586710117e+00,2.038220531579020278e+00
3.216000009588200648e+00,2.038220531579020278e+00
3.216500009589691622e+00,2.038220531579020278e+00
3.217000009591182152e+00,2.038220531579020278e+00
3.217500009592673127e+00,2.038220531579020278e+00
3.218000009594163657e+00,2.038220531579020278e+00
3.218500009595654188e+00,2.038220531579020278e+00
3.219000009597145162e+00,2.038220531579020278e+00
3.219500009598635692e+00,2.038220531579020278e+00
3.220000009600126223e+00,2.038220531579020278e+00
3.220500009601617197e+00,2.038220531579020278e+00
3.221000009603107728e+00,2.038220531579020278e+00
3.221500009604598702e+00,2.038220531579020278e+00
3.222000009606089233e+00,2.038220531579020278e+00
3.222500009607579763e+00,2.038220531579020278e+00
3.223000009609070737e+00,2.038220531579020278e+00
3.223500009610561268e+00,2.038220531579020278e+00
3.224000009612052242e+00,2.038220531579020278e+00
3.224500009613542773e+00,2.038220531579020278e+00
3.225000009615033303e+00,2.038220531579020278e+00
3.225500009616524277e+00,2.038220531579020278e+00
3.226000009618014808e+00,2.038220531579020278e+00
3.226500009619505782e+00,2.038220531579020278e+00
3.227000009620996313e+00,2.038220531579020278e+00
3.227500009622486843e+00,2.038220531579020278e+00
3.228000009623977817e+00,2.038220531579020278e+00
3.228500009625468348e+00,2.038220531579020278e+00
3.229000009626958878e+00,2.038220531579020278e+00
3.229500009628449853e+00,2.038220531579020278e+00
3.230000009629940383e+00,2.038220531579020278e+00
3.230500009631431357e+00,2.038220531579020278e+00
3.231000009632921888e+00,2.038220531579020278e+00
3.231500009634412418e+00,2.038220531579020278e+00
3.232000009635903393e+00,2.038220531579020278e+00
3.232500009637393923e+00,2.038220531579020278e+00
3.233000009638884897e+00,2.038220531579020278e+00
3.233500009640375428e+00,2.038220531579020278e+00
3.234000009641865958e+00,2.038220531579020278e+00
3.234500009643356933e+00,2.038220531579020278e+00
3.235000009644847463e+00,2.038220531579020278e+00
3.235500009646338437e+00,2.038220531579020278e+00
3.236000009647828968e+00,2.038220531579020278e+00
3.236500009649319498e+00,2.038220531579020278e+00
3.237000009650810473e+00,2.038220531579020278e+00
3.237500009652301003e+00,2.038220531579020278e+00
3.238000009653791533e+00,2.038220531579020278e+00
3.238500009655282508e+00,2.038220531579020278e+00
3.239000009656773038e+00,2.038220531579020278e+00
3.239500009658264013e+00,2.038220531579020278e+00
3.240000009659754543e+00,2.038220531579020278e+00
3.240500009661245073e+00,2.038220531579020278e+00
3.241000009662736048e+00,2.038220531579020278e+00
3.241500009664226578e+00,2.038220531579020278e+00
3.242000009665717553e+00,2.038220531579020278e+00
3.242500009667208083e+00,2.038220531579020278e+00
3.243000009668698613e+00,2.038220531579020278e+00
3.243500009670189588e+00,2.038220531579020278e+00
3.244000009671680118e+00,2.038220531579020278e+00
3.244500009673171093e+00,2.038220531579020278e+00
3.245000009674661623e+00,2.038220531579020278e+00
3.245500009676152153e+00,2.038220531579020278e+00
3.246000009677643128e+00,2.038220531579020278e+00
3.246500009679133658e+00,2.038220531579020278e+00
3.247000009680624188e+00,2.038220531579020278e+00
3.247500009682115163e+00,2.038220531579020278e+00
3.248000009683605693e+00,2.038220531579020278e+00
3.248500009685096668e+00,2.038220531579020278e+00
3.249000009686587198e+00,2.038220531579020278e+00
3.249500009688077728e+00,2.038220531579020278e+00
3.250000009689568703e+00,2.050540481180774144e+00
3.250500009691059233e+00,2.050540481180774144e+00
3.251000009692550208e+00,2.050540481180774144e+00
3.251500009694040738e+00,2.050540481180774144e+00
3.252000009695531269e+00,2.050540481180774144e+00
3.252500009697022243e+00,2.050540481180774144e+00
3.253000009698512773e+00,2.050540481180774144e+00
3.253500009700003304e+00,2.050540481180774144e+00
3.254000009701494278e+00,2.050540481180774144e+00
3.254500009702984809e+00,2.050540481180774144e+00
3.255000009704475783e+00,2.050540481180774144e+00
3.255500009705966313e+00,2.050540481180774144e+00
3.256000009707456844e+00,2.050540481180774144e+00
3.256500009708947818e+00,2.050540481180774144e+00
3.257000009710438349e+00,2.050540481180774144e+00
3.257500009711929323e+00,2.050540481180774144e+00
3.258000009713419853e+00,2.050540481180774144e+00
3.258500009714910384e+00,2.050540481180774144e+00
3.259000009716401358e+00,2.050540481180774144e+00
3.259500009717891889e+00,2.050540481180774144e+00
3.260000009719382863e+00,2.050540481180774144e+00
3.260500009720873393e+00,2.050540481180774144e+00
3.261000009722363924e+00,2.050540481180774144e+00
3.261500009723854898e+00,2.050540481180774144e+00
3.262000009725345429e+00,2.050540481180774144e+00
3.262500009726835959e+00,2.033958718198317861e+00
3.263000009728326933e+00,2.033958718198317861e+00
3.263500009729817464e+00,2.033958718198317861e+00
3.264000009731308438e+00,2.033958718198317861e+00
3.264500009732798969e+00,2.033958718198317861e+00
3.265000009734289499e+00,2.033958718198317861e+00
3.265500009735780473e+00,2.033958718198317861e+00
3.266000009737271004e+00,2.033958718198317861e+00
3.266500009738761978e+00,2.033958718198317861e+00
3.267000009740252509e+00,2.033958718198317861e+00
3.267500009741743039e+00,2.033958718198317861e+00
3.268000009743234013e+00,2.033958718198317861e+00
3.268500009744724544e+00,2.033958718198317861e+00
3.269000009746215518e+00,2.033958718198317861e+00
3.269500009747706049e+00,2.033958718198317861e+00
3.270000009749196579e+00,2.033958718198317861e+00
3.270500009750687553e+00,2.033958718198317861e+00
3.271000009752178084e+00,2.033958718198317861e+00
3.271500009753668614e+00,2.033958718198317861e+00
3.272000009755159589e+00,2.033958718198317861e+00
3.272500009756650119e+00,2.033958718198317861e+00
3.273000009758141093e+00,2.033958718198317861e+00
3.273500009759631624e+00,2.033958718198317861e+00
3.274000009761122154e+00,2.033958718198317861e+00
3.274500009762613129e+00,2.033958718198317861e+00
3.275000009764103659e+00,2.038907259368092806e+00
3.275500009765594633e+00,2.038907259368092806e+00
3.276000009767085164e+00,2.038907259368092806e+00
3.276500009768575694e+00,2.038907259368092806e+00
3.277000009770066669e+00,2.038907259368092806e+00
3.277500009771557199e+00,2.038907259368092806e+00
3.278000009773048173e+00,2.038907259368092806e+00
3.278500009774538704e+00,2.038907259368092806e+00
3.279000009776029234e+00,2.038907259368092806e+00
3.279500009777520209e+00,2.038907259368092806e+00
3.280000009779010739e+00,2.038907259368092806e+00
3.280500009780501269e+00,2.038907259368092806e+00
3.281000009781992244e+00,2.038907259368092806e+00
3.281500009783482774e+00,2.038907259368092806e+00
3.282000009784973749e+00,2.038907259368092806e+00
3.282500009786464279e+00,2.038907259368092806e+00
3.283000009787954809e+00,2.038907259368092806e+00
3.283500009789445784e+00,2.038907259368092806e+00
3.284000009790936314e+00,2.038907259368092806e+00
3.284500009792427289e+00,2.038907259368092806e+00
3.285000009793917819e+00,2.038907259368092806e+00
3.285500009795408349e+00,2.038907259368092806e+00
3.286000009796899324e+00,2.038907259368092806e+00
3.286500009798389854e+00,2.038907259368092806e+00
3.287000009799880829e+00,2.038907259368092806e+00
3.287500009801371359e+00,2.050269608943648958e+00
3.288000009802861889e+00,2.050269608943648958e+00
3.288500009804352864e+00,2.050269608943648958e+00
3.289000009805843394e+00,2.050269608943648958e+00
3.289500009807333925e+00,2.050269608943648958e+00
3.290000009808824899e+00,2.050269608943648958e+00
3.290500009810315429e+00,2.050269608943648958e+00
3.291000009811806404e+00,2.050269608943648958e+00
3.291500009813296934e+00,2.050269608943648958e+00
3.292000009814787465e+00,2.050269608943648958e+00
3.292500009816278439e+00,2.050269608943648958e+00
3.293000009817768969e+00,2.050269608943648958e+00
3.293500009819259944e+00,2.050269608943648958e+00
3.294000009820750474e+00,2.050269608943648958e+00
3.294500009822241005e+00,2.050269608943648958e+00
3.295000009823731979e+00,2.050269608943648958e+00
3.295500009825222509e+00,2.050269608943648958e+00
3.296000009826713484e+00,2.050269608943648958e+00
3.296500009828204014e+00,2.050269608943648958e+00
3.297000009829694545e+00,2.050269608943648958e+00
3.297500009831185519e+00,2.050269608943648958e+00
3.298000009832676049e+00,2.050269608943648958e+00
3.298500009834166580e+00,2.050269608943648958e+00
3.299000009835657554e+00,2.050269608943648958e+00
3.299500009837148085e+00,2.050269608943648958e+00
3.300000009838639059e+00,2.037241351563221503e+00
3.300500009840129589e+00,2.037241351563221503e+00
3.301000009841620120e+00,2.037241351563221503e+00
3.301500009843111094e+00,2.037241351563221503e+00
3.302000009844601625e+00,2.037241351563221503e+00
3.302500009846092599e+00,2.037241351563221503e+00
3.303000009847583129e+00,2.037241351563221503e+00
3.303500009849073660e+00,2.037241351563221503e+00
3.304000009850564634e+00,2.037241351563221503e+00
3.304500009852055165e+00,2.037241351563221503e+00
3.305000009853546139e+00,2.037241351563221503e+00
3.305500009855036669e+00,2.037241351563221503e+00
3.306000009856527200e+00,2.037241351563221503e+00
3.306500009858018174e+00,2.037241351563221503e+00
3.307000009859508705e+00,2.037241351563221503e+00
3.307500009860999235e+00,2.037241351563221503e+00
3.308000009862490209e+00,2.037241351563221503e+00
3.308500009863980740e+00,2.037241351563221503e+00
3.309000009865471714e+00,2.037241351563221503e+00
3.309500009866962245e+00,2.037241351563221503e+00
3.310000009868452775e+00,2.037241351563221503e+00
3.310500009869943749e+00,2.037241351563221503e+00
3.311000009871434280e+00,2.037241351563221503e+00
3.311500009872925254e+00,2.037241351563221503e+00
3.312000009874415785e+00,2.037241351563221503e+00
3.312500009875906315e+00,2.037241351563221503e+00
3.313000009877397289e+00,2.037241351563221503e+00
3.313500009878887820e+00,2.037241351563221503e+00
3.314000009880378350e+00,2.037241351563221503e+00
3.314500009881869325e+00,2.037241351563221503e+00
3.315000009883359855e+00,2.037241351563221503e+00
3.315500009884850829e+00,2.037241351563221503e+00
3.316000009886341360e+00,2.037241351563221503e+00
3.316500009887831890e+00,2.037241351563221503e+00
3.317000009889322865e+00,2.037241351563221503e+00
3.317500009890813395e+00,2.037241351563221503e+00
3.318000009892304369e+00,2.037241351563221503e+00
3.318500009893794900e+00,2.037241351563221503e+00
3.319000009895285430e+00,2.037241351563221503e+00
3.319500009896776405e+00,2.037241351563221503e+00
3.320000009898266935e+00,2.037241351563221503e+00
3.320500009899757909e+00,2.037241351563221503e+00
3.321000009901248440e+00,2.037241351563221503e+00
3.321500009902738970e+00,2.037241351563221503e+00
3.322000009904229945e+00,2.037241351563221503e+00
3.322500009905720475e+00,2.037241351563221503e+00
3.323000009907211005e+00,2.037241351563221503e+00
3.323500009908701980e+00,2.037241351563221503e+00
3.324000009910192510e+00,2.037241351563221503e+00
3.324500009911683485e+00,2.037241351563221503e+00
3.325000009913174015e+00,2.037241351563221503e+00
3.325500009914664545e+00,2.037241351563221503e+00
3.326000009916155520e+00,2.037241351563221503e+00
3.326500009917646050e+00,2.037241351563221503e+00
3.327000009919137025e+00,2.037241351563221503e+00
3.327500009920627555e+00,2.037241351563221503e+00
3.328000009922118085e+00,2.037241351563221503e+00
3.328500009923609060e+00,2.037241351563221503e+00
3.329000009925099590e+00,2.037241351563221503e+00
3.329500009926590565e+00,2.037241351563221503e+00
3.330000009928081095e+00,2.037241351563221503e+00
3.330500009929571625e+00,2.037241351563221503e+00
3.331000009931062600e+00,2.037241351563221503e+00
3.331500009932553130e+00,2.037241351563221503e+00
3.332000009934043661e+00,2.037241351563221503e+00
3.332500009935534635e+00,2.037241351563221503e+00
3.333000009937025165e+00,2.037241351563221503e+00
3.333500009938516140e+00,2.037241351563221503e+00
3.334000009940006670e+00,2.037241351563221503e+00
3.334500009941497201e+00,2.037241351563221503e+00
3.335000009942988175e+00,2.037241351563221503e+00
3.335500009944478705e+00,2.037241351563221503e+00
3.336000009945969680e+00,2.037241351563221503e+00
3.336500009947460210e+00,2.037241351563221503e+00
3.337000009948950741e+00,2.037241351563221503e+00
3.337500009950441715e+00,2.037241351563221503e+00
3.338000009951932245e+00,2.037241351563221503e+00
3.338500009953423220e+00,2.037241351563221503e+00
3.339000009954913750e+00,2.037241351563221503e+00
3.339500009956404281e+00,2.037241351563221503e+00
3.340000009957895255e+00,2.037241351563221503e+00
3.340500009959385785e+00,2.037241351563221503e+00
3.341000009960876316e+00,2.037241351563221503e+00
3.341500009962367290e+00,2.037241351563221503e+00
3.342000009963857821e+00,2.037241351563221503e+00
3.342500009965348795e+00,2.037241351563221503e+00
3.343000009966839325e+00,2.037241351563221503e+00
3.343500009968329856e+00,2.037241351563221503e+00
3.344000009969820830e+00,2.037241351563221503e+00
3.344500009971311361e+00,2.037241351563221503e+00
3.345000009972802335e+00,2.037241351563221503e+00
3.345500009974292865e+00,2.037241351563221503e+00
3.346000009975783396e+00,2.037241351563221503e+00
3.346500009977274370e+00,2.037241351563221503e+00
3.347000009978764901e+00,2.037241351563221503e+00
3.347500009980255875e+00,2.037241351563221503e+00
3.348000009981746405e+00,2.037241351563221503e+00
3.348500009983236936e+00,2.037241351563221503e+00
3.349000009984727910e+00,2.037241351563221503e+00
3.349500009986218441e+00,2.037241351563221503e+00
3.350000009987708971e+00,2.036391664966772819e+00
3.350500009989199945e+00,2.036391664966772819e+00
3.351000009990690476e+00,2.036391664966772819e+00
3.351500009992181450e+00,2.036391664966772819e+00
3.352000009993671981e+00,2.036391664966772819e+00
3.352500009995162511e+00,2.036391664966772819e+00
3.353000009996653485e+00,2.036391664966772819e+00
3.353500009998144016e+00,2.036391664966772819e+00
3.354000009999634990e+00,2.036391664966772819e+00
3.354500010001125521e+00,2.036391664966772819e+00
3.355000010002616051e+00,2.036391664966772819e+00
3.355500010004107025e+00,2.036391664966772819e+00
3.356000010005597556e+00,2.036391664966772819e+00
3.356500010007088530e+00,2.036391664966772819e+00
3.357000010008579061e+00,2.036391664966772819e+00
3.357500010010069591e+00,2.036391664966772819e+00
3.358000010011560565e+00,2.036391664966772819e+00
3.358500010013051096e+00,2.036391664966772819e+00
3.359000010014541626e+00,2.036391664966772819e+00
3.359500010016032601e+00,2.036391664966772819e+00
3.360000010017523131e+00,2.036391664966772819e+00
3.360500010019014105e+00,2.036391664966772819e+00
3.361000010020504636e+00,2.036391664966772819e+00
3.361500010021995166e+00,2.036391664966772819e+00
3.362000010023486141e+00,2.036391664966772819e+00
3.362500010024976671e+00,2.049343694620398004e+00
3.363000010026467645e+00,2.049343694620398004e+00
3.363500010027958176e+00,2.049343694620398004e+00
3.364000010029448706e+00,2.049343694620398004e+00
3.364500010030939681e+00,2.049343694620398004e+00
3.365000010032430211e+00,2.049343694620398004e+00
3.365500010033921185e+00,2.049343694620398004e+00
3.366000010035411716e+00,2.049343694620398004e+00
3.366500010036902246e+00,2.049343694620398004e+00
3.367000010038393221e+00,2.049343694620398004e+00
3.367500010039883751e+00,2.049343694620398004e+00
3.368000010041374281e+00,2.049343694620398004e+00
3.368500010042865256e+00,2.049343694620398004e+00
3.369000010044355786e+00,2.049343694620398004e+00
3.369500010045846761e+00,2.049343694620398004e+00
3.370000010047337291e+00,2.049343694620398004e+00
3.370500010048827821e+00,2.049343694620398004e+00
3.371000010050318796e+00,2.049343694620398004e+00
3.371500010051809326e+00,2.049343694620398004e+00
3.372000010053300301e+00,2.049343694620398004e+00
3.372500010054790831e+00,2.049343694620398004e+00
3.373000010056281361e+00,2.049343694620398004e+00
3.373500010057772336e+00,2.049343694620398004e+00
3.374000010059262866e+00,2.049343694620398004e+00
3.374500010060753397e+00,2.049343694620398004e+00
3.375000010062244371e+00,2.034681566925860441e+00
3.375500010063734901e+00,2.034681566925860441e+00
3.376000010065225876e+00,2.034681566925860441e+00
3.376500010066716406e+00,2.034681566925860441e+00
3.377000010068206937e+00,2.034681566925860441e+00
3.377500010069697911e+00,2.034681566925860441e+00
3.378000010071188441e+00,2.034681566925860441e+00
3.378500010072679416e+00,2.034681566925860441e+00
3.379000010074169946e+00,2.034681566925860441e+00
3.379500010075660477e+00,2.034681566925860441e+00
3.380000010077151451e+00,2.034681566925860441e+00
3.380500010078641981e+00,2.034681566925860441e+00
3.381000010080132956e+00,2.034681566925860441e+00
3.381500010081623486e+00,2.034681566925860441e+00
3.382000010083114017e+00,2.034681566925860441e+00
3.382500010084604991e+00,2.034681566925860441e+00
3.383000010086095521e+00,2.034681566925860441e+00
3.383500010087586052e+00,2.034681566925860441e+00
3.384000010089077026e+00,2.034681566925860441e+00
3.384500010090567557e+00,2.034681566925860441e+00
3.385000010092058531e+00,2.034681566925860441e+00
3.385500010093549061e+00,2.034681566925860441e+00
3.386000010095039592e+00,2.034681566925860441e+00
3.386500010096530566e+00,2.034681566925860441e+00
3.387000010098021097e+00,2.034681566925860441e+00
3.387500010099512071e+00,2.034681566925860441e+00
3.388000010101002601e+00,2.034681566925860441e+00
3.388500010102493132e+00,2.034681566925860441e+00
3.389000010103984106e+00,2.034681566925860441e+00
3.389500010105474637e+00,2.034681566925860441e+00
3.390000010106965611e+00,2.034681566925860441e+00
3.390500010108456141e+00,2.034681566925860441e+00
3.391000010109946672e+00,2.034681566925860441e+00
3.391500010111437646e+00,2.034681566925860441e+00
3.392000010112928177e+00,2.034681566925860441e+00
3.392500010114418707e+00,2.034681566925860441e+00
3.393000010115909681e+00,2.034681566925860441e+00
3.393500010117400212e+00,2.034681566925860441e+00
3.394000010118891186e+00,2.034681566925860441e+00
3.394500010120381717e+00,2.034681566925860441e+00
3.395000010121872247e+00,2.034681566925860441e+00
3.395500010123363221e+00,2.034681566925860441e+00
3.396000010124853752e+00,2.034681566925860441e+00
3.396500010126344726e+00,2.034681566925860441e+00
3.397000010127835257e+00,2.034681566925860441e+00
3.397500010129325787e+00,2.034681566925860441e+00
3.398000010130816761e+00,2.034681566925860441e+00
3.398500010132307292e+00,2.034681566925860441e+00
3.399000010133798266e+00,2.034681566925860441e+00
3.399500010135288797e+00,2.034681566925860441e+00
3.400000010136779327e+00,2.034681566925860441e+00
3.400500010138270301e+00,2.034681566925860441e+00
3.401000010139760832e+00,2.034681566925860441e+00
3.401500010141251362e+00,2.034681566925860441e+00
3.402000010142742337e+00,2.034681566925860441e+00
3.402500010144232867e+00,2.034681566925860441e+00
3.403000010145723842e+00,2.034681566925860441e+00
3.403500010147214372e+00,2.034681566925860441e+00
3.404000010148704902e+00,2.034681566925860441e+00
3.404500010150195877e+00,2.034681566925860441e+00
3.405000010151686407e+00,2.034681566925860441e+00
3.405500010153177382e+00,2.034681566925860441e+00
3.406000010154667912e+00,2.034681566925860441e+00
3.406500010156158442e+00,2.034681566925860441e+00
3.407000010157649417e+00,2.034681566925860441e+00
3.407500010159139947e+00,2.034681566925860441e+00
3.408000010160630922e+00,2.034681566925860441e+00
3.408500010162121452e+00,2.034681566925860441e+00
3.409000010163611982e+00,2.034681566925860441e+00
3.409500010165102957e+00,2.034681566925860441e+00
3.410000010166593487e+00,2.034681566925860441e+00
3.410500010168084017e+00,2.034681566925860441e+00
3.411000010169574992e+00,2.034681566925860441e+00
3.411500010171065522e+00,2.034681566925860441e+00
3.412000010172556497e+00,2.034681566925860441e+00
3.412500010174047027e+00,2.017961957227499159e+00
3.413000010175537557e+00,2.017961957227499159e+00
3.413500010177028532e+00,2.017961957227499159e+00
3.414000010178519062e+00,2.017961957227499159e+00
3.414500010180010037e+00,2.017961957227499159e+00
3.415000010181500567e+00,2.017961957227499159e+00
3.415500010182991097e+00,2.017961957227499159e+00
3.416000010184482072e+00,2.017961957227499159e+00
3.416500010185972602e+00,2.017961957227499159e+00
3.417000010187463577e+00,2.017961957227499159e+00
3.417500010188954107e+00,2.017961957227499159e+00
3.418000010190444637e+00,2.017961957227499159e+00
3.418500010191935612e+00,2.017961957227499159e+00
3.419000010193426142e+00,2.017961957227499159e+00
3.419500010194916673e+00,2.017961957227499159e+00
3.420000010196407647e+00,2.017961957227499159e+00
3.420500010197898177e+00,2.017961957227499159e+00
3.421000010199389152e+00,2.017961957227499159e+00
3.421500010200879682e+00,2.017961957227499159e+00
3.422000010202370213e+00,2.017961957227499159e+00
3.422500010203861187e+00,2.017961957227499159e+00
3.423000010205351717e+00,2.017961957227499159e+00
3.423500010206842692e+00,2.017961957227499159e+00
3.424000010208333222e+00,2.017961957227499159e+00
3.424500010209823753e+00,2.017961957227499159e+00
3.425000010211314727e+00,2.001167087936075895e+00
3.425500010212805257e+00,2.001167087936075895e+00
3.426000010214296232e+00,2.001167087936075895e+00
3.426500010215786762e+00,2.001167087936075895e+00
3.427000010217277293e+00,2.001167087936075895e+00
3.427500010218768267e+00,2.001167087936075895e+00
3.428000010220258797e+00,2.001167087936075895e+00
3.428500010221749328e+00,2.001167087936075895e+00
3.429000010223240302e+00,2.001167087936075895e+00
3.429500010224730833e+00,2.001167087936075895e+00
3.430000010226221807e+00,2.001167087936075895e+00
3.430500010227712337e+00,2.001167087936075895e+00
3.431000010229202868e+00,2.001167087936075895e+00
3.431500010230693842e+00,2.001167087936075895e+00
3.432000010232184373e+00,2.001167087936075895e+00
3.432500010233675347e+00,2.001167087936075895e+00
3.433000010235165878e+00,2.001167087936075895e+00
3.433500010236656408e+00,2.001167087936075895e+00
3.434000010238147382e+00,2.001167087936075895e+00
3.434500010239637913e+00,2.001167087936075895e+00
3.435000010241128443e+00,2.001167087936075895e+00
3.435500010242619418e+00,2.001167087936075895e+00
3.436000010244109948e+00,2.001167087936075895e+00
3.436500010245600922e+00,2.001167087936075895e+00
3.437000010247091453e+00,2.001167087936075895e+00
3.437500010248581983e+00,2.001167087936075895e+00
3.438000010250072958e+00,2.001167087936075895e+00
3.438500010251563488e+00,2.001167087936075895e+00
3.439000010253054462e+00,2.001167087936075895e+00
3.439500010254544993e+00,2.001167087936075895e+00
3.440000010256035523e+00,2.001167087936075895e+00
3.440500010257526498e+00,2.001167087936075895e+00
3.441000010259017028e+00,2.001167087936075895e+00
3.441500010260508002e+00,2.001167087936075895e+00
3.442000010261998533e+00,2.001167087936075895e+00
3.442500010263489063e+00,2.001167087936075895e+00
3.443000010264980038e+00,2.001167087936075895e+00
3.443500010266470568e+00,2.001167087936075895e+00
3.444000010267961098e+00,2.001167087936075895e+00
3.444500010269452073e+00,2.001167087936075895e+00
3.445000010270942603e+00,2.001167087936075895e+00
3.445500010272433578e+00,2.001167087936075895e+00
3.446000010273924108e+00,2.001167087936075895e+00
3.446500010275414638e+00,2.001167087936075895e+00
3.447000010276905613e+00,2.001167087936075895e+00
3.447500010278396143e+00,2.001167087936075895e+00
3.448000010279887118e+00,2.001167087936075895e+00
3.448500010281377648e+00,2.001167087936075895e+00
3.449000010282868178e+00,2.001167087936075895e+00
3.449500010284359153e+00,2.001167087936075895e+00
3.450000010285849683e+00,2.001167087936075895e+00
3.450500010287340658e+00,2.001167087936075895e+00
3.451000010288831188e+00,2.001167087936075895e+00
3.451500010290321718e+00,2.001167087936075895e+00
3.452000010291812693e+00,2.001167087936075895e+00
3.452500010293303223e+00,2.001167087936075895e+00
3.453000010294793753e+00,2.001167087936075895e+00
3.453500010296284728e+00,2.001167087936075895e+00
3.454000010297775258e+00,2.001167087936075895e+00
3.454500010299266233e+00,2.001167087936075895e+00
3.455000010300756763e+00,2.001167087936075895e+00
3.455500010302247293e+00,2.001167087936075895e+00
3.456000010303738268e+00,2.001167087936075895e+00
3.456500010305228798e+00,2.001167087936075895e+00
3.457000010306719773e+00,2.001167087936075895e+00
3.457500010308210303e+00,2.001167087936075895e+00
3.458000010309700833e+00,2.001167087936075895e+00
3.458500010311191808e+00,2.001167087936075895e+00
3.459000010312682338e+00,2.001167087936075895e+00
3.459500010314173313e+00,2.001167087936075895e+00
3.460000010315663843e+00,2.001167087936075895e+00
3.460500010317154373e+00,2.001167087936075895e+00
3.461000010318645348e+00,2.001167087936075895e+00
3.461500010320135878e+00,2.001167087936075895e+00
3.462000010321626409e+00,2.001167087936075895e+00
3.462500010323117383e+00,1.991869933857306929e+00
3.463000010324607914e+00,1.991869933857306929e+00
3.463500010326098888e+00,1.991869933857306929e+00
3.464000010327589418e+00,1.991869933857306929e+00
3.464500010329079949e+00,1.991869933857306929e+00
3.465000010330570923e+00,1.991869933857306929e+00
3.465500010332061454e+00,1.991869933857306929e+00
3.466000010333552428e+00,1.991869933857306929e+00
3.466500010335042958e+00,1.991869933857306929e+00
3.467000010336533489e+00,1.991869933857306929e+00
3.467500010338024463e+00,1.991869933857306929e+00
3.468000010339514994e+00,1.991869933857306929e+00
3.468500010341005968e+00,1.991869933857306929e+00
3.469000010342496498e+00,1.991869933857306929e+00
3.469500010343987029e+00,1.991869933857306929e+00
3.470000010345478003e+00,1.991869933857306929e+00
3.470500010346968534e+00,1.991869933857306929e+00
3.471000010348459064e+00,1.991869933857306929e+00
3.471500010349950038e+00,1.991869933857306929e+00
3.472000010351440569e+00,1.991869933857306929e+00
3.472500010352931543e+00,1.991869933857306929e+00
3.473000010354422074e+00,1.991869933857306929e+00
3.473500010355912604e+00,1.991869933857306929e+00
3.474000010357403578e+00,1.991869933857306929e+00
3.474500010358894109e+00,1.991869933857306929e+00
3.475000010360385083e+00,1.981087252852828717e+00
3.475500010361875614e+00,1.981087252852828717e+00
3.476000010363366144e+00,1.981087252852828717e+00
3.476500010364857118e+00,1.981087252852828717e+00
3.477000010366347649e+00,1.981087252852828717e+00
3.477500010367838623e+00,1.981087252852828717e+00
3.478000010369329154e+00,1.981087252852828717e+00
3.478500010370819684e+00,1.981087252852828717e+00
3.479000010372310658e+00,1.981087252852828717e+00
3.479500010373801189e+00,1.981087252852828717e+00
3.480000010375291719e+00,1.981087252852828717e+00
3.480500010376782694e+00,1.981087252852828717e+00
3.481000010378273224e+00,1.981087252852828717e+00
3.481500010379764198e+00,1.981087252852828717e+00
3.482000010381254729e+00,1.981087252852828717e+00
3.482500010382745259e+00,1.981087252852828717e+00
3.483000010384236234e+00,1.981087252852828717e+00
3.483500010385726764e+00,1.981087252852828717e+00
3.484000010387217738e+00,1.981087252852828717e+00
3.484500010388708269e+00,1.981087252852828717e+00
3.485000010390198799e+00,1.981087252852828717e+00
3.485500010391689774e+00,1.981087252852828717e+00
3.486000010393180304e+00,1.981087252852828717e+00
3.486500010394671278e+00,1.981087252852828717e+00
3.487000010396161809e+00,1.981087252852828717e+00
3.487500010397652339e+00,1.981087252852828717e+00
3.488000010399143314e+00,1.981087252852828717e+00
3.488500010400633844e+00,1.981087252852828717e+00
3.489000010402124374e+00,1.981087252852828717e+00
3.489500010403615349e+00,1.981087252852828717e+00
3.490000010405105879e+00,1.981087252852828717e+00
3.490500010406596854e+00,1.981087252852828717e+00
3.491000010408087384e+00,1.981087252852828717e+00
3.491500010409577914e+00,1.981087252852828717e+00
3.492000010411068889e+00,1.981087252852828717e+00
3.492500010412559419e+00,1.981087252852828717e+00
3.493000010414050394e+00,1.981087252852828717e+00
3.493500010415540924e+00,1.981087252852828717e+00
3.494000010417031454e+00,1.981087252852828717e+00
3.494500010418522429e+00,1.981087252852828717e+00
3.495000010420012959e+00,1.981087252852828717e+00
3.495500010421503490e+00,1.981087252852828717e+00
3.496000010422994464e+00,1.981087252852828717e+00
3.496500010424484994e+00,1.981087252852828717e+00
3.497000010425975969e+00,1.981087252852828717e+00
3.497500010427466499e+00,1.981087252852828717e+00
3.498000010428957030e+00,1.981087252852828717e+00
3.498500010430448004e+00,1.981087252852828717e+00
3.499000010431938534e+00,1.981087252852828717e+00
3.499500010433429509e+00,1.981087252852828717e+00
3.500000010434920039e+00,1.981087252852828717e+00
3.500500010436410570e+00,1.981087252852828717e+00
3.501000010437901544e+00,1.981087252852828717e+00
3.501500010439392074e+00,1.981087252852828717e+00
3.502000010440883049e+00,1.981087252852828717e+00
3.502500010442373579e+00,1.981087252852828717e+00
3.503000010443864110e+00,1.981087252852828717e+00
3.503500010445355084e+00,1.981087252852828717e+00
3.504000010446845614e+00,1.981087252852828717e+00
3.504500010448336145e+00,1.981087252852828717e+00
3.505000010449827119e+00,1.981087252852828717e+00
3.505500010451317650e+00,1.981087252852828717e+00
3.506000010452808624e+00,1.981087252852828717e+00
3.506500010454299154e+00,1.981087252852828717e+00
3.507000010455789685e+00,1.981087252852828717e+00
3.507500010457280659e+00,1.981087252852828717e+00
3.508000010458771190e+00,1.981087252852828717e+00
3.508500010460262164e+00,1.981087252852828717e+00
3.509000010461752694e+00,1.981087252852828717e+00
3.509500010463243225e+00,1.981087252852828717e+00
3.510000010464734199e+00,1.981087252852828717e+00
3.510500010466224730e+00,1.981087252852828717e+00
3.511000010467715704e+00,1.981087252852828717e+00
3.511500010469206234e+00,1.981087252852828717e+00
3.512000010470696765e+00,1.981087252852828717e+00
3.512500010472187739e+00,1.981087252852828717e+00
3.513000010473678270e+00,1.981087252852828717e+00
3.513500010475168800e+00,1.981087252852828717e+00
3.514000010476659774e+00,1.981087252852828717e+00
3.514500010478150305e+00,1.981087252852828717e+00
3.515000010479641279e+00,1.981087252852828717e+00
3.515500010481131810e+00,1.981087252852828717e+00
3.516000010482622340e+00,1.981087252852828717e+00
3.516500010484113314e+00,1.981087252852828717e+00
3.517000010485603845e+00,1.981087252852828717e+00
3.517500010487094819e+00,1.981087252852828717e+00
3.518000010488585350e+00,1.981087252852828717e+00
3.518500010490075880e+00,1.981087252852828717e+00
3.519000010491566854e+00,1.981087252852828717e+00
3.519500010493057385e+00,1.981087252852828717e+00
3.520000010494548359e+00,1.981087252852828717e+00
3.520500010496038890e+00,1.981087252852828717e+00
3.521000010497529420e+00,1.981087252852828717e+00
3.521500010499020394e+00,1.981087252852828717e+00
3.522000010500510925e+00,1.981087252852828717e+00
3.522500010502001455e+00,1.981087252852828717e+00
3.523000010503492430e+00,1.981087252852828717e+00
3.523500010504982960e+00,1.981087252852828717e+00
3.524000010506473934e+00,1.981087252852828717e+00
3.524500010507964465e+00,1.981087252852828717e+00
3.525000010509454995e+00,1.981087252852828717e+00
3.525500010510945970e+00,1.981087252852828717e+00
3.526000010512436500e+00,1.981087252852828717e+00
3.526500010513927474e+00,1.981087252852828717e+00
3.527000010515418005e+00,1.981087252852828717e+00
3.527500010516908535e+00,1.981087252852828717e+00
3.528000010518399510e+00,1.981087252852828717e+00
3.528500010519890040e+00,1.981087252852828717e+00
3.529000010521381014e+00,1.981087252852828717e+00
3.529500010522871545e+00,1.981087252852828717e+00
3.530000010524362075e+00,1.981087252852828717e+00
3.530500010525853050e+00,1.981087252852828717e+00
3.531000010527343580e+00,1.981087252852828717e+00
3.531500010528834110e+00,1.981087252852828717e+00
3.532000010530325085e+00,1.981087252852828717e+00
3.532500010531815615e+00,1.981087252852828717e+00
3.533000010533306590e+00,1.981087252852828717e+00
3.533500010534797120e+00,1.981087252852828717e+00
3.534000010536287650e+00,1.981087252852828717e+00
3.534500010537778625e+00,1.981087252852828717e+00
3.535000010539269155e+00,1.981087252852828717e+00
3.535500010540760130e+00,1.981087252852828717e+00
3.536000010542250660e+00,1.981087252852828717e+00
3.536500010543741190e+00,1.981087252852828717e+00
3.537000010545232165e+00,1.981087252852828717e+00
3.537500010546722695e+00,1.981087252852828717e+00
3.538000010548213670e+00,1.981087252852828717e+00
3.538500010549704200e+00,1.981087252852828717e+00
3.539000010551194730e+00,1.981087252852828717e+00
3.539500010552685705e+00,1.981087252852828717e+00
3.540000010554176235e+00,1.981087252852828717e+00
3.540500010555666766e+00,1.981087252852828717e+00
3.541000010557157740e+00,1.981087252852828717e+00
3.541500010558648270e+00,1.981087252852828717e+00
3.542000010560139245e+00,1.981087252852828717e+00
3.542500010561629775e+00,1.981087252852828717e+00
3.543000010563120306e+00,1.981087252852828717e+00
3.543500010564611280e+00,1.981087252852828717e+00
3.544000010566101810e+00,1.981087252852828717e+00
3.544500010567592785e+00,1.981087252852828717e+00
3.545000010569083315e+00,1.981087252852828717e+00
3.545500010570573846e+00,1.981087252852828717e+00
3.546000010572064820e+00,1.981087252852828717e+00
3.546500010573555350e+00,1.981087252852828717e+00
3.547000010575046325e+00,1.981087252852828717e+00
3.547500010576536855e+00,1.981087252852828717e+00
3.548000010578027386e+00,1.981087252852828717e+00
3.548500010579518360e+00,1.981087252852828717e+00
3.549000010581008890e+00,1.981087252852828717e+00
3.549500010582499421e+00,1.981087252852828717e+00
3.550000010583990395e+00,1.981087252852828717e+00
3.550500010585480926e+00,1.981087252852828717e+00
3.551000010586971900e+00,1.981087252852828717e+00
3.551500010588462430e+00,1.981087252852828717e+00
3.552000010589952961e+00,1.981087252852828717e+00
3.552500010591443935e+00,1.981087252852828717e+00
3.553000010592934466e+00,1.981087252852828717e+00
3.553500010594425440e+00,1.981087252852828717e+00
3.554000010595915970e+00,1.981087252852828717e+00
3.554500010597406501e+00,1.981087252852828717e+00
3.555000010598897475e+00,1.981087252852828717e+00
3.555500010600388006e+00,1.981087252852828717e+00
3.556000010601878536e+00,1.981087252852828717e+00
3.556500010603369510e+00,1.981087252852828717e+00
3.557000010604860041e+00,1.981087252852828717e+00
3.557500010606351015e+00,1.981087252852828717e+00
3.558000010607841546e+00,1.981087252852828717e+00
3.558500010609332076e+00,1.981087252852828717e+00
3.559000010610823050e+00,1.981087252852828717e+00
3.559500010612313581e+00,1.981087252852828717e+00
3.560000010613804555e+00,1.981087252852828717e+00
3.560500010615295086e+00,1.981087252852828717e+00
3.561000010616785616e+00,1.981087252852828717e+00
3.561500010618276590e+00,1.981087252852828717e+00
3.562000010619767121e+00,1.981087252852828717e+00
3.562500010621258095e+00,1.981087252852828717e+00
3.563000010622748626e+00,1.981087252852828717e+00
3.563500010624239156e+00,1.981087252852828717e+00
3.564000010625730130e+00,1.981087252852828717e+00
3.564500010627220661e+00,1.981087252852828717e+00
3.565000010628711191e+00,1.981087252852828717e+00
3.565500010630202166e+00,1.981087252852828717e+00
3.566000010631692696e+00,1.981087252852828717e+00
3.566500010633183670e+00,1.981087252852828717e+00
3.567000010634674201e+00,1.981087252852828717e+00
3.567500010636164731e+00,1.981087252852828717e+00
3.568000010637655706e+00,1.981087252852828717e+00
3.568500010639146236e+00,1.981087252852828717e+00
3.569000010640637210e+00,1.981087252852828717e+00
3.569500010642127741e+00,1.981087252852828717e+00
3.570000010643618271e+00,1.981087252852828717e+00
3.570500010645109246e+00,1.981087252852828717e+00
3.571000010646599776e+00,1.981087252852828717e+00
3.571500010648090750e+00,1.981087252852828717e+00
3.572000010649581281e+00,1.981087252852828717e+00
3.572500010651071811e+00,1.981087252852828717e+00
3.573000010652562786e+00,1.981087252852828717e+00
3.573500010654053316e+00,1.981087252852828717e+00
3.574000010655543846e+00,1.981087252852828717e+00
3.574500010657034821e+00,1.981087252852828717e+00
3.575000010658525351e+00,1.981087252852828717e+00
3.575500010660016326e+00,1.981087252852828717e+00
3.576000010661506856e+00,1.981087252852828717e+00
3.576500010662997386e+00,1.981087252852828717e+00
3.577000010664488361e+00,1.981087252852828717e+00
3.577500010665978891e+00,1.981087252852828717e+00
3.578000010667469866e+00,1.981087252852828717e+00
3.578500010668960396e+00,1.981087252852828717e+00
3.579000010670450926e+00,1.981087252852828717e+00
3.579500010671941901e+00,1.981087252852828717e+00
3.580000010673432431e+00,1.981087252852828717e+00
3.580500010674923406e+00,1.981087252852828717e+00
3.581000010676413936e+00,1.981087252852828717e+00
3.581500010677904466e+00,1.981087252852828717e+00
3.582000010679395441e+00,1.981087252852828717e+00
3.582500010680885971e+00,1.981087252852828717e+00
3.583000010682376502e+00,1.981087252852828717e+00
3.583500010683867476e+00,1.981087252852828717e+00
3.584000010685358006e+00,1.981087252852828717e+00
3.584500010686848981e+00,1.981087252852828717e+00
3.585000010688339511e+00,1.981087252852828717e+00
3.585500010689830042e+00,1.981087252852828717e+00
3.586000010691321016e+00,1.981087252852828717e+00
3.586500010692811546e+00,1.981087252852828717e+00
3.587000010694302521e+00,1.981087252852828717e+00
3.587500010695793051e+00,1.981087252852828717e+00
3.588000010697283582e+00,1.981087252852828717e+00
3.588500010698774556e+00,1.981087252852828717e+00
3.589000010700265086e+00,1.981087252852828717e+00
3.589500010701756061e+00,1.981087252852828717e+00
3.590000010703246591e+00,1.981087252852828717e+00
3.590500010704737122e+00,1.981087252852828717e+00
3.591000010706228096e+00,1.981087252852828717e+00
3.591500010707718626e+00,1.981087252852828717e+00
3.592000010709209157e+00,1.981087252852828717e+00
3.592500010710700131e+00,1.981087252852828717e+00
3.593000010712190662e+00,1.981087252852828717e+00
3.593500010713681636e+00,1.981087252852828717e+00
3.594000010715172166e+00,1.981087252852828717e+00
3.594500010716662697e+00,1.981087252852828717e+00
3.595000010718153671e+00,1.981087252852828717e+00
3.595500010719644202e+00,1.981087252852828717e+00
3.596000010721135176e+00,1.981087252852828717e+00
3.596500010722625706e+00,1.981087252852828717e+00
3.597000010724116237e+00,1.981087252852828717e+00
3.597500010725607211e+00,1.981087252852828717e+00
3.598000010727097742e+00,1.981087252852828717e+00
3.598500010728588716e+00,1.981087252852828717e+00
3.599000010730079246e+00,1.981087252852828717e+00
3.599500010731569777e+00,1.981087252852828717e+00
3.600000010733060751e+00,1.981087252852828717e+00
3.600500010734551282e+00,1.981087252852828717e+00
3.601000010736041812e+00,1.981087252852828717e+00
3.601500010737532786e+00,1.981087252852828717e+00
3.602000010739023317e+00,1.981087252852828717e+00
3.602500010740514291e+00,1.981087252852828717e+00
3.603000010742004822e+00,1.981087252852828717e+00
3.603500010743495352e+00,1.981087252852828717e+00
3.604000010744986326e+00,1.981087252852828717e+00
3.604500010746476857e+00,1.981087252852828717e+00
3.605000010747967831e+00,1.981087252852828717e+00
3.605500010749458362e+00,1.981087252852828717e+00
3.606000010750948892e+00,1.981087252852828717e+00
3.606500010752439866e+00,1.981087252852828717e+00
3.607000010753930397e+00,1.981087252852828717e+00
3.607500010755421371e+00,1.981087252852828717e+00
3.608000010756911902e+00,1.981087252852828717e+00
3.608500010758402432e+00,1.981087252852828717e+00
3.609000010759893406e+00,1.981087252852828717e+00
3.609500010761383937e+00,1.981087252852828717e+00
3.610000010762874467e+00,1.981087252852828717e+00
3.610500010764365442e+00,1.981087252852828717e+00
3.611000010765855972e+00,1.981087252852828717e+00
3.611500010767346946e+00,1.981087252852828717e+00
3.612000010768837477e+00,1.981087252852828717e+00
3.612500010770328007e+00,1.968301664107360960e+00
3.613000010771818982e+00,1.968301664107360960e+00
3.613500010773309512e+00,1.968301664107360960e+00
3.614000010774800487e+00,1.968301664107360960e+00
3.614500010776291017e+00,1.968301664107360960e+00
3.615000010777781547e+00,1.968301664107360960e+00
3.615500010779272522e+00,1.968301664107360960e+00
3.616000010780763052e+00,1.968301664107360960e+00
3.616500010782253582e+00,1.968301664107360960e+00
3.617000010783744557e+00,1.968301664107360960e+00
3.617500010785235087e+00,1.968301664107360960e+00
3.618000010786726062e+00,1.968301664107360960e+00
3.618500010788216592e+00,1.968301664107360960e+00
3.619000010789707122e+00,1.968301664107360960e+00
3.619500010791198097e+00,1.968301664107360960e+00
3.620000010792688627e+00,1.968301664107360960e+00
3.620500010794179602e+00,1.968301664107360960e+00
3.621000010795670132e+00,1.968301664107360960e+00
3.621500010797160662e+00,1.968301664107360960e+00
3.622000010798651637e+00,1.968301664107360960e+00
3.622500010800142167e+00,1.968301664107360960e+00
3.623000010801633142e+00,1.968301664107360960e+00
3.623500010803123672e+00,1.968301664107360960e+00
3.624000010804614202e+00,1.968301664107360960e+00
3.624500010806105177e+00,1.968301664107360960e+00
3.625000010807595707e+00,1.963823389976776301e+00
3.625500010809086238e+00,1.963823389976776301e+00
3.626000010810577212e+00,1.963823389976776301e+00
3.626500010812067742e+00,1.963823389976776301e+00
3.627000010813558717e+00,1.963823389976776301e+00
3.627500010815049247e+00,1.963823389976776301e+00
3.628000010816539778e+00,1.963823389976776301e+00
3.628500010818030752e+00,1.963823389976776301e+00
3.629000010819521282e+00,1.963823389976776301e+00
3.629500010821012257e+00,1.963823389976776301e+00
3.630000010822502787e+00,1.963823389976776301e+00
3.630500010823993318e+00,1.963823389976776301e+00
3.631000010825484292e+00,1.963823389976776301e+00
3.631500010826974822e+00,1.963823389976776301e+00
3.632000010828465797e+00,1.963823389976776301e+00
3.632500010829956327e+00,1.963823389976776301e+00
3.633000010831446858e+00,1.963823389976776301e+00
3.633500010832937832e+00,1.963823389976776301e+00
3.634000010834428362e+00,1.963823389976776301e+00
3.634500010835918893e+00,1.963823389976776301e+00
3.635000010837409867e+00,1.963823389976776301e+00
3.635500010838900398e+00,1.963823389976776301e+00
3.636000010840391372e+00,1.963823389976776301e+00
3.636500010841881902e+00,1.963823389976776301e+00
3.637000010843372433e+00,1.963823389976776301e+00
3.637500010844863407e+00,1.963823389976776301e+00
3.638000010846353938e+00,1.963823389976776301e+00
3.638500010847844912e+00,1.963823389976776301e+00
3.639000010849335442e+00,1.963823389976776301e+00
3.639500010850825973e+00,1.963823389976776301e+00
3.640000010852316947e+00,1.963823389976776301e+00
3.640500010853807478e+00,1.963823389976776301e+00
3.641000010855298452e+00,1.963823389976776301e+00
3.641500010856788982e+00,1.963823389976776301e+00
3.642000010858279513e+00,1.963823389976776301e+00
3.642500010859770487e+00,1.963823389976776301e+00
3.643000010861261018e+00,1.963823389976776301e+00
3.643500010862751548e+00,1.963823389976776301e+00
3.644000010864242523e+00,1.963823389976776301e+00
3.644500010865733053e+00,1.963823389976776301e+00
3.645000010867224027e+00,1.963823389976776301e+00
3.645500010868714558e+00,1.963823389976776301e+00
3.646000010870205088e+00,1.963823389976776301e+00
3.646500010871696063e+00,1.963823389976776301e+00
3.647000010873186593e+00,1.963823389976776301e+00
3.647500010874677567e+00,1.963823389976776301e+00
3.648000010876168098e+00,1.963823389976776301e+00
3.648500010877658628e+00,1.963823389976776301e+00
3.649000010879149603e+00,1.963823389976776301e+00
3.649500010880640133e+00,1.963823389976776301e+00
3.650000010882131107e+00,1.963823389976776301e+00
3.650500010883621638e+00,1.963823389976776301e+00
3.651000010885112168e+00,1.963823389976776301e+00
3.651500010886603143e+00,1.963823389976776301e+00
3.652000010888093673e+00,1.963823389976776301e+00
3.652500010889584203e+00,1.963823389976776301e+00
3.653000010891075178e+00,1.963823389976776301e+00
3.653500010892565708e+00,1.963823389976776301e+00
3.654000010894056683e+00,1.963823389976776301e+00
3.654500010895547213e+00,1.963823389976776301e+00
3.655000010897037743e+00,1.963823389976776301e+00
3.655500010898528718e+00,1.963823389976776301e+00
3.656000010900019248e+00,1.963823389976776301e+00
3.656500010901510223e+00,1.963823389976776301e+00
3.657000010903000753e+00,1.963823389976776301e+00
3.657500010904491283e+00,1.963823389976776301e+00
3.658000010905982258e+00,1.963823389976776301e+00
3.658500010907472788e+00,1.963823389976776301e+00
3.659000010908963763e+00,1.963823389976776301e+00
3.659500010910454293e+00,1.963823389976776301e+00
3.660000010911944823e+00,1.963823389976776301e+00
3.660500010913435798e+00,1.963823389976776301e+00
3.661000010914926328e+00,1.963823389976776301e+00
3.661500010916416858e+00,1.963823389976776301e+00
3.662000010917907833e+00,1.963823389976776301e+00
3.662500010919398363e+00,1.983496336999942544e+00
3.663000010920889338e+00,1.983496336999942544e+00
3.663500010922379868e+00,1.983496336999942544e+00
3.664000010923870398e+00,1.983496336999942544e+00
3.664500010925361373e+00,1.983496336999942544e+00
3.665000010926851903e+00,1.983496336999942544e+00
3.665500010928342878e+00,1.983496336999942544e+00
3.666000010929833408e+00,1.983496336999942544e+00
3.666500010931323938e+00,1.983496336999942544e+00
3.667000010932814913e+00,1.983496336999942544e+00
3.667500010934305443e+00,1.983496336999942544e+00
3.668000010935796418e+00,1.983496336999942544e+00
3.668500010937286948e+00,1.983496336999942544e+00
3.669000010938777478e+00,1.983496336999942544e+00
3.669500010940268453e+00,1.983496336999942544e+00
3.670000010941758983e+00,1.983496336999942544e+00
3.670500010943249514e+00,1.983496336999942544e+00
3.671000010944740488e+00,1.983496336999942544e+00
3.671500010946231018e+00,1.983496336999942544e+00
3.672000010947721993e+00,1.983496336999942544e+00
3.672500010949212523e+00,1.983496336999942544e+00
3.673000010950703054e+00,1.983496336999942544e+00
3.673500010952194028e+00,1.983496336999942544e+00
3.674000010953684559e+00,1.983496336999942544e+00
3.674500010955175533e+00,1.983496336999942544e+00
3.675000010956666063e+00,1.974547667610377921e+00
3.675500010958156594e+00,1.974547667610377921e+00
3.676000010959647568e+00,1.974547667610377921e+00
3.676500010961138099e+00,1.974547667610377921e+00
3.677000010962628629e+00,1.974547667610377921e+00
3.677500010964119603e+00,1.974547667610377921e+00
3.678000010965610134e+00,1.974547667610377921e+00
3.678500010967101108e+00,1.974547667610377921e+00
3.679000010968591639e+00,1.974547667610377921e+00
3.679500010970082169e+00,1.974547667610377921e+00
3.680000010971573143e+00,1.974547667610377921e+00
3.680500010973063674e+00,1.974547667610377921e+00
3.681000010974554648e+00,1.974547667610377921e+00
3.681500010976045179e+00,1.974547667610377921e+00
3.682000010977535709e+00,1.974547667610377921e+00
3.682500010979026683e+00,1.974547667610377921e+00
3.683000010980517214e+00,1.974547667610377921e+00
3.683500010982008188e+00,1.974547667610377921e+00
3.684000010983498719e+00,1.974547667610377921e+00
3.684500010984989249e+00,1.974547667610377921e+00
3.685000010986480223e+00,1.974547667610377921e+00
3.685500010987970754e+00,1.974547667610377921e+00
3.686000010989461284e+00,1.974547667610377921e+00
3.686500010990952259e+00,1.974547667610377921e+00
3.687000010992442789e+00,1.974547667610377921e+00
3.687500010993933763e+00,1.974547667610377921e+00
3.688000010995424294e+00,1.974547667610377921e+00
3.688500010996914824e+00,1.974547667610377921e+00
3.689000010998405799e+00,1.974547667610377921e+00
3.689500010999896329e+00,1.974547667610377921e+00
3.690000011001387303e+00,1.974547667610377921e+00
3.690500011002877834e+00,1.974547667610377921e+00
3.691000011004368364e+00,1.974547667610377921e+00
3.691500011005859339e+00,1.974547667610377921e+00
3.692000011007349869e+00,1.974547667610377921e+00
3.692500011008840843e+00,1.974547667610377921e+00
3.693000011010331374e+00,1.974547667610377921e+00
3.693500011011821904e+00,1.974547667610377921e+00
3.694000011013312879e+00,1.974547667610377921e+00
3.694500011014803409e+00,1.974547667610377921e+00
3.695000011016293939e+00,1.974547667610377921e+00
3.695500011017784914e+00,1.974547667610377921e+00
3.696000011019275444e+00,1.974547667610377921e+00
3.696500011020766419e+00,1.974547667610377921e+00
3.697000011022256949e+00,1.974547667610377921e+00
3.697500011023747479e+00,1.974547667610377921e+00
3.698000011025238454e+00,1.974547667610377921e+00
3.698500011026728984e+00,1.974547667610377921e+00
3.699000011028219959e+00,1.974547667610377921e+00
3.699500011029710489e+00,1.974547667610377921e+00
3.700000011031201019e+00,1.981860997916738976e+00
3.700500011032691994e+00,1.981860997916738976e+00
3.701000011034182524e+00,1.981860997916738976e+00
3.701500011035673499e+00,1.981860997916738976e+00
3.702000011037164029e+00,1.981860997916738976e+00
3.702500011038654559e+00,1.981860997916738976e+00
3.703000011040145534e+00,1.981860997916738976e+00
3.703500011041636064e+00,1.981860997916738976e+00
3.704000011043126595e+00,1.981860997916738976e+00
3.704500011044617569e+00,1.981860997916738976e+00
3.705000011046108099e+00,1.981860997916738976e+00
3.705500011047599074e+00,1.981860997916738976e+00
3.706000011049089604e+00,1.981860997916738976e+00
3.706500011050580135e+00,1.981860997916738976e+00
3.707000011052071109e+00,1.981860997916738976e+00
3.707500011053561639e+00,1.981860997916738976e+00
3.708000011055052614e+00,1.981860997916738976e+00
3.708500011056543144e+00,1.981860997916738976e+00
3.709000011058033675e+00,1.981860997916738976e+00
3.709500011059524649e+00,1.981860997916738976e+00
3.710000011061015179e+00,1.981860997916738976e+00
3.710500011062506154e+00,1.981860997916738976e+00
3.711000011063996684e+00,1.981860997916738976e+00
3.711500011065487215e+00,1.981860997916738976e+00
3.712000011066978189e+00,1.981860997916738976e+00
3.712500011068468719e+00,1.981860997916738976e+00
3.713000011069959250e+00,1.981860997916738976e+00
3.713500011071450224e+00,1.981860997916738976e+00
3.714000011072940755e+00,1.981860997916738976e+00
3.714500011074431729e+00,1.981860997916738976e+00
3.715000011075922259e+00,1.981860997916738976e+00
3.715500011077412790e+00,1.981860997916738976e+00
3.716000011078903764e+00,1.981860997916738976e+00
3.716500011080394295e+00,1.981860997916738976e+00
3.717000011081885269e+00,1.981860997916738976e+00
3.717500011083375799e+00,1.981860997916738976e+00
3.718000011084866330e+00,1.981860997916738976e+00
3.718500011086357304e+00,1.981860997916738976e+00
3.719000011087847835e+00,1.981860997916738976e+00
3.719500011089338809e+00,1.981860997916738976e+00
3.720000011090829339e+00,1.981860997916738976e+00
3.720500011092319870e+00,1.981860997916738976e+00
3.721000011093810844e+00,1.981860997916738976e+00
3.721500011095301375e+00,1.981860997916738976e+00
3.722000011096791905e+00,1.981860997916738976e+00
3.722500011098282879e+00,1.981860997916738976e+00
3.723000011099773410e+00,1.981860997916738976e+00
3.723500011101264384e+00,1.981860997916738976e+00
3.724000011102754915e+00,1.981860997916738976e+00
3.724500011104245445e+00,1.981860997916738976e+00
3.725000011105736419e+00,1.968661914644967759e+00
3.725500011107226950e+00,1.968661914644967759e+00
3.726000011108717924e+00,1.968661914644967759e+00
3.726500011110208455e+00,1.968661914644967759e+00
3.727000011111698985e+00,1.968661914644967759e+00
3.727500011113189959e+00,1.968661914644967759e+00
3.728000011114680490e+00,1.968661914644967759e+00
3.728500011116171464e+00,1.968661914644967759e+00
3.729000011117661995e+00,1.968661914644967759e+00
3.729500011119152525e+00,1.968661914644967759e+00
3.730000011120643499e+00,1.968661914644967759e+00
3.730500011122134030e+00,1.968661914644967759e+00
3.731000011123624560e+00,1.968661914644967759e+00
3.731500011125115535e+00,1.968661914644967759e+00
3.732000011126606065e+00,1.968661914644967759e+00
3.732500011128097039e+00,1.968661914644967759e+00
3.733000011129587570e+00,1.968661914644967759e+00
3.733500011131078100e+00,1.968661914644967759e+00
3.734000011132569075e+00,1.968661914644967759e+00
3.734500011134059605e+00,1.968661914644967759e+00
3.735000011135550579e+00,1.968661914644967759e+00
3.735500011137041110e+00,1.968661914644967759e+00
3.736000011138531640e+00,1.968661914644967759e+00
3.736500011140022615e+00,1.968661914644967759e+00
3.737000011141513145e+00,1.968661914644967759e+00
3.737500011143003675e+00,1.968661914644967759e+00
3.738000011144494650e+00,1.968661914644967759e+00
3.738500011145985180e+00,1.968661914644967759e+00
3.739000011147476155e+00,1.968661914644967759e+00
3.739500011148966685e+00,1.968661914644967759e+00
3.740000011150457215e+00,1.968661914644967759e+00
3.740500011151948190e+00,1.968661914644967759e+00
3.741000011153438720e+00,1.968661914644967759e+00
3.741500011154929695e+00,1.968661914644967759e+00
3.742000011156420225e+00,1.968661914644967759e+00
3.742500011157910755e+00,1.968661914644967759e+00
3.743000011159401730e+00,1.968661914644967759e+00
3.743500011160892260e+00,1.968661914644967759e+00
3.744000011162383235e+00,1.968661914644967759e+00
3.744500011163873765e+00,1.968661914644967759e+00
3.745000011165364295e+00,1.968661914644967759e+00
3.745500011166855270e+00,1.968661914644967759e+00
3.746000011168345800e+00,1.968661914644967759e+00
3.746500011169836331e+00,1.968661914644967759e+00
3.747000011171327305e+00,1.968661914644967759e+00
3.747500011172817835e+00,1.968661914644967759e+00
3.748000011174308810e+00,1.968661914644967759e+00
3.748500011175799340e+00,1.968661914644967759e+00
3.749000011177289871e+00,1.968661914644967759e+00
3.749500011178780845e+00,1.968661914644967759e+00
3.750000011180271375e+00,1.951954931421668205e+00
3.750500011181762350e+00,1.951954931421668205e+00
3.751000011183252880e+00,1.951954931421668205e+00
3.751500011184743411e+00,1.951954931421668205e+00
3.752000011186234385e+00,1.951954931421668205e+00
3.752500011187724915e+00,1.951954931421668205e+00
3.753000011189215890e+00,1.951954931421668205e+00
3.753500011190706420e+00,1.951954931421668205e+00
3.754000011192196951e+00,1.951954931421668205e+00
3.754500011193687925e+00,1.951954931421668205e+00
3.755000011195178455e+00,1.951954931421668205e+00
3.755500011196668986e+00,1.951954931421668205e+00
3.756000011198159960e+00,1.951954931421668205e+00
3.756500011199650491e+00,1.951954931421668205e+00
3.757000011201141465e+00,1.951954931421668205e+00
3.757500011202631995e+00,1.951954931421668205e+00
3.758000011204122526e+00,1.951954931421668205e+00
3.758500011205613500e+00,1.951954931421668205e+00
3.759000011207104031e+00,1.951954931421668205e+00
3.759500011208595005e+00,1.951954931421668205e+00
3.760000011210085535e+00,1.951954931421668205e+00
3.760500011211576066e+00,1.951954931421668205e+00
3.761000011213067040e+00,1.951954931421668205e+00
3.761500011214557571e+00,1.951954931421668205e+00
3.762000011216048545e+00,1.951954931421668205e+00
3.762500011217539075e+00,1.933770832582025756e+00
3.763000011219029606e+00,1.933770832582025756e+00
3.763500011220520580e+00,1.933770832582025756e+00
3.764000011222011111e+00,1.933770832582025756e+00
3.764500011223501641e+00,1.933770832582025756e+00
3.765000011224992615e+00,1.933770832582025756e+00
3.765500011226483146e+00,1.933770832582025756e+00
3.766000011227974120e+00,1.933770832582025756e+00
3.766500011229464651e+00,1.933770832582025756e+00
3.767000011230955181e+00,1.933770832582025756e+00
3.767500011232446155e+00,1.933770832582025756e+00
3.768000011233936686e+00,1.933770832582025756e+00
3.768500011235427660e+00,1.933770832582025756e+00
3.769000011236918191e+00,1.933770832582025756e+00
3.769500011238408721e+00,1.933770832582025756e+00
3.770000011239899695e+00,1.933770832582025756e+00
3.770500011241390226e+00,1.933770832582025756e+00
3.771000011242881200e+00,1.933770832582025756e+00
3.771500011244371731e+00,1.933770832582025756e+00
3.772000011245862261e+00,1.933770832582025756e+00
3.772500011247353235e+00,1.933770832582025756e+00
3.773000011248843766e+00,1.933770832582025756e+00
3.773500011250334296e+00,1.933770832582025756e+00
3.774000011251825271e+00,1.933770832582025756e+00
3.774500011253315801e+00,1.933770832582025756e+00
3.775000011254806775e+00,1.933770832582025756e+00
3.775500011256297306e+00,1.933770832582025756e+00
3.776000011257787836e+00,1.933770832582025756e+00
3.776500011259278811e+00,1.933770832582025756e+00
3.777000011260769341e+00,1.933770832582025756e+00
3.777500011262260315e+00,1.933770832582025756e+00
3.778000011263750846e+00,1.933770832582025756e+00
3.778500011265241376e+00,1.933770832582025756e+00
3.779000011266732351e+00,1.933770832582025756e+00
3.779500011268222881e+00,1.933770832582025756e+00
3.780000011269713855e+00,1.933770832582025756e+00
3.780500011271204386e+00,1.933770832582025756e+00
3.781000011272694916e+00,1.933770832582025756e+00
3.781500011274185891e+00,1.933770832582025756e+00
3.782000011275676421e+00,1.933770832582025756e+00
3.782500011277166951e+00,1.933770832582025756e+00
3.783000011278657926e+00,1.933770832582025756e+00
3.783500011280148456e+00,1.933770832582025756e+00
3.784000011281639431e+00,1.933770832582025756e+00
3.784500011283129961e+00,1.933770832582025756e+00
3.785000011284620491e+00,1.933770832582025756e+00
3.785500011286111466e+00,1.933770832582025756e+00
3.786000011287601996e+00,1.933770832582025756e+00
3.786500011289092971e+00,1.933770832582025756e+00
3.787000011290583501e+00,1.933770832582025756e+00
3.787500011292074031e+00,1.935369430680054181e+00
3.788000011293565006e+00,1.935369430680054181e+00
3.788500011295055536e+00,1.935369430680054181e+00
3.789000011296546511e+00,1.935369430680054181e+00
3.789500011298037041e+00,1.935369430680054181e+00
3.790000011299527571e+00,1.935369430680054181e+00
3.790500011301018546e+00,1.935369430680054181e+00
3.791000011302509076e+00,1.935369430680054181e+00
3.791500011303999607e+00,1.935369430680054181e+00
3.792000011305490581e+00,1.935369430680054181e+00
3.792500011306981111e+00,1.935369430680054181e+00
3.793000011308472086e+00,1.935369430680054181e+00
3.793500011309962616e+00,1.935369430680054181e+00
3.794000011311453147e+00,1.935369430680054181e+00
3.794500011312944121e+00,1.935369430680054181e+00
3.795000011314434651e+00,1.935369430680054181e+00
3.795500011315925626e+00,1.935369430680054181e+00
3.796000011317416156e+00,1.935369430680054181e+00
3.796500011318906687e+00,1.935369430680054181e+00
3.797000011320397661e+00,1.935369430680054181e+00
3.797500011321888191e+00,1.935369430680054181e+00
3.798000011323378722e+00,1.935369430680054181e+00
3.798500011324869696e+00,1.935369430680054181e+00
3.799000011326360227e+00,1.935369430680054181e+00
3.799500011327851201e+00,1.935369430680054181e+00
3.800000011329341731e+00,1.931601941481264850e+00
3.800500011330832262e+00,1.931601941481264850e+00
3.801000011332323236e+00,1.931601941481264850e+00
3.801500011333813767e+00,1.931601941481264850e+00
3.802000011335304741e+00,1.931601941481264850e+00
3.802500011336795271e+00,1.931601941481264850e+00
3.803000011338285802e+00,1.931601941481264850e+00
3.803500011339776776e+00,1.931601941481264850e+00
3.804000011341267307e+00,1.931601941481264850e+00
3.804500011342758281e+00,1.931601941481264850e+00
3.805000011344248811e+00,1.931601941481264850e+00
3.805500011345739342e+00,1.931601941481264850e+00
3.806000011347230316e+00,1.931601941481264850e+00
3.806500011348720847e+00,1.931601941481264850e+00
3.807000011350211377e+00,1.931601941481264850e+00
3.807500011351702351e+00,1.931601941481264850e+00
3.808000011353192882e+00,1.931601941481264850e+00
3.808500011354683856e+00,1.931601941481264850e+00
3.809000011356174387e+00,1.931601941481264850e+00
3.809500011357664917e+00,1.931601941481264850e+00
3.810000011359155891e+00,1.931601941481264850e+00
3.810500011360646422e+00,1.931601941481264850e+00
3.811000011362137396e+00,1.931601941481264850e+00
3.811500011363627927e+00,1.931601941481264850e+00
3.812000011365118457e+00,1.931601941481264850e+00
3.812500011366609431e+00,1.928134734728788935e+00
3.813000011368099962e+00,1.928134734728788935e+00
3.813500011369590936e+00,1.928134734728788935e+00
3.814000011371081467e+00,1.928134734728788935e+00
3.814500011372571997e+00,1.928134734728788935e+00
3.815000011374062971e+00,1.928134734728788935e+00
3.815500011375553502e+00,1.928134734728788935e+00
3.816000011377044032e+00,1.928134734728788935e+00
3.816500011378535007e+00,1.928134734728788935e+00
3.817000011380025537e+00,1.928134734728788935e+00
3.817500011381516511e+00,1.928134734728788935e+00
3.818000011383007042e+00,1.928134734728788935e+00
3.818500011384497572e+00,1.928134734728788935e+00
3.819000011385988547e+00,1.928134734728788935e+00
3.819500011387479077e+00,1.928134734728788935e+00
3.820000011388970051e+00,1.928134734728788935e+00
3.820500011390460582e+00,1.928134734728788935e+00
3.821000011391951112e+00,1.928134734728788935e+00
3.821500011393442087e+00,1.928134734728788935e+00
3.822000011394932617e+00,1.928134734728788935e+00
3.822500011396423591e+00,1.928134734728788935e+00
3.823000011397914122e+00,1.928134734728788935e+00
3.823500011399404652e+00,1.928134734728788935e+00
3.824000011400895627e+00,1.928134734728788935e+00
3.824500011402386157e+00,1.928134734728788935e+00
3.825000011403876687e+00,1.946753295745740520e+00
3.825500011405367662e+00,1.946753295745740520e+00
3.826000011406858192e+00,1.946753295745740520e+00
3.826500011408349167e+00,1.946753295745740520e+00
3.827000011409839697e+00,1.946753295745740520e+00
3.827500011411330227e+00,1.946753295745740520e+00
3.828000011412821202e+00,1.946753295745740520e+00
3.828500011414311732e+00,1.946753295745740520e+00
3.829000011415802707e+00,1.946753295745740520e+00
3.829500011417293237e+00,1.946753295745740520e+00
3.830000011418783767e+00,1.946753295745740520e+00
3.830500011420274742e+00,1.946753295745740520e+00
3.831000011421765272e+00,1.946753295745740520e+00
3.831500011423256247e+00,1.946753295745740520e+00
3.832000011424746777e+00,1.946753295745740520e+00
3.832500011426237307e+00,1.946753295745740520e+00
3.833000011427728282e+00,1.946753295745740520e+00
3.833500011429218812e+00,1.946753295745740520e+00
3.834000011430709343e+00,1.946753295745740520e+00
3.834500011432200317e+00,1.946753295745740520e+00
3.835000011433690847e+00,1.946753295745740520e+00
3.835500011435181822e+00,1.946753295745740520e+00
3.836000011436672352e+00,1.946753295745740520e+00
3.836500011438162883e+00,1.946753295745740520e+00
3.837000011439653857e+00,1.946753295745740520e+00
3.837500011441144387e+00,1.935663188057917816e+00
3.838000011442635362e+00,1.935663188057917816e+00
3.838500011444125892e+00,1.935663188057917816e+00
3.839000011445616423e+00,1.935663188057917816e+00
3.839500011447107397e+00,1.935663188057917816e+00
3.840000011448597927e+00,1.935663188057917816e+00
3.840500011450088902e+00,1.935663188057917816e+00
3.841000011451579432e+00,1.935663188057917816e+00
3.841500011453069963e+00,1.935663188057917816e+00
3.842000011454560937e+00,1.935663188057917816e+00
3.842500011456051467e+00,1.935663188057917816e+00
3.843000011457541998e+00,1.935663188057917816e+00
3.843500011459032972e+00,1.935663188057917816e+00
3.844000011460523503e+00,1.935663188057917816e+00
3.844500011462014477e+00,1.935663188057917816e+00
3.845000011463505007e+00,1.935663188057917816e+00
3.845500011464995538e+00,1.935663188057917816e+00
3.846000011466486512e+00,1.935663188057917816e+00
3.846500011467977043e+00,1.935663188057917816e+00
3.847000011469468017e+00,1.935663188057917816e+00
3.847500011470958547e+00,1.935663188057917816e+00
3.848000011472449078e+00,1.935663188057917816e+00
3.848500011473940052e+00,1.935663188057917816e+00
3.849000011475430583e+00,1.935663188057917816e+00
3.849500011476921557e+00,1.935663188057917816e+00
3.850000011478412087e+00,1.935663188057917816e+00
3.850500011479902618e+00,1.935663188057917816e+00
3.851000011481393592e+00,1.935663188057917816e+00
3.851500011482884123e+00,1.935663188057917816e+00
3.852000011484374653e+00,1.935663188057917816e+00
3.852500011485865627e+00,1.935663188057917816e+00
3.853000011487356158e+00,1.935663188057917816e+00
3.853500011488847132e+00,1.935663188057917816e+00
3.854000011490337663e+00,1.935663188057917816e+00
3.854500011491828193e+00,1.935663188057917816e+00
3.855000011493319167e+00,1.935663188057917816e+00
3.855500011494809698e+00,1.935663188057917816e+00
3.856000011496300672e+00,1.935663188057917816e+00
3.856500011497791203e+00,1.935663188057917816e+00
3.857000011499281733e+00,1.935663188057917816e+00
3.857500011500772708e+00,1.935663188057917816e+00
3.858000011502263238e+00,1.935663188057917816e+00
3.858500011503753768e+00,1.935663188057917816e+00
3.859000011505244743e+00,1.935663188057917816e+00
3.859500011506735273e+00,1.935663188057917816e+00
3.860000011508226248e+00,1.935663188057917816e+00
3.860500011509716778e+00,1.935663188057917816e+00
3.861000011511207308e+00,1.935663188057917816e+00
3.861500011512698283e+00,1.935663188057917816e+00
3.862000011514188813e+00,1.935663188057917816e+00
3.862500011515679788e+00,1.935663188057917816e+00
3.863000011517170318e+00,1.935663188057917816e+00
3.863500011518660848e+00,1.935663188057917816e+00
3.864000011520151823e+00,1.935663188057917816e+00
3.864500011521642353e+00,1.935663188057917816e+00
3.865000011523133328e+00,1.935663188057917816e+00
3.865500011524623858e+00,1.935663188057917816e+00
3.866000011526114388e+00,1.935663188057917816e+00
3.866500011527605363e+00,1.935663188057917816e+00
3.867000011529095893e+00,1.935663188057917816e+00
3.867500011530586423e+00,1.935663188057917816e+00
3.868000011532077398e+00,1.935663188057917816e+00
3.868500011533567928e+00,1.935663188057917816e+00
3.869000011535058903e+00,1.935663188057917816e+00
3.869500011536549433e+00,1.935663188057917816e+00
3.870000011538039963e+00,1.935663188057917816e+00
3.870500011539530938e+00,1.935663188057917816e+00
3.871000011541021468e+00,1.935663188057917816e+00
3.871500011542512443e+00,1.935663188057917816e+00
3.872000011544002973e+00,1.935663188057917816e+00
3.872500011545493503e+00,1.935663188057917816e+00
3.873000011546984478e+00,1.935663188057917816e+00
3.873500011548475008e+00,1.935663188057917816e+00
3.874000011549965983e+00,1.935663188057917816e+00
3.874500011551456513e+00,1.935663188057917816e+00
3.875000011552947043e+00,1.935663188057917816e+00
3.875500011554438018e+00,1.935663188057917816e+00
3.876000011555928548e+00,1.935663188057917816e+00
3.876500011557419079e+00,1.935663188057917816e+00
3.877000011558910053e+00,1.935663188057917816e+00
3.877500011560400583e+00,1.935663188057917816e+00
3.878000011561891558e+00,1.935663188057917816e+00
3.878500011563382088e+00,1.935663188057917816e+00
3.879000011564872619e+00,1.935663188057917816e+00
3.879500011566363593e+00,1.935663188057917816e+00
3.880000011567854123e+00,1.935663188057917816e+00
3.880500011569345098e+00,1.935663188057917816e+00
3.881000011570835628e+00,1.935663188057917816e+00
3.881500011572326159e+00,1.935663188057917816e+00
3.882000011573817133e+00,1.935663188057917816e+00
3.882500011575307663e+00,1.935663188057917816e+00
3.883000011576798638e+00,1.935663188057917816e+00
3.883500011578289168e+00,1.935663188057917816e+00
3.884000011579779699e+00,1.935663188057917816e+00
3.884500011581270673e+00,1.935663188057917816e+00
3.885000011582761203e+00,1.935663188057917816e+00
3.885500011584251734e+00,1.935663188057917816e+00
3.886000011585742708e+00,1.935663188057917816e+00
3.886500011587233239e+00,1.935663188057917816e+00
3.887000011588724213e+00,1.935663188057917816e+00
3.887500011590214744e+00,1.935663188057917816e+00
3.888000011591705274e+00,1.935663188057917816e+00
3.888500011593196248e+00,1.935663188057917816e+00
3.889000011594686779e+00,1.935663188057917816e+00
3.889500011596177753e+00,1.935663188057917816e+00
3.890000011597668284e+00,1.935663188057917816e+00
3.890500011599158814e+00,1.935663188057917816e+00
3.891000011600649788e+00,1.935663188057917816e+00
3.891500011602140319e+00,1.935663188057917816e+00
3.892000011603631293e+00,1.935663188057917816e+00
3.892500011605121824e+00,1.935663188057917816e+00
3.893000011606612354e+00,1.935663188057917816e+00
3.893500011608103328e+00,1.935663188057917816e+00
3.894000011609593859e+00,1.935663188057917816e+00
3.894500011611084389e+00,1.935663188057917816e+00
3.895000011612575364e+00,1.935663188057917816e+00
3.895500011614065894e+00,1.935663188057917816e+00
3.896000011615556868e+00,1.935663188057917816e+00
3.896500011617047399e+00,1.935663188057917816e+00
3.897000011618537929e+00,1.935663188057917816e+00
3.897500011620028904e+00,1.935663188057917816e+00
3.898000011621519434e+00,1.935663188057917816e+00
3.898500011623010408e+00,1.935663188057917816e+00
3.899000011624500939e+00,1.935663188057917816e+00
3.899500011625991469e+00,1.935663188057917816e+00
3.900000011627482444e+00,1.935663188057917816e+00
3.900500011628972974e+00,1.935663188057917816e+00
3.901000011630463948e+00,1.935663188057917816e+00
3.901500011631954479e+00,1.935663188057917816e+00
3.902000011633445009e+00,1.935663188057917816e+00
3.902500011634935984e+00,1.935663188057917816e+00
3.903000011636426514e+00,1.935663188057917816e+00
3.903500011637917044e+00,1.935663188057917816e+00
3.904000011639408019e+00,1.935663188057917816e+00
3.904500011640898549e+00,1.935663188057917816e+00
3.905000011642389524e+00,1.935663188057917816e+00
3.905500011643880054e+00,1.935663188057917816e+00
3.906000011645370584e+00,1.935663188057917816e+00
3.906500011646861559e+00,1.935663188057917816e+00
3.907000011648352089e+00,1.935663188057917816e+00
3.907500011649843064e+00,1.935663188057917816e+00
3.908000011651333594e+00,1.935663188057917816e+00
3.908500011652824124e+00,1.935663188057917816e+00
3.909000011654315099e+00,1.935663188057917816e+00
3.909500011655805629e+00,1.935663188057917816e+00
3.910000011657296604e+00,1.935663188057917816e+00
3.910500011658787134e+00,1.935663188057917816e+00
3.911000011660277664e+00,1.935663188057917816e+00
3.911500011661768639e+00,1.935663188057917816e+00
3.912000011663259169e+00,1.935663188057917816e+00
3.912500011664749699e+00,1.935663188057917816e+00
3.913000011666240674e+00,1.935663188057917816e+00
3.913500011667731204e+00,1.935663188057917816e+00
3.914000011669222179e+00,1.935663188057917816e+00
3.914500011670712709e+00,1.935663188057917816e+00
3.915000011672203239e+00,1.935663188057917816e+00
3.915500011673694214e+00,1.935663188057917816e+00
3.916000011675184744e+00,1.935663188057917816e+00
3.916500011676675719e+00,1.935663188057917816e+00
3.917000011678166249e+00,1.935663188057917816e+00
3.917500011679656780e+00,1.935663188057917816e+00
3.918000011681147754e+00,1.935663188057917816e+00
3.918500011682638284e+00,1.935663188057917816e+00
3.919000011684128815e+00,1.935663188057917816e+00
3.919500011685619789e+00,1.935663188057917816e+00
3.920000011687110320e+00,1.935663188057917816e+00
3.920500011688601294e+00,1.935663188057917816e+00
3.921000011690091824e+00,1.935663188057917816e+00
3.921500011691582355e+00,1.935663188057917816e+00
3.922000011693073329e+00,1.935663188057917816e+00
3.922500011694563860e+00,1.935663188057917816e+00
3.923000011696054834e+00,1.935663188057917816e+00
3.923500011697545364e+00,1.935663188057917816e+00
3.924000011699035895e+00,1.935663188057917816e+00
3.924500011700526869e+00,1.935663188057917816e+00
3.925000011702017400e+00,1.934438896927106244e+00
3.925500011703508374e+00,1.934438896927106244e+00
3.926000011704998904e+00,1.934438896927106244e+00
3.926500011706489435e+00,1.934438896927106244e+00
3.927000011707980409e+00,1.934438896927106244e+00
3.927500011709470940e+00,1.934438896927106244e+00
3.928000011710961470e+00,1.934438896927106244e+00
3.928500011712452444e+00,1.934438896927106244e+00
3.929000011713942975e+00,1.934438896927106244e+00
3.929500011715433949e+00,1.934438896927106244e+00
3.930000011716924480e+00,1.934438896927106244e+00
3.930500011718415010e+00,1.934438896927106244e+00
3.931000011719905984e+00,1.934438896927106244e+00
3.931500011721396515e+00,1.934438896927106244e+00
3.932000011722887489e+00,1.934438896927106244e+00
3.932500011724378020e+00,1.934438896927106244e+00
3.933000011725868550e+00,1.934438896927106244e+00
3.933500011727359524e+00,1.934438896927106244e+00
3.934000011728850055e+00,1.934438896927106244e+00
3.934500011730341029e+00,1.934438896927106244e+00
3.935000011731831560e+00,1.934438896927106244e+00
3.935500011733322090e+00,1.934438896927106244e+00
3.936000011734813064e+00,1.934438896927106244e+00
3.936500011736303595e+00,1.934438896927106244e+00
3.937000011737794125e+00,1.934438896927106244e+00
3.937500011739285100e+00,1.952639157841986162e+00
3.938000011740775630e+00,1.952639157841986162e+00
3.938500011742266604e+00,1.952639157841986162e+00
3.939000011743757135e+00,1.952639157841986162e+00
3.939500011745247665e+00,1.952639157841986162e+00
3.940000011746738640e+00,1.952639157841986162e+00
3.940500011748229170e+00,1.952639157841986162e+00
3.941000011749720144e+00,1.952639157841986162e+00
3.941500011751210675e+00,1.952639157841986162e+00
3.942000011752701205e+00,1.952639157841986162e+00
3.942500011754192180e+00,1.952639157841986162e+00
3.943000011755682710e+00,1.952639157841986162e+00
3.943500011757173684e+00,1.952639157841986162e+00
3.944000011758664215e+00,1.952639157841986162e+00
3.944500011760154745e+00,1.952639157841986162e+00
3.945000011761645720e+00,1.952639157841986162e+00
3.945500011763136250e+00,1.952639157841986162e+00
3.946000011764626780e+00,1.952639157841986162e+00
3.946500011766117755e+00,1.952639157841986162e+00
3.947000011767608285e+00,1.952639157841986162e+00
3.947500011769099260e+00,1.952639157841986162e+00
3.948000011770589790e+00,1.952639157841986162e+00
3.948500011772080320e+00,1.952639157841986162e+00
3.949000011773571295e+00,1.952639157841986162e+00
3.949500011775061825e+00,1.952639157841986162e+00
3.950000011776552800e+00,1.952581485917355142e+00
3.950500011778043330e+00,1.952581485917355142e+00
3.951000011779533860e+00,1.952581485917355142e+00
3.951500011781024835e+00,1.952581485917355142e+00
3.952000011782515365e+00,1.952581485917355142e+00
3.952500011784006340e+00,1.952581485917355142e+00
3.953000011785496870e+00,1.952581485917355142e+00
3.953500011786987400e+00,1.952581485917355142e+00
3.954000011788478375e+00,1.952581485917355142e+00
3.954500011789968905e+00,1.952581485917355142e+00
3.955000011791459436e+00,1.952581485917355142e+00
3.955500011792950410e+00,1.952581485917355142e+00
3.956000011794440940e+00,1.952581485917355142e+00
3.956500011795931915e+00,1.952581485917355142e+00
3.957000011797422445e+00,1.952581485917355142e+00
3.957500011798912976e+00,1.952581485917355142e+00
3.958000011800403950e+00,1.952581485917355142e+00
3.958500011801894480e+00,1.952581485917355142e+00
3.959000011803385455e+00,1.952581485917355142e+00
3.959500011804875985e+00,1.952581485917355142e+00
3.960000011806366516e+00,1.952581485917355142e+00
3.960500011807857490e+00,1.952581485917355142e+00
3.961000011809348020e+00,1.952581485917355142e+00
3.961500011810838995e+00,1.952581485917355142e+00
3.962000011812329525e+00,1.952581485917355142e+00
3.962500011813820056e+00,1.953730805938976633e+00
3.963000011815311030e+00,1.953730805938976633e+00
3.963500011816801560e+00,1.953730805938976633e+00
3.964000011818292091e+00,1.953730805938976633e+00
3.964500011819783065e+00,1.953730805938976633e+00
3.965000011821273596e+00,1.953730805938976633e+00
3.965500011822764570e+00,1.953730805938976633e+00
3.966000011824255100e+00,1.953730805938976633e+00
3.966500011825745631e+00,1.953730805938976633e+00
3.967000011827236605e+00,1.953730805938976633e+00
3.967500011828727136e+00,1.953730805938976633e+00
3.968000011830218110e+00,1.953730805938976633e+00
3.968500011831708640e+00,1.953730805938976633e+00
3.969000011833199171e+00,1.953730805938976633e+00
3.969500011834690145e+00,1.953730805938976633e+00
3.970000011836180676e+00,1.953730805938976633e+00
3.970500011837671650e+00,1.953730805938976633e+00
3.971000011839162180e+00,1.953730805938976633e+00
3.971500011840652711e+00,1.953730805938976633e+00
3.972000011842143685e+00,1.953730805938976633e+00
3.972500011843634216e+00,1.953730805938976633e+00
3.973000011845124746e+00,1.953730805938976633e+00
3.973500011846615720e+00,1.953730805938976633e+00
3.974000011848106251e+00,1.953730805938976633e+00
3.974500011849597225e+00,1.953730805938976633e+00
3.975000011851087756e+00,1.953815782735422113e+00
3.975500011852578286e+00,1.953815782735422113e+00
3.976000011854069260e+00,1.953815782735422113e+00
3.976500011855559791e+00,1.953815782735422113e+00
3.977000011857050765e+00,1.953815782735422113e+00
3.977500011858541296e+00,1.953815782735422113e+00
3.978000011860031826e+00,1.953815782735422113e+00
3.978500011861522800e+00,1.953815782735422113e+00
3.979000011863013331e+00,1.953815782735422113e+00
3.979500011864503861e+00,1.953815782735422113e+00
3.980000011865994836e+00,1.953815782735422113e+00
3.980500011867485366e+00,1.953815782735422113e+00
3.981000011868976340e+00,1.953815782735422113e+00
3.981500011870466871e+00,1.953815782735422113e+00
3.982000011871957401e+00,1.953815782735422113e+00
3.982500011873448376e+00,1.953815782735422113e+00
3.983000011874938906e+00,1.953815782735422113e+00
3.983500011876429880e+00,1.953815782735422113e+00
3.984000011877920411e+00,1.953815782735422113e+00
3.984500011879410941e+00,1.953815782735422113e+00
3.985000011880901916e+00,1.953815782735422113e+00
3.985500011882392446e+00,1.953815782735422113e+00
3.986000011883883420e+00,1.953815782735422113e+00
3.986500011885373951e+00,1.953815782735422113e+00
3.987000011886864481e+00,1.953815782735422113e+00
3.987500011888355456e+00,1.953815782735422113e+00
3.988000011889845986e+00,1.953815782735422113e+00
3.988500011891336516e+00,1.953815782735422113e+00
3.989000011892827491e+00,1.953815782735422113e+00
3.989500011894318021e+00,1.953815782735422113e+00
3.990000011895808996e+00,1.953815782735422113e+00
3.990500011897299526e+00,1.953815782735422113e+00
3.991000011898790056e+00,1.953815782735422113e+00
3.991500011900281031e+00,1.953815782735422113e+00
3.992000011901771561e+00,1.953815782735422113e+00
3.992500011903262536e+00,1.953815782735422113e+00
3.993000011904753066e+00,1.953815782735422113e+00
3.993500011906243596e+00,1.953815782735422113e+00
3.994000011907734571e+00,1.953815782735422113e+00
3.994500011909225101e+00,1.953815782735422113e+00
3.995000011910716076e+00,1.953815782735422113e+00
3.995500011912206606e+00,1.953815782735422113e+00
3.996000011913697136e+00,1.953815782735422113e+00
3.996500011915188111e+00,1.953815782735422113e+00
3.997000011916678641e+00,1.953815782735422113e+00
3.997500011918169172e+00,1.953815782735422113e+00
3.998000011919660146e+00,1.953815782735422113e+00
3.998500011921150676e+00,1.953815782735422113e+00
3.999000011922641651e+00,1.953815782735422113e+00
3.999500011924132181e+00,1.953815782735422113e+00
4.000000011925623156e+00,1.963786242627203249e+00
4.000500011927113242e+00,1.963786242627203249e+00
4.001000011928604216e+00,1.963786242627203249e+00
4.001500011930095191e+00,1.963786242627203249e+00
4.002000011931585277e+00,1.963786242627203249e+00
4.002500011933076252e+00,1.963786242627203249e+00
4.003000011934567226e+00,1.963786242627203249e+00
4.003500011936058200e+00,1.963786242627203249e+00
4.004000011937548287e+00,1.963786242627203249e+00
4.004500011939039261e+00,1.963786242627203249e+00
4.005000011940530236e+00,1.963786242627203249e+00
4.005500011942020322e+00,1.963786242627203249e+00
4.006000011943511296e+00,1.963786242627203249e+00
4.006500011945002271e+00,1.963786242627203249e+00
4.007000011946492357e+00,1.963786242627203249e+00
4.007500011947983332e+00,1.963786242627203249e+00
4.008000011949474306e+00,1.963786242627203249e+00
4.008500011950965281e+00,1.963786242627203249e+00
4.009000011952455367e+00,1.963786242627203249e+00
4.009500011953946341e+00,1.963786242627203249e+00
4.010000011955437316e+00,1.963786242627203249e+00
4.010500011956927402e+00,1.963786242627203249e+00
4.011000011958418376e+00,1.963786242627203249e+00
4.011500011959909351e+00,1.963786242627203249e+00
4.012000011961399437e+00,1.963786242627203249e+00
4.012500011962890412e+00,1.963786242627203249e+00
4.013000011964381386e+00,1.963786242627203249e+00
4.013500011965871472e+00,1.963786242627203249e+00
4.014000011967362447e+00,1.963786242627203249e+00
4.014500011968853421e+00,1.963786242627203249e+00
4.015000011970344396e+00,1.963786242627203249e+00
4.015500011971834482e+00,1.963786242627203249e+00
4.016000011973325456e+00,1.963786242627203249e+00
4.016500011974816431e+00,1.963786242627203249e+00
4.017000011976306517e+00,1.963786242627203249e+00
4.017500011977797492e+00,1.963786242627203249e+00
4.018000011979288466e+00,1.963786242627203249e+00
4.018500011980778552e+00,1.963786242627203249e+00
4.019000011982269527e+00,1.963786242627203249e+00
4.019500011983760501e+00,1.963786242627203249e+00
4.020000011985250588e+00,1.963786242627203249e+00
4.020500011986741562e+00,1.963786242627203249e+00
4.021000011988232536e+00,1.963786242627203249e+00
4.021500011989723511e+00,1.963786242627203249e+00
4.022000011991213597e+00,1.963786242627203249e+00
4.022500011992704572e+00,1.963786242627203249e+00
4.023000011994195546e+00,1.963786242627203249e+00
4.023500011995685632e+00,1.963786242627203249e+00
4.024000011997176607e+00,1.963786242627203249e+00
4.024500011998667581e+00,1.963786242627203249e+00
4.025000012000157668e+00,1.975578600360672787e+00
4.025500012001648642e+00,1.975578600360672787e+00
4.026000012003139616e+00,1.975578600360672787e+00
4.026500012004630591e+00,1.975578600360672787e+00
4.027000012006120677e+00,1.975578600360672787e+00
4.027500012007611652e+00,1.975578600360672787e+00
4.028000012009102626e+00,1.975578600360672787e+00
4.028500012010592712e+00,1.975578600360672787e+00
4.029000012012083687e+00,1.975578600360672787e+00
4.029500012013574661e+00,1.975578600360672787e+00
4.030000012015064748e+00,1.975578600360672787e+00
4.030500012016555722e+00,1.975578600360672787e+00
4.031000012018046696e+00,1.975578600360672787e+00
4.031500012019536783e+00,1.975578600360672787e+00
4.032000012021027757e+00,1.975578600360672787e+00
4.032500012022518732e+00,1.975578600360672787e+00
4.033000012024009706e+00,1.975578600360672787e+00
4.033500012025499792e+00,1.975578600360672787e+00
4.034000012026990767e+00,1.975578600360672787e+00
4.034500012028481741e+00,1.975578600360672787e+00
4.035000012029971828e+00,1.975578600360672787e+00
4.035500012031462802e+00,1.975578600360672787e+00
4.036000012032953776e+00,1.975578600360672787e+00
4.036500012034443863e+00,1.975578600360672787e+00
4.037000012035934837e+00,1.975578600360672787e+00
4.037500012037425812e+00,1.975578600360672787e+00
4.038000012038915898e+00,1.975578600360672787e+00
4.038500012040406872e+00,1.975578600360672787e+00
4.039000012041897847e+00,1.975578600360672787e+00
4.039500012043388821e+00,1.975578600360672787e+00
4.040000012044878908e+00,1.975578600360672787e+00
4.040500012046369882e+00,1.975578600360672787e+00
4.041000012047860857e+00,1.975578600360672787e+00
4.041500012049350943e+00,1.975578600360672787e+00
4.042000012050841917e+00,1.975578600360672787e+00
4.042500012052332892e+00,1.975578600360672787e+00
4.043000012053822978e+00,1.975578600360672787e+00
4.043500012055313952e+00,1.975578600360672787e+00
4.044000012056804927e+00,1.975578600360672787e+00
4.044500012058295013e+00,1.975578600360672787e+00
4.045000012059785988e+00,1.975578600360672787e+00
4.045500012061276962e+00,1.975578600360672787e+00
4.046000012062767937e+00,1.975578600360672787e+00
4.046500012064258023e+00,1.975578600360672787e+00
4.047000012065748997e+00,1.975578600360672787e+00
4.047500012067239972e+00,1.975578600360672787e+00
4.048000012068730058e+00,1.975578600360672787e+00
4.048500012070221032e+00,1.975578600360672787e+00
4.049000012071712007e+00,1.975578600360672787e+00
4.049500012073202093e+00,1.975578600360672787e+00
4.050000012074693068e+00,1.975578600360672787e+00
4.050500012076184042e+00,1.975578600360672787e+00
4.051000012077675017e+00,1.975578600360672787e+00
4.051500012079165103e+00,1.975578600360672787e+00
4.052000012080656077e+00,1.975578600360672787e+00
4.052500012082147052e+00,1.975578600360672787e+00
4.053000012083637138e+00,1.975578600360672787e+00
4.053500012085128112e+00,1.975578600360672787e+00
4.054000012086619087e+00,1.975578600360672787e+00
4.054500012088109173e+00,1.975578600360672787e+00
4.055000012089600148e+00,1.975578600360672787e+00
4.055500012091091122e+00,1.975578600360672787e+00
4.056000012092581208e+00,1.975578600360672787e+00
4.056500012094072183e+00,1.975578600360672787e+00
4.057000012095563157e+00,1.975578600360672787e+00
4.057500012097054132e+00,1.975578600360672787e+00
4.058000012098544218e+00,1.975578600360672787e+00
4.058500012100035192e+00,1.975578600360672787e+00
4.059000012101526167e+00,1.975578600360672787e+00
4.059500012103016253e+00,1.975578600360672787e+00
4.060000012104507228e+00,1.975578600360672787e+00
4.060500012105998202e+00,1.975578600360672787e+00
4.061000012107488288e+00,1.975578600360672787e+00
4.061500012108979263e+00,1.975578600360672787e+00
4.062000012110470237e+00,1.975578600360672787e+00
4.062500012111960324e+00,1.963921630851479527e+00
4.063000012113451298e+00,1.963921630851479527e+00
4.063500012114942272e+00,1.963921630851479527e+00
4.064000012116433247e+00,1.963921630851479527e+00
4.064500012117923333e+00,1.963921630851479527e+00
4.065000012119414308e+00,1.963921630851479527e+00
4.065500012120905282e+00,1.963921630851479527e+00
4.066000012122395368e+00,1.963921630851479527e+00
4.066500012123886343e+00,1.963921630851479527e+00
4.067000012125377317e+00,1.963921630851479527e+00
4.067500012126867404e+00,1.963921630851479527e+00
4.068000012128358378e+00,1.963921630851479527e+00
4.068500012129849353e+00,1.963921630851479527e+00
4.069000012131340327e+00,1.963921630851479527e+00
4.069500012132830413e+00,1.963921630851479527e+00
4.070000012134321388e+00,1.963921630851479527e+00
4.070500012135812362e+00,1.963921630851479527e+00
4.071000012137302448e+00,1.963921630851479527e+00
4.071500012138793423e+00,1.963921630851479527e+00
4.072000012140284397e+00,1.963921630851479527e+00
4.072500012141774484e+00,1.963921630851479527e+00
4.073000012143265458e+00,1.963921630851479527e+00
4.073500012144756433e+00,1.963921630851479527e+00
4.074000012146246519e+00,1.963921630851479527e+00
4.074500012147737493e+00,1.963921630851479527e+00
4.075000012149228468e+00,1.968657904991694352e+00
4.075500012150719442e+00,1.968657904991694352e+00
4.076000012152209528e+00,1.968657904991694352e+00
4.076500012153700503e+00,1.968657904991694352e+00
4.077000012155191477e+00,1.968657904991694352e+00
4.077500012156681564e+00,1.968657904991694352e+00
4.078000012158172538e+00,1.968657904991694352e+00
4.078500012159663513e+00,1.968657904991694352e+00
4.079000012161153599e+00,1.968657904991694352e+00
4.079500012162644573e+00,1.968657904991694352e+00
4.080000012164135548e+00,1.968657904991694352e+00
4.080500012165625634e+00,1.968657904991694352e+00
4.081000012167116608e+00,1.968657904991694352e+00
4.081500012168607583e+00,1.968657904991694352e+00
4.082000012170098557e+00,1.968657904991694352e+00
4.082500012171588644e+00,1.968657904991694352e+00
4.083000012173079618e+00,1.968657904991694352e+00
4.083500012174570593e+00,1.968657904991694352e+00
4.084000012176060679e+00,1.968657904991694352e+00
4.084500012177551653e+00,1.968657904991694352e+00
4.085000012179042628e+00,1.968657904991694352e+00
4.085500012180532714e+00,1.968657904991694352e+00
4.086000012182023688e+00,1.968657904991694352e+00
4.086500012183514663e+00,1.968657904991694352e+00
4.087000012185005637e+00,1.968657904991694352e+00
4.087500012186495724e+00,1.986251412048412268e+00
4.088000012187986698e+00,1.986251412048412268e+00
4.088500012189477673e+00,1.986251412048412268e+00
4.089000012190967759e+00,1.986251412048412268e+00
4.089500012192458733e+00,1.986251412048412268e+00
4.090000012193949708e+00,1.986251412048412268e+00
4.090500012195439794e+00,1.986251412048412268e+00
4.091000012196930768e+00,1.986251412048412268e+00
4.091500012198421743e+00,1.986251412048412268e+00
4.092000012199911829e+00,1.986251412048412268e+00
4.092500012201402804e+00,1.986251412048412268e+00
4.093000012202893778e+00,1.986251412048412268e+00
4.093500012204384753e+00,1.986251412048412268e+00
4.094000012205874839e+00,1.986251412048412268e+00
4.094500012207365813e+00,1.986251412048412268e+00
4.095000012208856788e+00,1.986251412048412268e+00
4.095500012210346874e+00,1.986251412048412268e+00
4.096000012211837848e+00,1.986251412048412268e+00
4.096500012213328823e+00,1.986251412048412268e+00
4.097000012214818909e+00,1.986251412048412268e+00
4.097500012216309884e+00,1.986251412048412268e+00
4.098000012217800858e+00,1.986251412048412268e+00
4.098500012219290944e+00,1.986251412048412268e+00
4.099000012220781919e+00,1.986251412048412268e+00
4.099500012222272893e+00,1.986251412048412268e+00
4.100000012223763868e+00,1.992431594540005291e+00
4.100500012225253954e+00,1.992431594540005291e+00
4.101000012226744929e+00,1.992431594540005291e+00
4.101500012228235903e+00,1.992431594540005291e+00
4.102000012229725989e+00,1.992431594540005291e+00
4.102500012231216964e+00,1.992431594540005291e+00
4.103000012232707938e+00,1.992431594540005291e+00
4.103500012234198024e+00,1.992431594540005291e+00
4.104000012235688999e+00,1.992431594540005291e+00
4.104500012237179973e+00,1.992431594540005291e+00
4.105000012238670060e+00,1.992431594540005291e+00
4.105500012240161034e+00,1.992431594540005291e+00
4.106000012241652009e+00,1.992431594540005291e+00
4.106500012243142983e+00,1.992431594540005291e+00
4.107000012244633069e+00,1.992431594540005291e+00
4.107500012246124044e+00,1.992431594540005291e+00
4.108000012247615018e+00,1.992431594540005291e+00
4.108500012249105104e+00,1.992431594540005291e+00
4.109000012250596079e+00,1.992431594540005291e+00
4.109500012252087053e+00,1.992431594540005291e+00
4.110000012253577140e+00,1.992431594540005291e+00
4.110500012255068114e+00,1.992431594540005291e+00
4.111000012256559089e+00,1.992431594540005291e+00
4.111500012258050063e+00,1.992431594540005291e+00
4.112000012259540149e+00,1.992431594540005291e+00
4.112500012261031124e+00,1.972543577433117701e+00
4.113000012262522098e+00,1.972543577433117701e+00
4.113500012264012184e+00,1.972543577433117701e+00
4.114000012265503159e+00,1.972543577433117701e+00
4.114500012266994133e+00,1.972543577433117701e+00
4.115000012268484220e+00,1.972543577433117701e+00
4.115500012269975194e+00,1.972543577433117701e+00
4.116000012271466169e+00,1.972543577433117701e+00
4.116500012272956255e+00,1.972543577433117701e+00
4.117000012274447229e+00,1.972543577433117701e+00
4.117500012275938204e+00,1.972543577433117701e+00
4.118000012277429178e+00,1.972543577433117701e+00
4.118500012278919264e+00,1.972543577433117701e+00
4.119000012280410239e+00,1.972543577433117701e+00
4.119500012281901213e+00,1.972543577433117701e+00
4.120000012283391300e+00,1.972543577433117701e+00
4.120500012284882274e+00,1.972543577433117701e+00
4.121000012286373249e+00,1.972543577433117701e+00
4.121500012287863335e+00,1.972543577433117701e+00
4.122000012289354309e+00,1.972543577433117701e+00
4.122500012290845284e+00,1.972543577433117701e+00
4.123000012292335370e+00,1.972543577433117701e+00
4.123500012293826344e+00,1.972543577433117701e+00
4.124000012295317319e+00,1.972543577433117701e+00
4.124500012296808293e+00,1.972543577433117701e+00
4.125000012298298380e+00,1.972543577433117701e+00
4.125500012299789354e+00,1.972543577433117701e+00
4.126000012301280329e+00,1.972543577433117701e+00
4.126500012302770415e+00,1.972543577433117701e+00
4.127000012304261389e+00,1.972543577433117701e+00
4.127500012305752364e+00,1.972543577433117701e+00
4.128000012307242450e+00,1.972543577433117701e+00
4.128500012308733425e+00,1.972543577433117701e+00
4.129000012310224399e+00,1.972543577433117701e+00
4.129500012311715373e+00,1.972543577433117701e+00
4.130000012313205460e+00,1.972543577433117701e+00
4.130500012314696434e+00,1.972543577433117701e+00
4.131000012316187409e+00,1.972543577433117701e+00
4.131500012317677495e+00,1.972543577433117701e+00
4.132000012319168469e+00,1.972543577433117701e+00
4.132500012320659444e+00,1.972543577433117701e+00
4.133000012322149530e+00,1.972543577433117701e+00
4.133500012323640505e+00,1.972543577433117701e+00
4.134000012325131479e+00,1.972543577433117701e+00
4.134500012326621565e+00,1.972543577433117701e+00
4.135000012328112540e+00,1.972543577433117701e+00
4.135500012329603514e+00,1.972543577433117701e+00
4.136000012331094489e+00,1.972543577433117701e+00
4.136500012332584575e+00,1.972543577433117701e+00
4.137000012334075549e+00,1.972543577433117701e+00
4.137500012335566524e+00,1.972543577433117701e+00
4.138000012337056610e+00,1.972543577433117701e+00
4.138500012338547585e+00,1.972543577433117701e+00
4.139000012340038559e+00,1.972543577433117701e+00
4.139500012341528645e+00,1.972543577433117701e+00
4.140000012343019620e+00,1.972543577433117701e+00
4.140500012344510594e+00,1.972543577433117701e+00
4.141000012346000680e+00,1.972543577433117701e+00
4.141500012347491655e+00,1.972543577433117701e+00
4.142000012348982629e+00,1.972543577433117701e+00
4.142500012350473604e+00,1.972543577433117701e+00
4.143000012351963690e+00,1.972543577433117701e+00
4.143500012353454665e+00,1.972543577433117701e+00
4.144000012354945639e+00,1.972543577433117701e+00
4.144500012356435725e+00,1.972543577433117701e+00
4.145000012357926700e+00,1.972543577433117701e+00
4.145500012359417674e+00,1.972543577433117701e+00
4.146000012360907760e+00,1.972543577433117701e+00
4.146500012362398735e+00,1.972543577433117701e+00
4.147000012363889709e+00,1.972543577433117701e+00
4.147500012365380684e+00,1.972543577433117701e+00
4.148000012366870770e+00,1.972543577433117701e+00
4.148500012368361745e+00,1.972543577433117701e+00
4.149000012369852719e+00,1.972543577433117701e+00
4.149500012371342805e+00,1.972543577433117701e+00
4.150000012372833780e+00,1.974920226713938520e+00
4.150500012374324754e+00,1.974920226713938520e+00
4.151000012375814840e+00,1.974920226713938520e+00
4.151500012377305815e+00,1.974920226713938520e+00
4.152000012378796789e+00,1.974920226713938520e+00
4.152500012380286876e+00,1.974920226713938520e+00
4.153000012381777850e+00,1.974920226713938520e+00
4.153500012383268825e+00,1.974920226713938520e+00
4.154000012384759799e+00,1.974920226713938520e+00
4.154500012386249885e+00,1.974920226713938520e+00
4.155000012387740860e+00,1.974920226713938520e+00
4.155500012389231834e+00,1.974920226713938520e+00
4.156000012390721920e+00,1.974920226713938520e+00
4.156500012392212895e+00,1.974920226713938520e+00
4.157000012393703869e+00,1.974920226713938520e+00
4.157500012395193956e+00,1.974920226713938520e+00
4.158000012396684930e+00,1.974920226713938520e+00
4.158500012398175905e+00,1.974920226713938520e+00
4.159000012399665991e+00,1.974920226713938520e+00
4.159500012401156965e+00,1.974920226713938520e+00
4.160000012402647940e+00,1.974920226713938520e+00
4.160500012404138914e+00,1.974920226713938520e+00
4.161000012405629001e+00,1.974920226713938520e+00
4.161500012407119975e+00,1.974920226713938520e+00
4.162000012408610949e+00,1.974920226713938520e+00
4.162500012410101036e+00,1.974920226713938520e+00
4.163000012411592010e+00,1.974920226713938520e+00
4.163500012413082985e+00,1.974920226713938520e+00
4.164000012414573071e+00,1.974920226713938520e+00
4.164500012416064045e+00,1.974920226713938520e+00
4.165000012417555020e+00,1.974920226713938520e+00
4.165500012419045106e+00,1.974920226713938520e+00
4.166000012420536081e+00,1.974920226713938520e+00
4.166500012422027055e+00,1.974920226713938520e+00
4.167000012423518029e+00,1.974920226713938520e+00
4.167500012425008116e+00,1.974920226713938520e+00
4.168000012426499090e+00,1.974920226713938520e+00
4.168500012427990065e+00,1.974920226713938520e+00
4.169000012429480151e+00,1.974920226713938520e+00
4.169500012430971125e+00,1.974920226713938520e+00
4.170000012432462100e+00,1.974920226713938520e+00
4.170500012433952186e+00,1.974920226713938520e+00
4.171000012435443161e+00,1.974920226713938520e+00
4.171500012436934135e+00,1.974920226713938520e+00
4.172000012438425109e+00,1.974920226713938520e+00
4.172500012439915196e+00,1.974920226713938520e+00
4.173000012441406170e+00,1.974920226713938520e+00
4.173500012442897145e+00,1.974920226713938520e+00
4.174000012444387231e+00,1.974920226713938520e+00
4.174500012445878205e+00,1.974920226713938520e+00
4.175000012447369180e+00,1.974920226713938520e+00
4.175500012448859266e+00,1.974920226713938520e+00
4.176000012450350241e+00,1.974920226713938520e+00
4.176500012451841215e+00,1.974920226713938520e+00
4.177000012453331301e+00,1.974920226713938520e+00
4.177500012454822276e+00,1.974920226713938520e+00
4.178000012456313250e+00,1.974920226713938520e+00
4.178500012457804225e+00,1.974920226713938520e+00
4.179000012459294311e+00,1.974920226713938520e+00
4.179500012460785285e+00,1.974920226713938520e+00
4.180000012462276260e+00,1.974920226713938520e+00
4.180500012463766346e+00,1.974920226713938520e+00
4.181000012465257321e+00,1.974920226713938520e+00
4.181500012466748295e+00,1.974920226713938520e+00
4.182000012468238381e+00,1.974920226713938520e+00
4.182500012469729356e+00,1.974920226713938520e+00
4.183000012471220330e+00,1.974920226713938520e+00
4.183500012472710416e+00,1.974920226713938520e+00
4.184000012474201391e+00,1.974920226713938520e+00
4.184500012475692365e+00,1.974920226713938520e+00
4.185000012477183340e+00,1.974920226713938520e+00
4.185500012478673426e+00,1.974920226713938520e+00
4.186000012480164401e+00,1.974920226713938520e+00
4.186500012481655375e+00,1.974920226713938520e+00
4.187000012483145461e+00,1.974920226713938520e+00
4.187500012484636436e+00,1.957404207285087461e+00
4.188000012486127410e+00,1.957404207285087461e+00
4.188500012487617497e+00,1.957404207285087461e+00
4.189000012489108471e+00,1.957404207285087461e+00
4.189500012490599445e+00,1.957404207285087461e+00
4.190000012492090420e+00,1.957404207285087461e+00
4.190500012493580506e+00,1.957404207285087461e+00
4.191000012495071481e+00,1.957404207285087461e+00
4.191500012496562455e+00,1.957404207285087461e+00
4.192000012498052541e+00,1.957404207285087461e+00
4.192500012499543516e+00,1.957404207285087461e+00
4.193000012501034490e+00,1.957404207285087461e+00
4.193500012502524577e+00,1.957404207285087461e+00
4.194000012504015551e+00,1.957404207285087461e+00
4.194500012505506525e+00,1.957404207285087461e+00
4.195000012506996612e+00,1.957404207285087461e+00
4.195500012508487586e+00,1.957404207285087461e+00
4.196000012509978561e+00,1.957404207285087461e+00
4.196500012511469535e+00,1.957404207285087461e+00
4.197000012512959621e+00,1.957404207285087461e+00
4.197500012514450596e+00,1.957404207285087461e+00
4.198000012515941570e+00,1.957404207285087461e+00
4.198500012517431657e+00,1.957404207285087461e+00
4.199000012518922631e+00,1.957404207285087461e+00
4.199500012520413605e+00,1.957404207285087461e+00
4.200000012521903692e+00,1.957404207285087461e+00
4.200500012523394666e+00,1.957404207285087461e+00
4.201000012524885641e+00,1.957404207285087461e+00
4.201500012526375727e+00,1.957404207285087461e+00
4.202000012527866701e+00,1.957404207285087461e+00
4.202500012529357676e+00,1.957404207285087461e+00
4.203000012530848650e+00,1.957404207285087461e+00
4.203500012532338737e+00,1.957404207285087461e+00
4.204000012533829711e+00,1.957404207285087461e+00
4.204500012535320685e+00,1.957404207285087461e+00
4.205000012536810772e+00,1.957404207285087461e+00
4.205500012538301746e+00,1.957404207285087461e+00
4.206000012539792721e+00,1.957404207285087461e+00
4.206500012541282807e+00,1.957404207285087461e+00
4.207000012542773781e+00,1.957404207285087461e+00
4.207500012544264756e+00,1.957404207285087461e+00
4.208000012545755730e+00,1.957404207285087461e+00
4.208500012547245817e+00,1.957404207285087461e+00
4.209000012548736791e+00,1.957404207285087461e+00
4.209500012550227765e+00,1.957404207285087461e+00
4.210000012551717852e+00,1.957404207285087461e+00
4.210500012553208826e+00,1.957404207285087461e+00
4.211000012554699801e+00,1.957404207285087461e+00
4.211500012556189887e+00,1.957404207285087461e+00
4.212000012557680861e+00,1.957404207285087461e+00
4.212500012559171836e+00,1.944095170695268937e+00
4.213000012560661922e+00,1.944095170695268937e+00
4.213500012562152897e+00,1.944095170695268937e+00
4.214000012563643871e+00,1.944095170695268937e+00
4.214500012565134845e+00,1.944095170695268937e+00
4.215000012566624932e+00,1.944095170695268937e+00
4.215500012568115906e+00,1.944095170695268937e+00
4.216000012569606881e+00,1.944095170695268937e+00
4.216500012571096967e+00,1.944095170695268937e+00
4.217000012572587941e+00,1.944095170695268937e+00
4.217500012574078916e+00,1.944095170695268937e+00
4.218000012575569002e+00,1.944095170695268937e+00
4.218500012577059977e+00,1.944095170695268937e+00
4.219000012578550951e+00,1.944095170695268937e+00
4.219500012580041037e+00,1.944095170695268937e+00
4.220000012581532012e+00,1.944095170695268937e+00
4.220500012583022986e+00,1.944095170695268937e+00
4.221000012584513961e+00,1.944095170695268937e+00
4.221500012586004047e+00,1.944095170695268937e+00
4.222000012587495021e+00,1.944095170695268937e+00
4.222500012588985996e+00,1.944095170695268937e+00
4.223000012590476082e+00,1.944095170695268937e+00
4.223500012591967057e+00,1.944095170695268937e+00
4.224000012593458031e+00,1.944095170695268937e+00
4.224500012594948117e+00,1.944095170695268937e+00
4.225000012596439092e+00,1.930120792406178509e+00
4.225500012597930066e+00,1.930120792406178509e+00
4.226000012599420153e+00,1.930120792406178509e+00
4.226500012600911127e+00,1.930120792406178509e+00
4.227000012602402101e+00,1.930120792406178509e+00
4.227500012603893076e+00,1.930120792406178509e+00
4.228000012605383162e+00,1.930120792406178509e+00
4.228500012606874137e+00,1.930120792406178509e+00
4.229000012608365111e+00,1.930120792406178509e+00
4.229500012609855197e+00,1.930120792406178509e+00
4.230000012611346172e+00,1.930120792406178509e+00
4.230500012612837146e+00,1.930120792406178509e+00
4.231000012614327233e+00,1.930120792406178509e+00
4.231500012615818207e+00,1.930120792406178509e+00
4.232000012617309181e+00,1.930120792406178509e+00
4.232500012618800156e+00,1.930120792406178509e+00
4.233000012620290242e+00,1.930120792406178509e+00
4.233500012621781217e+00,1.930120792406178509e+00
4.234000012623272191e+00,1.930120792406178509e+00
4.234500012624762277e+00,1.930120792406178509e+00
4.235000012626253252e+00,1.930120792406178509e+00
4.235500012627744226e+00,1.930120792406178509e+00
4.236000012629234313e+00,1.930120792406178509e+00
4.236500012630725287e+00,1.930120792406178509e+00
4.237000012632216261e+00,1.930120792406178509e+00
4.237500012633706348e+00,1.930052349532788591e+00
4.238000012635197322e+00,1.930052349532788591e+00
4.238500012636688297e+00,1.930052349532788591e+00
4.239000012638179271e+00,1.930052349532788591e+00
4.239500012639669357e+00,1.930052349532788591e+00
4.240000012641160332e+00,1.930052349532788591e+00
4.240500012642651306e+00,1.930052349532788591e+00
4.241000012644141393e+00,1.930052349532788591e+00
4.241500012645632367e+00,1.930052349532788591e+00
4.242000012647123341e+00,1.930052349532788591e+00
4.242500012648613428e+00,1.930052349532788591e+00
4.243000012650104402e+00,1.930052349532788591e+00
4.243500012651595377e+00,1.930052349532788591e+00
4.244000012653085463e+00,1.930052349532788591e+00
4.244500012654576437e+00,1.930052349532788591e+00
4.245000012656067412e+00,1.930052349532788591e+00
4.245500012657558386e+00,1.930052349532788591e+00
4.246000012659048473e+00,1.930052349532788591e+00
4.246500012660539447e+00,1.930052349532788591e+00
4.247000012662030421e+00,1.930052349532788591e+00
4.247500012663520508e+00,1.930052349532788591e+00
4.248000012665011482e+00,1.930052349532788591e+00
4.248500012666502457e+00,1.930052349532788591e+00
4.249000012667992543e+00,1.930052349532788591e+00
4.249500012669483517e+00,1.930052349532788591e+00
4.250000012670974492e+00,1.936950596936507729e+00
4.250500012672465466e+00,1.936950596936507729e+00
4.251000012673955553e+00,1.936950596936507729e+00
4.251500012675446527e+00,1.936950596936507729e+00
4.252000012676937502e+00,1.936950596936507729e+00
4.252500012678427588e+00,1.936950596936507729e+00
4.253000012679918562e+00,1.936950596936507729e+00
4.253500012681409537e+00,1.936950596936507729e+00
4.254000012682899623e+00,1.936950596936507729e+00
4.254500012684390597e+00,1.936950596936507729e+00
4.255000012685881572e+00,1.936950596936507729e+00
4.255500012687371658e+00,1.936950596936507729e+00
4.256000012688862633e+00,1.936950596936507729e+00
4.256500012690353607e+00,1.936950596936507729e+00
4.257000012691844582e+00,1.936950596936507729e+00
4.257500012693334668e+00,1.936950596936507729e+00
4.258000012694825642e+00,1.936950596936507729e+00
4.258500012696316617e+00,1.936950596936507729e+00
4.259000012697806703e+00,1.936950596936507729e+00
4.259500012699297677e+00,1.936950596936507729e+00
4.260000012700788652e+00,1.936950596936507729e+00
4.260500012702278738e+00,1.936950596936507729e+00
4.261000012703769713e+00,1.936950596936507729e+00
4.261500012705260687e+00,1.936950596936507729e+00
4.262000012706750773e+00,1.936950596936507729e+00
4.262500012708241748e+00,1.925525324795734461e+00
4.263000012709732722e+00,1.925525324795734461e+00
4.263500012711223697e+00,1.925525324795734461e+00
4.264000012712713783e+00,1.925525324795734461e+00
4.264500012714204757e+00,1.925525324795734461e+00
4.265000012715695732e+00,1.925525324795734461e+00
4.265500012717185818e+00,1.925525324795734461e+00
4.266000012718676793e+00,1.925525324795734461e+00
4.266500012720167767e+00,1.925525324795734461e+00
4.267000012721657853e+00,1.925525324795734461e+00
4.267500012723148828e+00,1.925525324795734461e+00
4.268000012724639802e+00,1.925525324795734461e+00
4.268500012726130777e+00,1.925525324795734461e+00
4.269000012727620863e+00,1.925525324795734461e+00
4.269500012729111837e+00,1.925525324795734461e+00
4.270000012730602812e+00,1.925525324795734461e+00
4.270500012732092898e+00,1.925525324795734461e+00
4.271000012733583873e+00,1.925525324795734461e+00
4.271500012735074847e+00,1.925525324795734461e+00
4.272000012736564933e+00,1.925525324795734461e+00
4.272500012738055908e+00,1.925525324795734461e+00
4.273000012739546882e+00,1.925525324795734461e+00
4.273500012741036969e+00,1.925525324795734461e+00
4.274000012742527943e+00,1.925525324795734461e+00
4.274500012744018917e+00,1.925525324795734461e+00
4.275000012745509892e+00,1.936325203991949850e+00
4.275500012746999978e+00,1.936325203991949850e+00
4.276000012748490953e+00,1.936325203991949850e+00
4.276500012749981927e+00,1.936325203991949850e+00
4.277000012751472013e+00,1.936325203991949850e+00
4.277500012752962988e+00,1.936325203991949850e+00
4.278000012754453962e+00,1.936325203991949850e+00
4.278500012755944049e+00,1.936325203991949850e+00
4.279000012757435023e+00,1.936325203991949850e+00
4.279500012758925998e+00,1.936325203991949850e+00
4.280000012760416084e+00,1.936325203991949850e+00
4.280500012761907058e+00,1.936325203991949850e+00
4.281000012763398033e+00,1.936325203991949850e+00
4.281500012764889007e+00,1.936325203991949850e+00
4.282000012766379093e+00,1.936325203991949850e+00
4.282500012767870068e+00,1.936325203991949850e+00
4.283000012769361042e+00,1.936325203991949850e+00
4.283500012770851129e+00,1.936325203991949850e+00
4.284000012772342103e+00,1.936325203991949850e+00
4.284500012773833078e+00,1.936325203991949850e+00
4.285000012775323164e+00,1.936325203991949850e+00
4.285500012776814138e+00,1.936325203991949850e+00
4.286000012778305113e+00,1.936325203991949850e+00
4.286500012779795199e+00,1.936325203991949850e+00
4.287000012781286173e+00,1.936325203991949850e+00
4.287500012782777148e+00,1.935305425321985018e+00
4.288000012784268122e+00,1.935305425321985018e+00
4.288500012785758209e+00,1.935305425321985018e+00
4.289000012787249183e+00,1.935305425321985018e+00
4.289500012788740158e+00,1.935305425321985018e+00
4.290000012790230244e+00,1.935305425321985018e+00
4.290500012791721218e+00,1.935305425321985018e+00
4.291000012793212193e+00,1.935305425321985018e+00
4.291500012794702279e+00,1.935305425321985018e+00
4.292000012796193253e+00,1.935305425321985018e+00
4.292500012797684228e+00,1.935305425321985018e+00
4.293000012799175202e+00,1.935305425321985018e+00
4.293500012800665289e+00,1.935305425321985018e+00
4.294000012802156263e+00,1.935305425321985018e+00
4.294500012803647238e+00,1.935305425321985018e+00
4.295000012805137324e+00,1.935305425321985018e+00
4.295500012806628298e+00,1.935305425321985018e+00
4.296000012808119273e+00,1.935305425321985018e+00
4.296500012809609359e+00,1.935305425321985018e+00
4.297000012811100333e+00,1.935305425321985018e+00
4.297500012812591308e+00,1.935305425321985018e+00
4.298000012814081394e+00,1.935305425321985018e+00
4.298500012815572369e+00,1.935305425321985018e+00
4.299000012817063343e+00,1.935305425321985018e+00
4.299500012818554318e+00,1.935305425321985018e+00
4.300000012820044404e+00,1.935305425321985018e+00
4.300500012821535378e+00,1.935305425321985018e+00
4.301000012823026353e+00,1.935305425321985018e+00
4.301500012824516439e+00,1.935305425321985018e+00
4.302000012826007413e+00,1.935305425321985018e+00
4.302500012827498388e+00,1.935305425321985018e+00
4.303000012828988474e+00,1.935305425321985018e+00
4.303500012830479449e+00,1.935305425321985018e+00
4.304000012831970423e+00,1.935305425321985018e+00
4.304500012833460509e+00,1.935305425321985018e+00
4.305000012834951484e+00,1.935305425321985018e+00
4.305500012836442458e+00,1.935305425321985018e+00
4.306000012837933433e+00,1.935305425321985018e+00
4.306500012839423519e+00,1.935305425321985018e+00
4.307000012840914493e+00,1.935305425321985018e+00
4.307500012842405468e+00,1.935305425321985018e+00
4.308000012843895554e+00,1.935305425321985018e+00
4.308500012845386529e+00,1.935305425321985018e+00
4.309000012846877503e+00,1.935305425321985018e+00
4.309500012848367589e+00,1.935305425321985018e+00
4.310000012849858564e+00,1.935305425321985018e+00
4.310500012851349538e+00,1.935305425321985018e+00
4.311000012852840513e+00,1.935305425321985018e+00
4.311500012854330599e+00,1.935305425321985018e+00
4.312000012855821574e+00,1.935305425321985018e+00
4.312500012857312548e+00,1.931927577438846688e+00
4.313000012858802634e+00,1.931927577438846688e+00
4.313500012860293609e+00,1.931927577438846688e+00
4.314000012861784583e+00,1.931927577438846688e+00
4.314500012863274669e+00,1.931927577438846688e+00
4.315000012864765644e+00,1.931927577438846688e+00
4.315500012866256618e+00,1.931927577438846688e+00
4.316000012867746705e+00,1.931927577438846688e+00
4.316500012869237679e+00,1.931927577438846688e+00
4.317000012870728654e+00,1.931927577438846688e+00
4.317500012872219628e+00,1.931927577438846688e+00
4.318000012873709714e+00,1.931927577438846688e+00
4.318500012875200689e+00,1.931927577438846688e+00
4.319000012876691663e+00,1.931927577438846688e+00
4.319500012878181749e+00,1.931927577438846688e+00
4.320000012879672724e+00,1.931927577438846688e+00
4.320500012881163698e+00,1.931927577438846688e+00
4.321000012882653785e+00,1.931927577438846688e+00
4.321500012884144759e+00,1.931927577438846688e+00
4.322000012885635734e+00,1.931927577438846688e+00
4.322500012887125820e+00,1.931927577438846688e+00
4.323000012888616794e+00,1.931927577438846688e+00
4.323500012890107769e+00,1.931927577438846688e+00
4.324000012891598743e+00,1.931927577438846688e+00
4.324500012893088829e+00,1.931927577438846688e+00
4.325000012894579804e+00,1.926348007330011658e+00
4.325500012896070778e+00,1.926348007330011658e+00
4.326000012897560865e+00,1.926348007330011658e+00
4.326500012899051839e+00,1.926348007330011658e+00
4.327000012900542814e+00,1.926348007330011658e+00
4.327500012902032900e+00,1.926348007330011658e+00
4.328000012903523874e+00,1.926348007330011658e+00
4.328500012905014849e+00,1.926348007330011658e+00
4.329000012906505823e+00,1.926348007330011658e+00
4.329500012907995909e+00,1.926348007330011658e+00
4.330000012909486884e+00,1.926348007330011658e+00
4.330500012910977858e+00,1.926348007330011658e+00
4.331000012912467945e+00,1.926348007330011658e+00
4.331500012913958919e+00,1.926348007330011658e+00
4.332000012915449894e+00,1.926348007330011658e+00
4.332500012916939980e+00,1.926348007330011658e+00
4.333000012918430954e+00,1.926348007330011658e+00
4.333500012919921929e+00,1.926348007330011658e+00
4.334000012921412015e+00,1.926348007330011658e+00
4.334500012922902989e+00,1.926348007330011658e+00
4.335000012924393964e+00,1.926348007330011658e+00
4.335500012925884938e+00,1.926348007330011658e+00
4.336000012927375025e+00,1.926348007330011658e+00
4.336500012928865999e+00,1.926348007330011658e+00
4.337000012930356974e+00,1.926348007330011658e+00
4.337500012931847060e+00,1.908329445144808290e+00
4.338000012933338034e+00,1.908329445144808290e+00
4.338500012934829009e+00,1.908329445144808290e+00
4.339000012936319095e+00,1.908329445144808290e+00
4.339500012937810070e+00,1.908329445144808290e+00
4.340000012939301044e+00,1.908329445144808290e+00
4.340500012940791130e+00,1.908329445144808290e+00
4.341000012942282105e+00,1.908329445144808290e+00
4.341500012943773079e+00,1.908329445144808290e+00
4.342000012945264054e+00,1.908329445144808290e+00
4.342500012946754140e+00,1.908329445144808290e+00
4.343000012948245114e+00,1.908329445144808290e+00
4.343500012949736089e+00,1.908329445144808290e+00
4.344000012951226175e+00,1.908329445144808290e+00
4.344500012952717150e+00,1.908329445144808290e+00
4.345000012954208124e+00,1.908329445144808290e+00
4.345500012955698210e+00,1.908329445144808290e+00
4.346000012957189185e+00,1.908329445144808290e+00
4.346500012958680159e+00,1.908329445144808290e+00
4.347000012960170245e+00,1.908329445144808290e+00
4.347500012961661220e+00,1.908329445144808290e+00
4.348000012963152194e+00,1.908329445144808290e+00
4.348500012964643169e+00,1.908329445144808290e+00
4.349000012966133255e+00,1.908329445144808290e+00
4.349500012967624230e+00,1.908329445144808290e+00
4.350000012969115204e+00,1.908329445144808290e+00
4.350500012970605290e+00,1.908329445144808290e+00
4.351000012972096265e+00,1.908329445144808290e+00
4.351500012973587239e+00,1.908329445144808290e+00
4.352000012975077325e+00,1.908329445144808290e+00
4.352500012976568300e+00,1.908329445144808290e+00
4.353000012978059274e+00,1.908329445144808290e+00
4.353500012979550249e+00,1.908329445144808290e+00
4.354000012981040335e+00,1.908329445144808290e+00
4.354500012982531310e+00,1.908329445144808290e+00
4.355000012984022284e+00,1.908329445144808290e+00
4.355500012985512370e+00,1.908329445144808290e+00
4.356000012987003345e+00,1.908329445144808290e+00
4.356500012988494319e+00,1.908329445144808290e+00
4.357000012989984405e+00,1.908329445144808290e+00
4.357500012991475380e+00,1.908329445144808290e+00
4.358000012992966354e+00,1.908329445144808290e+00
4.358500012994456441e+00,1.908329445144808290e+00
4.359000012995947415e+00,1.908329445144808290e+00
4.359500012997438390e+00,1.908329445144808290e+00
4.360000012998929364e+00,1.908329445144808290e+00
4.360500013000419450e+00,1.908329445144808290e+00
4.361000013001910425e+00,1.908329445144808290e+00
4.361500013003401399e+00,1.908329445144808290e+00
4.362000013004891485e+00,1.908329445144808290e+00
4.362500013006382460e+00,1.892128838457116657e+00
4.363000013007873434e+00,1.892128838457116657e+00
4.363500013009363521e+00,1.892128838457116657e+00
4.364000013010854495e+00,1.892128838457116657e+00
4.364500013012345470e+00,1.892128838457116657e+00
4.365000013013835556e+00,1.892128838457116657e+00
4.365500013015326530e+00,1.892128838457116657e+00
4.366000013016817505e+00,1.892128838457116657e+00
4.366500013018308479e+00,1.892128838457116657e+00
4.367000013019798565e+00,1.892128838457116657e+00
4.367500013021289540e+00,1.892128838457116657e+00
4.368000013022780514e+00,1.892128838457116657e+00
4.368500013024270601e+00,1.892128838457116657e+00
4.369000013025761575e+00,1.892128838457116657e+00
4.369500013027252550e+00,1.892128838457116657e+00
4.370000013028742636e+00,1.892128838457116657e+00
4.370500013030233610e+00,1.892128838457116657e+00
4.371000013031724585e+00,1.892128838457116657e+00
4.371500013033215559e+00,1.892128838457116657e+00
4.372000013034705646e+00,1.892128838457116657e+00
4.372500013036196620e+00,1.892128838457116657e+00
4.373000013037687594e+00,1.892128838457116657e+00
4.373500013039177681e+00,1.892128838457116657e+00
4.374000013040668655e+00,1.892128838457116657e+00
4.374500013042159630e+00,1.892128838457116657e+00
4.375000013043649716e+00,1.892128838457116657e+00
4.375500013045140690e+00,1.892128838457116657e+00
4.376000013046631665e+00,1.892128838457116657e+00
4.376500013048121751e+00,1.892128838457116657e+00
4.377000013049612726e+00,1.892128838457116657e+00
4.377500013051103700e+00,1.892128838457116657e+00
4.378000013052594674e+00,1.892128838457116657e+00
4.378500013054084761e+00,1.892128838457116657e+00
4.379000013055575735e+00,1.892128838457116657e+00
4.379500013057066710e+00,1.892128838457116657e+00
4.380000013058556796e+00,1.892128838457116657e+00
4.380500013060047770e+00,1.892128838457116657e+00
4.381000013061538745e+00,1.892128838457116657e+00
4.381500013063028831e+00,1.892128838457116657e+00
4.382000013064519806e+00,1.892128838457116657e+00
4.382500013066010780e+00,1.892128838457116657e+00
4.383000013067500866e+00,1.892128838457116657e+00
4.383500013068991841e+00,1.892128838457116657e+00
4.384000013070482815e+00,1.892128838457116657e+00
4.384500013071973790e+00,1.892128838457116657e+00
4.385000013073463876e+00,1.892128838457116657e+00
4.385500013074954850e+00,1.892128838457116657e+00
4.386000013076445825e+00,1.892128838457116657e+00
4.386500013077935911e+00,1.892128838457116657e+00
4.387000013079426886e+00,1.892128838457116657e+00
4.387500013080917860e+00,1.884997586124368407e+00
4.388000013082407946e+00,1.884997586124368407e+00
4.388500013083898921e+00,1.884997586124368407e+00
4.389000013085389895e+00,1.884997586124368407e+00
4.389500013086880870e+00,1.884997586124368407e+00
4.390000013088370956e+00,1.884997586124368407e+00
4.390500013089861930e+00,1.884997586124368407e+00
4.391000013091352905e+00,1.884997586124368407e+00
4.391500013092842991e+00,1.884997586124368407e+00
4.392000013094333966e+00,1.884997586124368407e+00
4.392500013095824940e+00,1.884997586124368407e+00
4.393000013097315026e+00,1.884997586124368407e+00
4.393500013098806001e+00,1.884997586124368407e+00
4.394000013100296975e+00,1.884997586124368407e+00
4.394500013101787061e+00,1.884997586124368407e+00
4.395000013103278036e+00,1.884997586124368407e+00
4.395500013104769010e+00,1.884997586124368407e+00
4.396000013106259985e+00,1.884997586124368407e+00
4.396500013107750071e+00,1.884997586124368407e+00
4.397000013109241046e+00,1.884997586124368407e+00
4.397500013110732020e+00,1.884997586124368407e+00
4.398000013112222106e+00,1.884997586124368407e+00
4.398500013113713081e+00,1.884997586124368407e+00
4.399000013115204055e+00,1.884997586124368407e+00
4.399500013116694142e+00,1.884997586124368407e+00
4.400000013118185116e+00,1.884997586124368407e+00
4.400500013119676090e+00,1.884997586124368407e+00
4.401000013121166177e+00,1.884997586124368407e+00
4.401500013122657151e+00,1.884997586124368407e+00
4.402000013124148126e+00,1.884997586124368407e+00
4.402500013125639100e+00,1.884997586124368407e+00
4.403000013127129186e+00,1.884997586124368407e+00
4.403500013128620161e+00,1.884997586124368407e+00
4.404000013130111135e+00,1.884997586124368407e+00
4.404500013131601222e+00,1.884997586124368407e+00
4.405000013133092196e+00,1.884997586124368407e+00
4.405500013134583170e+00,1.884997586124368407e+00
4.406000013136073257e+00,1.884997586124368407e+00
4.406500013137564231e+00,1.884997586124368407e+00
4.407000013139055206e+00,1.884997586124368407e+00
4.407500013140545292e+00,1.884997586124368407e+00
4.408000013142036266e+00,1.884997586124368407e+00
4.408500013143527241e+00,1.884997586124368407e+00
4.409000013145018215e+00,1.884997586124368407e+00
4.409500013146508302e+00,1.884997586124368407e+00
4.410000013147999276e+00,1.884997586124368407e+00
4.410500013149490250e+00,1.884997586124368407e+00
4.411000013150980337e+00,1.884997586124368407e+00
4.411500013152471311e+00,1.884997586124368407e+00
4.412000013153962286e+00,1.884997586124368407e+00
4.412500013155452372e+00,1.886242322866916954e+00
4.413000013156943346e+00,1.886242322866916954e+00
4.413500013158434321e+00,1.886242322866916954e+00
4.414000013159925295e+00,1.886242322866916954e+00
4.414500013161415382e+00,1.886242322866916954e+00
4.415000013162906356e+00,1.886242322866916954e+00
4.415500013164397330e+00,1.886242322866916954e+00
4.416000013165887417e+00,1.886242322866916954e+00
4.416500013167378391e+00,1.886242322866916954e+00
4.417000013168869366e+00,1.886242322866916954e+00
4.417500013170359452e+00,1.886242322866916954e+00
4.418000013171850426e+00,1.886242322866916954e+00
4.418500013173341401e+00,1.886242322866916954e+00
4.419000013174831487e+00,1.886242322866916954e+00
4.419500013176322462e+00,1.886242322866916954e+00
4.420000013177813436e+00,1.886242322866916954e+00
4.420500013179304410e+00,1.886242322866916954e+00
4.421000013180794497e+00,1.886242322866916954e+00
4.421500013182285471e+00,1.886242322866916954e+00
4.422000013183776446e+00,1.886242322866916954e+00
4.422500013185266532e+00,1.886242322866916954e+00
4.423000013186757506e+00,1.886242322866916954e+00
4.423500013188248481e+00,1.886242322866916954e+00
4.424000013189738567e+00,1.886242322866916954e+00
4.424500013191229542e+00,1.886242322866916954e+00
4.425000013192720516e+00,1.886242322866916954e+00
4.425500013194210602e+00,1.886242322866916954e+00
4.426000013195701577e+00,1.886242322866916954e+00
4.426500013197192551e+00,1.886242322866916954e+00
4.427000013198683526e+00,1.886242322866916954e+00
4.427500013200173612e+00,1.886242322866916954e+00
4.428000013201664586e+00,1.886242322866916954e+00
4.428500013203155561e+00,1.886242322866916954e+00
4.429000013204645647e+00,1.886242322866916954e+00
4.429500013206136622e+00,1.886242322866916954e+00
4.430000013207627596e+00,1.886242322866916954e+00
4.430500013209117682e+00,1.886242322866916954e+00
4.431000013210608657e+00,1.886242322866916954e+00
4.431500013212099631e+00,1.886242322866916954e+00
4.432000013213590606e+00,1.886242322866916954e+00
4.432500013215080692e+00,1.886242322866916954e+00
4.433000013216571666e+00,1.886242322866916954e+00
4.433500013218062641e+00,1.886242322866916954e+00
4.434000013219552727e+00,1.886242322866916954e+00
4.434500013221043702e+00,1.886242322866916954e+00
4.435000013222534676e+00,1.886242322866916954e+00
4.435500013224024762e+00,1.886242322866916954e+00
4.436000013225515737e+00,1.886242322866916954e+00
4.436500013227006711e+00,1.886242322866916954e+00
4.437000013228496798e+00,1.886242322866916954e+00
4.437500013229987772e+00,1.886242322866916954e+00
4.438000013231478746e+00,1.886242322866916954e+00
4.438500013232969721e+00,1.886242322866916954e+00
4.439000013234459807e+00,1.886242322866916954e+00
4.439500013235950782e+00,1.886242322866916954e+00
4.440000013237441756e+00,1.886242322866916954e+00
4.440500013238931842e+00,1.886242322866916954e+00
4.441000013240422817e+00,1.886242322866916954e+00
4.441500013241913791e+00,1.886242322866916954e+00
4.442000013243403878e+00,1.886242322866916954e+00
4.442500013244894852e+00,1.886242322866916954e+00
4.443000013246385826e+00,1.886242322866916954e+00
4.443500013247875913e+00,1.886242322866916954e+00
4.444000013249366887e+00,1.886242322866916954e+00
4.444500013250857862e+00,1.886242322866916954e+00
4.445000013252348836e+00,1.886242322866916954e+00
4.445500013253838922e+00,1.886242322866916954e+00
4.446000013255329897e+00,1.886242322866916954e+00
4.446500013256820871e+00,1.886242322866916954e+00
4.447000013258310958e+00,1.886242322866916954e+00
4.447500013259801932e+00,1.886242322866916954e+00
4.448000013261292906e+00,1.886242322866916954e+00
4.448500013262782993e+00,1.886242322866916954e+00
4.449000013264273967e+00,1.886242322866916954e+00
4.449500013265764942e+00,1.886242322866916954e+00
4.450000013267255916e+00,1.886242322866916954e+00
4.450500013268746002e+00,1.886242322866916954e+00
4.451000013270236977e+00,1.886242322866916954e+00
4.451500013271727951e+00,1.886242322866916954e+00
4.452000013273218038e+00,1.886242322866916954e+00
4.452500013274709012e+00,1.886242322866916954e+00
4.453000013276199986e+00,1.886242322866916954e+00
4.453500013277690073e+00,1.886242322866916954e+00
4.454000013279181047e+00,1.886242322866916954e+00
4.454500013280672022e+00,1.886242322866916954e+00
4.455000013282162108e+00,1.886242322866916954e+00
4.455500013283653082e+00,1.886242322866916954e+00
4.456000013285144057e+00,1.886242322866916954e+00
4.456500013286635031e+00,1.886242322866916954e+00
4.457000013288125118e+00,1.886242322866916954e+00
4.457500013289616092e+00,1.886242322866916954e+00
4.458000013291107066e+00,1.886242322866916954e+00
4.458500013292597153e+00,1.886242322866916954e+00
4.459000013294088127e+00,1.886242322866916954e+00
4.459500013295579102e+00,1.886242322866916954e+00
4.460000013297069188e+00,1.886242322866916954e+00
4.460500013298560162e+00,1.886242322866916954e+00
4.461000013300051137e+00,1.886242322866916954e+00
4.461500013301541223e+00,1.886242322866916954e+00
4.462000013303032198e+00,1.886242322866916954e+00
4.462500013304523172e+00,1.890895328833300360e+00
4.463000013306014147e+00,1.890895328833300360e+00
4.463500013307504233e+00,1.890895328833300360e+00
4.464000013308995207e+00,1.890895328833300360e+00
4.464500013310486182e+00,1.890895328833300360e+00
4.465000013311976268e+00,1.890895328833300360e+00
4.465500013313467242e+00,1.890895328833300360e+00
4.466000013314958217e+00,1.890895328833300360e+00
4.466500013316448303e+00,1.890895328833300360e+00
4.467000013317939278e+00,1.890895328833300360e+00
4.467500013319430252e+00,1.890895328833300360e+00
4.468000013320920338e+00,1.890895328833300360e+00
4.468500013322411313e+00,1.890895328833300360e+00
4.469000013323902287e+00,1.890895328833300360e+00
4.469500013325393262e+00,1.890895328833300360e+00
4.470000013326883348e+00,1.890895328833300360e+00
4.470500013328374322e+00,1.890895328833300360e+00
4.471000013329865297e+00,1.890895328833300360e+00
4.471500013331355383e+00,1.890895328833300360e+00
4.472000013332846358e+00,1.890895328833300360e+00
4.472500013334337332e+00,1.890895328833300360e+00
4.473000013335827418e+00,1.890895328833300360e+00
4.473500013337318393e+00,1.890895328833300360e+00
4.474000013338809367e+00,1.890895328833300360e+00
4.474500013340300342e+00,1.890895328833300360e+00
4.475000013341790428e+00,1.908309048011220366e+00
4.475500013343281402e+00,1.908309048011220366e+00
4.476000013344772377e+00,1.908309048011220366e+00
4.476500013346262463e+00,1.908309048011220366e+00
4.477000013347753438e+00,1.908309048011220366e+00
4.477500013349244412e+00,1.908309048011220366e+00
4.478000013350734498e+00,1.908309048011220366e+00
4.478500013352225473e+00,1.908309048011220366e+00
4.479000013353716447e+00,1.908309048011220366e+00
4.479500013355206534e+00,1.908309048011220366e+00
4.480000013356697508e+00,1.908309048011220366e+00
4.480500013358188482e+00,1.908309048011220366e+00
4.481000013359679457e+00,1.908309048011220366e+00
4.481500013361169543e+00,1.908309048011220366e+00
4.482000013362660518e+00,1.908309048011220366e+00
4.482500013364151492e+00,1.908309048011220366e+00
4.483000013365641578e+00,1.908309048011220366e+00
4.483500013367132553e+00,1.908309048011220366e+00
4.484000013368623527e+00,1.908309048011220366e+00
4.484500013370113614e+00,1.908309048011220366e+00
4.485000013371604588e+00,1.908309048011220366e+00
4.485500013373095562e+00,1.908309048011220366e+00
4.486000013374585649e+00,1.908309048011220366e+00
4.486500013376076623e+00,1.908309048011220366e+00
4.487000013377567598e+00,1.908309048011220366e+00
4.487500013379058572e+00,1.912700178661011163e+00
4.488000013380548658e+00,1.912700178661011163e+00
4.488500013382039633e+00,1.912700178661011163e+00
4.489000013383530607e+00,1.912700178661011163e+00
4.489500013385020694e+00,1.912700178661011163e+00
4.490000013386511668e+00,1.912700178661011163e+00
4.490500013388002643e+00,1.912700178661011163e+00
4.491000013389492729e+00,1.912700178661011163e+00
4.491500013390983703e+00,1.912700178661011163e+00
4.492000013392474678e+00,1.912700178661011163e+00
4.492500013393965652e+00,1.912700178661011163e+00
4.493000013395455738e+00,1.912700178661011163e+00
4.493500013396946713e+00,1.912700178661011163e+00
4.494000013398437687e+00,1.912700178661011163e+00
4.494500013399927774e+00,1.912700178661011163e+00
4.495000013401418748e+00,1.912700178661011163e+00
4.495500013402909723e+00,1.912700178661011163e+00
4.496000013404399809e+00,1.912700178661011163e+00
4.496500013405890783e+00,1.912700178661011163e+00
4.497000013407381758e+00,1.912700178661011163e+00
4.497500013408871844e+00,1.912700178661011163e+00
4.498000013410362818e+00,1.912700178661011163e+00
4.498500013411853793e+00,1.912700178661011163e+00
4.499000013413344767e+00,1.912700178661011163e+00
4.499500013414834854e+00,1.912700178661011163e+00
4.500000013416325828e+00,1.917200859908834598e+00
4.500500013417816803e+00,1.917200859908834598e+00
4.501000013419306889e+00,1.917200859908834598e+00
4.501500013420797863e+00,1.917200859908834598e+00
4.502000013422288838e+00,1.917200859908834598e+00
4.502500013423778924e+00,1.917200859908834598e+00
4.503000013425269898e+00,1.917200859908834598e+00
4.503500013426760873e+00,1.917200859908834598e+00
4.504000013428250959e+00,1.917200859908834598e+00
4.504500013429741934e+00,1.917200859908834598e+00
4.505000013431232908e+00,1.917200859908834598e+00
4.505500013432723883e+00,1.917200859908834598e+00
4.506000013434213969e+00,1.917200859908834598e+00
4.506500013435704943e+00,1.917200859908834598e+00
4.507000013437195918e+00,1.917200859908834598e+00
4.507500013438686004e+00,1.917200859908834598e+00
4.508000013440176978e+00,1.917200859908834598e+00
4.508500013441667953e+00,1.917200859908834598e+00
4.509000013443158039e+00,1.917200859908834598e+00
4.509500013444649014e+00,1.917200859908834598e+00
4.510000013446139988e+00,1.917200859908834598e+00
4.510500013447630963e+00,1.917200859908834598e+00
4.511000013449121049e+00,1.917200859908834598e+00
4.511500013450612023e+00,1.917200859908834598e+00
4.512000013452102998e+00,1.917200859908834598e+00
4.512500013453593084e+00,1.917200859908834598e+00
4.513000013455084058e+00,1.917200859908834598e+00
4.513500013456575033e+00,1.917200859908834598e+00
4.514000013458065119e+00,1.917200859908834598e+00
4.514500013459556094e+00,1.917200859908834598e+00
4.515000013461047068e+00,1.917200859908834598e+00
4.515500013462537154e+00,1.917200859908834598e+00
4.516000013464028129e+00,1.917200859908834598e+00
4.516500013465519103e+00,1.917200859908834598e+00
4.517000013467010078e+00,1.917200859908834598e+00
4.517500013468500164e+00,1.917200859908834598e+00
4.518000013469991138e+00,1.917200859908834598e+00
4.518500013471482113e+00,1.917200859908834598e+00
4.519000013472972199e+00,1.917200859908834598e+00
4.519500013474463174e+00,1.917200859908834598e+00
4.520000013475954148e+00,1.917200859908834598e+00
4.520500013477444234e+00,1.917200859908834598e+00
4.521000013478935209e+00,1.917200859908834598e+00
4.521500013480426183e+00,1.917200859908834598e+00
4.522000013481916270e+00,1.917200859908834598e+00
4.522500013483407244e+00,1.917200859908834598e+00
4.523000013484898219e+00,1.917200859908834598e+00
4.523500013486389193e+00,1.917200859908834598e+00
4.524000013487879279e+00,1.917200859908834598e+00
4.524500013489370254e+00,1.917200859908834598e+00
4.525000013490861228e+00,1.917200859908834598e+00
4.525500013492351314e+00,1.917200859908834598e+00
4.526000013493842289e+00,1.917200859908834598e+00
4.526500013495333263e+00,1.917200859908834598e+00
4.527000013496823350e+00,1.917200859908834598e+00
4.527500013498314324e+00,1.917200859908834598e+00
4.528000013499805299e+00,1.917200859908834598e+00
4.528500013501295385e+00,1.917200859908834598e+00
4.529000013502786359e+00,1.917200859908834598e+00
4.529500013504277334e+00,1.917200859908834598e+00
4.530000013505768308e+00,1.917200859908834598e+00
4.530500013507258394e+00,1.917200859908834598e+00
4.531000013508749369e+00,1.917200859908834598e+00
4.531500013510240343e+00,1.917200859908834598e+00
4.532000013511730430e+00,1.917200859908834598e+00
4.532500013513221404e+00,1.917200859908834598e+00
4.533000013514712379e+00,1.917200859908834598e+00
4.533500013516202465e+00,1.917200859908834598e+00
4.534000013517693439e+00,1.917200859908834598e+00
4.534500013519184414e+00,1.917200859908834598e+00
4.535000013520675388e+00,1.917200859908834598e+00
4.535500013522165474e+00,1.917200859908834598e+00
4.536000013523656449e+00,1.917200859908834598e+00
4.536500013525147423e+00,1.917200859908834598e+00
4.537000013526637510e+00,1.917200859908834598e+00
4.537500013528128484e+00,1.917200859908834598e+00
4.538000013529619459e+00,1.917200859908834598e+00
4.538500013531109545e+00,1.917200859908834598e+00
4.539000013532600519e+00,1.917200859908834598e+00
4.539500013534091494e+00,1.917200859908834598e+00
4.540000013535581580e+00,1.917200859908834598e+00
4.540500013537072554e+00,1.917200859908834598e+00
4.541000013538563529e+00,1.917200859908834598e+00
4.541500013540054503e+00,1.917200859908834598e+00
4.542000013541544590e+00,1.917200859908834598e+00
4.542500013543035564e+00,1.917200859908834598e+00
4.543000013544526539e+00,1.917200859908834598e+00
4.543500013546016625e+00,1.917200859908834598e+00
4.544000013547507599e+00,1.917200859908834598e+00
4.544500013548998574e+00,1.917200859908834598e+00
4.545000013550488660e+00,1.917200859908834598e+00
4.545500013551979634e+00,1.917200859908834598e+00
4.546000013553470609e+00,1.917200859908834598e+00
4.546500013554960695e+00,1.917200859908834598e+00
4.547000013556451670e+00,1.917200859908834598e+00
4.547500013557942644e+00,1.917200859908834598e+00
4.548000013559433619e+00,1.917200859908834598e+00
4.548500013560923705e+00,1.917200859908834598e+00
4.549000013562414679e+00,1.917200859908834598e+00
4.549500013563905654e+00,1.917200859908834598e+00
4.550000013565395740e+00,1.917200859908834598e+00
4.550500013566886715e+00,1.917200859908834598e+00
4.551000013568377689e+00,1.917200859908834598e+00
4.551500013569867775e+00,1.917200859908834598e+00
4.552000013571358750e+00,1.917200859908834598e+00
4.552500013572849724e+00,1.917200859908834598e+00
4.553000013574340699e+00,1.917200859908834598e+00
4.553500013575830785e+00,1.917200859908834598e+00
4.554000013577321759e+00,1.917200859908834598e+00
4.554500013578812734e+00,1.917200859908834598e+00
4.555000013580302820e+00,1.917200859908834598e+00
4.555500013581793795e+00,1.917200859908834598e+00
4.556000013583284769e+00,1.917200859908834598e+00
4.556500013584774855e+00,1.917200859908834598e+00
4.557000013586265830e+00,1.917200859908834598e+00
4.557500013587756804e+00,1.917200859908834598e+00
4.558000013589246890e+00,1.917200859908834598e+00
4.558500013590737865e+00,1.917200859908834598e+00
4.559000013592228839e+00,1.917200859908834598e+00
4.559500013593719814e+00,1.917200859908834598e+00
4.560000013595209900e+00,1.917200859908834598e+00
4.560500013596700875e+00,1.917200859908834598e+00
4.561000013598191849e+00,1.917200859908834598e+00
4.561500013599681935e+00,1.917200859908834598e+00
4.562000013601172910e+00,1.917200859908834598e+00
4.562500013602663884e+00,1.917200859908834598e+00
4.563000013604153970e+00,1.917200859908834598e+00
4.563500013605644945e+00,1.917200859908834598e+00
4.564000013607135919e+00,1.917200859908834598e+00
4.564500013608626006e+00,1.917200859908834598e+00
4.565000013610116980e+00,1.917200859908834598e+00
4.565500013611607955e+00,1.917200859908834598e+00
4.566000013613098929e+00,1.917200859908834598e+00
4.566500013614589015e+00,1.917200859908834598e+00
4.567000013616079990e+00,1.917200859908834598e+00
4.567500013617570964e+00,1.917200859908834598e+00
4.568000013619061050e+00,1.917200859908834598e+00
4.568500013620552025e+00,1.917200859908834598e+00
4.569000013622042999e+00,1.917200859908834598e+00
4.569500013623533086e+00,1.917200859908834598e+00
4.570000013625024060e+00,1.917200859908834598e+00
4.570500013626515035e+00,1.917200859908834598e+00
4.571000013628006009e+00,1.917200859908834598e+00
4.571500013629496095e+00,1.917200859908834598e+00
4.572000013630987070e+00,1.917200859908834598e+00
4.572500013632478044e+00,1.917200859908834598e+00
4.573000013633968130e+00,1.917200859908834598e+00
4.573500013635459105e+00,1.917200859908834598e+00
4.574000013636950079e+00,1.917200859908834598e+00
4.574500013638440166e+00,1.917200859908834598e+00
4.575000013639931140e+00,1.917200859908834598e+00
4.575500013641422115e+00,1.917200859908834598e+00
4.576000013642912201e+00,1.917200859908834598e+00
4.576500013644403175e+00,1.917200859908834598e+00
4.577000013645894150e+00,1.917200859908834598e+00
4.577500013647385124e+00,1.917200859908834598e+00
4.578000013648875210e+00,1.917200859908834598e+00
4.578500013650366185e+00,1.917200859908834598e+00
4.579000013651857159e+00,1.917200859908834598e+00
4.579500013653347246e+00,1.917200859908834598e+00
4.580000013654838220e+00,1.917200859908834598e+00
4.580500013656329195e+00,1.917200859908834598e+00
4.581000013657819281e+00,1.917200859908834598e+00
4.581500013659310255e+00,1.917200859908834598e+00
4.582000013660801230e+00,1.917200859908834598e+00
4.582500013662291316e+00,1.917200859908834598e+00
4.583000013663782291e+00,1.917200859908834598e+00
4.583500013665273265e+00,1.917200859908834598e+00
4.584000013666764239e+00,1.917200859908834598e+00
4.584500013668254326e+00,1.917200859908834598e+00
4.585000013669745300e+00,1.917200859908834598e+00
4.585500013671236275e+00,1.917200859908834598e+00
4.586000013672726361e+00,1.917200859908834598e+00
4.586500013674217335e+00,1.917200859908834598e+00
4.587000013675708310e+00,1.917200859908834598e+00
4.587500013677198396e+00,1.917200859908834598e+00
4.588000013678689371e+00,1.917200859908834598e+00
4.588500013680180345e+00,1.917200859908834598e+00
4.589000013681670431e+00,1.917200859908834598e+00
4.589500013683161406e+00,1.917200859908834598e+00
4.590000013684652380e+00,1.917200859908834598e+00
4.590500013686143355e+00,1.917200859908834598e+00
4.591000013687633441e+00,1.917200859908834598e+00
4.591500013689124415e+00,1.917200859908834598e+00
4.592000013690615390e+00,1.917200859908834598e+00
4.592500013692105476e+00,1.917200859908834598e+00
4.593000013693596451e+00,1.917200859908834598e+00
4.593500013695087425e+00,1.917200859908834598e+00
4.594000013696577511e+00,1.917200859908834598e+00
4.594500013698068486e+00,1.917200859908834598e+00
4.595000013699559460e+00,1.917200859908834598e+00
4.595500013701050435e+00,1.917200859908834598e+00
4.596000013702540521e+00,1.917200859908834598e+00
4.596500013704031495e+00,1.917200859908834598e+00
4.597000013705522470e+00,1.917200859908834598e+00
4.597500013707012556e+00,1.917200859908834598e+00
4.598000013708503531e+00,1.917200859908834598e+00
4.598500013709994505e+00,1.917200859908834598e+00
4.599000013711484591e+00,1.917200859908834598e+00
4.599500013712975566e+00,1.917200859908834598e+00
4.600000013714466540e+00,1.927803481591888524e+00
4.600500013715956626e+00,1.927803481591888524e+00
4.601000013717447601e+00,1.927803481591888524e+00
4.601500013718938575e+00,1.927803481591888524e+00
4.602000013720429550e+00,1.927803481591888524e+00
4.602500013721919636e+00,1.927803481591888524e+00
4.603000013723410611e+00,1.927803481591888524e+00
4.603500013724901585e+00,1.927803481591888524e+00
4.604000013726391671e+00,1.927803481591888524e+00
4.604500013727882646e+00,1.927803481591888524e+00
4.605000013729373620e+00,1.927803481591888524e+00
4.605500013730863706e+00,1.927803481591888524e+00
4.606000013732354681e+00,1.927803481591888524e+00
4.606500013733845655e+00,1.927803481591888524e+00
4.607000013735335742e+00,1.927803481591888524e+00
4.607500013736826716e+00,1.927803481591888524e+00
4.608000013738317691e+00,1.927803481591888524e+00
4.608500013739808665e+00,1.927803481591888524e+00
4.609000013741298751e+00,1.927803481591888524e+00
4.609500013742789726e+00,1.927803481591888524e+00
4.610000013744280700e+00,1.927803481591888524e+00
4.610500013745770786e+00,1.927803481591888524e+00
4.611000013747261761e+00,1.927803481591888524e+00
4.611500013748752735e+00,1.927803481591888524e+00
4.612000013750242822e+00,1.927803481591888524e+00
4.612500013751733796e+00,1.927803481591888524e+00
4.613000013753224771e+00,1.927803481591888524e+00
4.613500013754715745e+00,1.927803481591888524e+00
4.614000013756205831e+00,1.927803481591888524e+00
4.614500013757696806e+00,1.927803481591888524e+00
4.615000013759187780e+00,1.927803481591888524e+00
4.615500013760677867e+00,1.927803481591888524e+00
4.616000013762168841e+00,1.927803481591888524e+00
4.616500013763659815e+00,1.927803481591888524e+00
4.617000013765149902e+00,1.927803481591888524e+00
4.617500013766640876e+00,1.927803481591888524e+00
4.618000013768131851e+00,1.927803481591888524e+00
4.618500013769621937e+00,1.927803481591888524e+00
4.619000013771112911e+00,1.927803481591888524e+00
4.619500013772603886e+00,1.927803481591888524e+00
4.620000013774094860e+00,1.927803481591888524e+00
4.620500013775584947e+00,1.927803481591888524e+00
4.621000013777075921e+00,1.927803481591888524e+00
4.621500013778566895e+00,1.927803481591888524e+00
4.622000013780056982e+00,1.927803481591888524e+00
4.622500013781547956e+00,1.927803481591888524e+00
4.623000013783038931e+00,1.927803481591888524e+00
4.623500013784529017e+00,1.927803481591888524e+00
4.624000013786019991e+00,1.927803481591888524e+00
4.624500013787510966e+00,1.927803481591888524e+00
4.625000013789001052e+00,1.913774008005055594e+00
4.625500013790492027e+00,1.913774008005055594e+00
4.626000013791983001e+00,1.913774008005055594e+00
4.626500013793473975e+00,1.913774008005055594e+00
4.627000013794964062e+00,1.913774008005055594e+00
4.627500013796455036e+00,1.913774008005055594e+00
4.628000013797946011e+00,1.913774008005055594e+00
4.628500013799436097e+00,1.913774008005055594e+00
4.629000013800927071e+00,1.913774008005055594e+00
4.629500013802418046e+00,1.913774008005055594e+00
4.630000013803908132e+00,1.913774008005055594e+00
4.630500013805399107e+00,1.913774008005055594e+00
4.631000013806890081e+00,1.913774008005055594e+00
4.631500013808381055e+00,1.913774008005055594e+00
4.632000013809871142e+00,1.913774008005055594e+00
4.632500013811362116e+00,1.913774008005055594e+00
4.633000013812853091e+00,1.913774008005055594e+00
4.633500013814343177e+00,1.913774008005055594e+00
4.634000013815834151e+00,1.913774008005055594e+00
4.634500013817325126e+00,1.913774008005055594e+00
4.635000013818815212e+00,1.913774008005055594e+00
4.635500013820306187e+00,1.913774008005055594e+00
4.636000013821797161e+00,1.913774008005055594e+00
4.636500013823287247e+00,1.913774008005055594e+00
4.637000013824778222e+00,1.913774008005055594e+00
4.637500013826269196e+00,1.913774008005055594e+00
4.638000013827760171e+00,1.913774008005055594e+00
4.638500013829250257e+00,1.913774008005055594e+00
4.639000013830741231e+00,1.913774008005055594e+00
4.639500013832232206e+00,1.913774008005055594e+00
4.640000013833722292e+00,1.913774008005055594e+00
4.640500013835213267e+00,1.913774008005055594e+00
4.641000013836704241e+00,1.913774008005055594e+00
4.641500013838194327e+00,1.913774008005055594e+00
4.642000013839685302e+00,1.913774008005055594e+00
4.642500013841176276e+00,1.913774008005055594e+00
4.643000013842666363e+00,1.913774008005055594e+00
4.643500013844157337e+00,1.913774008005055594e+00
4.644000013845648311e+00,1.913774008005055594e+00
4.644500013847139286e+00,1.913774008005055594e+00
4.645000013848629372e+00,1.913774008005055594e+00
4.645500013850120347e+00,1.913774008005055594e+00
4.646000013851611321e+00,1.913774008005055594e+00
4.646500013853101407e+00,1.913774008005055594e+00
4.647000013854592382e+00,1.913774008005055594e+00
4.647500013856083356e+00,1.913774008005055594e+00
4.648000013857573443e+00,1.913774008005055594e+00
4.648500013859064417e+00,1.913774008005055594e+00
4.649000013860555391e+00,1.913774008005055594e+00
4.649500013862045478e+00,1.913774008005055594e+00
4.650000013863536452e+00,1.903007368665058374e+00
4.650500013865027427e+00,1.903007368665058374e+00
4.651000013866518401e+00,1.903007368665058374e+00
4.651500013868008487e+00,1.903007368665058374e+00
4.652000013869499462e+00,1.903007368665058374e+00
4.652500013870990436e+00,1.903007368665058374e+00
4.653000013872480523e+00,1.903007368665058374e+00
4.653500013873971497e+00,1.903007368665058374e+00
4.654000013875462471e+00,1.903007368665058374e+00
4.654500013876952558e+00,1.903007368665058374e+00
4.655000013878443532e+00,1.903007368665058374e+00
4.655500013879934507e+00,1.903007368665058374e+00
4.656000013881425481e+00,1.903007368665058374e+00
4.656500013882915567e+00,1.903007368665058374e+00
4.657000013884406542e+00,1.903007368665058374e+00
4.657500013885897516e+00,1.903007368665058374e+00
4.658000013887387603e+00,1.903007368665058374e+00
4.658500013888878577e+00,1.903007368665058374e+00
4.659000013890369551e+00,1.903007368665058374e+00
4.659500013891859638e+00,1.903007368665058374e+00
4.660000013893350612e+00,1.903007368665058374e+00
4.660500013894841587e+00,1.903007368665058374e+00
4.661000013896331673e+00,1.903007368665058374e+00
4.661500013897822647e+00,1.903007368665058374e+00
4.662000013899313622e+00,1.903007368665058374e+00
4.662500013900804596e+00,1.903007368665058374e+00
4.663000013902294683e+00,1.903007368665058374e+00
4.663500013903785657e+00,1.903007368665058374e+00
4.664000013905276631e+00,1.903007368665058374e+00
4.664500013906766718e+00,1.903007368665058374e+00
4.665000013908257692e+00,1.903007368665058374e+00
4.665500013909748667e+00,1.903007368665058374e+00
4.666000013911238753e+00,1.903007368665058374e+00
4.666500013912729727e+00,1.903007368665058374e+00
4.667000013914220702e+00,1.903007368665058374e+00
4.667500013915710788e+00,1.903007368665058374e+00
4.668000013917201763e+00,1.903007368665058374e+00
4.668500013918692737e+00,1.903007368665058374e+00
4.669000013920183711e+00,1.903007368665058374e+00
4.669500013921673798e+00,1.903007368665058374e+00
4.670000013923164772e+00,1.903007368665058374e+00
4.670500013924655747e+00,1.903007368665058374e+00
4.671000013926145833e+00,1.903007368665058374e+00
4.671500013927636807e+00,1.903007368665058374e+00
4.672000013929127782e+00,1.903007368665058374e+00
4.672500013930617868e+00,1.903007368665058374e+00
4.673000013932108843e+00,1.903007368665058374e+00
4.673500013933599817e+00,1.903007368665058374e+00
4.674000013935090792e+00,1.903007368665058374e+00
4.674500013936580878e+00,1.903007368665058374e+00
4.675000013938071852e+00,1.887578947952322839e+00
4.675500013939562827e+00,1.887578947952322839e+00
4.676000013941052913e+00,1.887578947952322839e+00
4.676500013942543887e+00,1.887578947952322839e+00
4.677000013944034862e+00,1.887578947952322839e+00
4.677500013945524948e+00,1.887578947952322839e+00
4.678000013947015923e+00,1.887578947952322839e+00
4.678500013948506897e+00,1.887578947952322839e+00
4.679000013949996983e+00,1.887578947952322839e+00
4.679500013951487958e+00,1.887578947952322839e+00
4.680000013952978932e+00,1.887578947952322839e+00
4.680500013954469907e+00,1.887578947952322839e+00
4.681000013955959993e+00,1.887578947952322839e+00
4.681500013957450967e+00,1.887578947952322839e+00
4.682000013958941942e+00,1.887578947952322839e+00
4.682500013960432028e+00,1.887578947952322839e+00
4.683000013961923003e+00,1.887578947952322839e+00
4.683500013963413977e+00,1.887578947952322839e+00
4.684000013964904063e+00,1.887578947952322839e+00
4.684500013966395038e+00,1.887578947952322839e+00
4.685000013967886012e+00,1.887578947952322839e+00
4.685500013969376099e+00,1.887578947952322839e+00
4.686000013970867073e+00,1.887578947952322839e+00
4.686500013972358047e+00,1.887578947952322839e+00
4.687000013973849022e+00,1.887578947952322839e+00
4.687500013975339108e+00,1.887578947952322839e+00
4.688000013976830083e+00,1.887578947952322839e+00
4.688500013978321057e+00,1.887578947952322839e+00
4.689000013979811143e+00,1.887578947952322839e+00
4.689500013981302118e+00,1.887578947952322839e+00
4.690000013982793092e+00,1.887578947952322839e+00
4.690500013984283179e+00,1.887578947952322839e+00
4.691000013985774153e+00,1.887578947952322839e+00
4.691500013987265127e+00,1.887578947952322839e+00
4.692000013988756102e+00,1.887578947952322839e+00
4.692500013990246188e+00,1.887578947952322839e+00
4.693000013991737163e+00,1.887578947952322839e+00
4.693500013993228137e+00,1.887578947952322839e+00
4.694000013994718223e+00,1.887578947952322839e+00
4.694500013996209198e+00,1.887578947952322839e+00
4.695000013997700172e+00,1.887578947952322839e+00
4.695500013999190259e+00,1.887578947952322839e+00
4.696000014000681233e+00,1.887578947952322839e+00
4.696500014002172207e+00,1.887578947952322839e+00
4.697000014003662294e+00,1.887578947952322839e+00
4.697500014005153268e+00,1.887578947952322839e+00
4.698000014006644243e+00,1.887578947952322839e+00
4.698500014008135217e+00,1.887578947952322839e+00
4.699000014009625303e+00,1.887578947952322839e+00
4.699500014011116278e+00,1.887578947952322839e+00
4.700000014012607252e+00,1.887578947952322839e+00
4.700500014014097339e+00,1.887578947952322839e+00
4.701000014015588313e+00,1.887578947952322839e+00
4.701500014017079287e+00,1.887578947952322839e+00
4.702000014018569374e+00,1.887578947952322839e+00
4.702500014020060348e+00,1.887578947952322839e+00
4.703000014021551323e+00,1.887578947952322839e+00
4.703500014023041409e+00,1.887578947952322839e+00
4.704000014024532383e+00,1.887578947952322839e+00
4.704500014026023358e+00,1.887578947952322839e+00
4.705000014027514332e+00,1.887578947952322839e+00
4.705500014029004419e+00,1.887578947952322839e+00
4.706000014030495393e+00,1.887578947952322839e+00
4.706500014031986368e+00,1.887578947952322839e+00
4.707000014033476454e+00,1.887578947952322839e+00
4.707500014034967428e+00,1.887578947952322839e+00
4.708000014036458403e+00,1.887578947952322839e+00
4.708500014037948489e+00,1.887578947952322839e+00
4.709000014039439463e+00,1.887578947952322839e+00
4.709500014040930438e+00,1.887578947952322839e+00
4.710000014042420524e+00,1.887578947952322839e+00
4.710500014043911499e+00,1.887578947952322839e+00
4.711000014045402473e+00,1.887578947952322839e+00
4.711500014046893448e+00,1.887578947952322839e+00
4.712000014048383534e+00,1.887578947952322839e+00
4.712500014049874508e+00,1.891499118665411094e+00
4.713000014051365483e+00,1.891499118665411094e+00
4.713500014052855569e+00,1.891499118665411094e+00
4.714000014054346543e+00,1.891499118665411094e+00
4.714500014055837518e+00,1.891499118665411094e+00
4.715000014057327604e+00,1.891499118665411094e+00
4.715500014058818579e+00,1.891499118665411094e+00
4.716000014060309553e+00,1.891499118665411094e+00
4.716500014061800528e+00,1.891499118665411094e+00
4.717000014063290614e+00,1.891499118665411094e+00
4.717500014064781588e+00,1.891499118665411094e+00
4.718000014066272563e+00,1.891499118665411094e+00
4.718500014067762649e+00,1.891499118665411094e+00
4.719000014069253623e+00,1.891499118665411094e+00
4.719500014070744598e+00,1.891499118665411094e+00
4.720000014072234684e+00,1.891499118665411094e+00
4.720500014073725659e+00,1.891499118665411094e+00
4.721000014075216633e+00,1.891499118665411094e+00
4.721500014076706719e+00,1.891499118665411094e+00
4.722000014078197694e+00,1.891499118665411094e+00
4.722500014079688668e+00,1.891499118665411094e+00
4.723000014081179643e+00,1.891499118665411094e+00
4.723500014082669729e+00,1.891499118665411094e+00
4.724000014084160703e+00,1.891499118665411094e+00
4.724500014085651678e+00,1.891499118665411094e+00
4.725000014087141764e+00,1.902402278840632732e+00
4.725500014088632739e+00,1.902402278840632732e+00
4.726000014090123713e+00,1.902402278840632732e+00
4.726500014091613799e+00,1.902402278840632732e+00
4.727000014093104774e+00,1.902402278840632732e+00
4.727500014094595748e+00,1.902402278840632732e+00
4.728000014096085835e+00,1.902402278840632732e+00
4.728500014097576809e+00,1.902402278840632732e+00
4.729000014099067783e+00,1.902402278840632732e+00
4.729500014100558758e+00,1.902402278840632732e+00
4.730000014102048844e+00,1.902402278840632732e+00
4.730500014103539819e+00,1.902402278840632732e+00
4.731000014105030793e+00,1.902402278840632732e+00
4.731500014106520879e+00,1.902402278840632732e+00
4.732000014108011854e+00,1.902402278840632732e+00
4.732500014109502828e+00,1.902402278840632732e+00
4.733000014110992915e+00,1.902402278840632732e+00
4.733500014112483889e+00,1.902402278840632732e+00
4.734000014113974864e+00,1.902402278840632732e+00
4.734500014115465838e+00,1.902402278840632732e+00
4.735000014116955924e+00,1.902402278840632732e+00
4.735500014118446899e+00,1.902402278840632732e+00
4.736000014119937873e+00,1.902402278840632732e+00
4.736500014121427959e+00,1.902402278840632732e+00
4.737000014122918934e+00,1.902402278840632732e+00
4.737500014124409908e+00,1.894627200168182535e+00
4.738000014125899995e+00,1.894627200168182535e+00
4.738500014127390969e+00,1.894627200168182535e+00
4.739000014128881944e+00,1.894627200168182535e+00
4.739500014130372030e+00,1.894627200168182535e+00
4.740000014131863004e+00,1.894627200168182535e+00
4.740500014133353979e+00,1.894627200168182535e+00
4.741000014134844953e+00,1.894627200168182535e+00
4.741500014136335039e+00,1.894627200168182535e+00
4.742000014137826014e+00,1.894627200168182535e+00
4.742500014139316988e+00,1.894627200168182535e+00
4.743000014140807075e+00,1.894627200168182535e+00
4.743500014142298049e+00,1.894627200168182535e+00
4.744000014143789024e+00,1.894627200168182535e+00
4.744500014145279110e+00,1.894627200168182535e+00
4.745000014146770084e+00,1.894627200168182535e+00
4.745500014148261059e+00,1.894627200168182535e+00
4.746000014149751145e+00,1.894627200168182535e+00
4.746500014151242119e+00,1.894627200168182535e+00
4.747000014152733094e+00,1.894627200168182535e+00
4.747500014154224068e+00,1.894627200168182535e+00
4.748000014155714155e+00,1.894627200168182535e+00
4.748500014157205129e+00,1.894627200168182535e+00
4.749000014158696104e+00,1.894627200168182535e+00
4.749500014160186190e+00,1.894627200168182535e+00
4.750000014161677164e+00,1.894627200168182535e+00
4.750500014163168139e+00,1.894627200168182535e+00
4.751000014164658225e+00,1.894627200168182535e+00
4.751500014166149199e+00,1.894627200168182535e+00
4.752000014167640174e+00,1.894627200168182535e+00
4.752500014169131148e+00,1.894627200168182535e+00
4.753000014170621235e+00,1.894627200168182535e+00
4.753500014172112209e+00,1.894627200168182535e+00
4.754000014173603184e+00,1.894627200168182535e+00
4.754500014175093270e+00,1.894627200168182535e+00
4.755000014176584244e+00,1.894627200168182535e+00
4.755500014178075219e+00,1.894627200168182535e+00
4.756000014179565305e+00,1.894627200168182535e+00
4.756500014181056279e+00,1.894627200168182535e+00
4.757000014182547254e+00,1.894627200168182535e+00
4.757500014184037340e+00,1.894627200168182535e+00
4.758000014185528315e+00,1.894627200168182535e+00
4.758500014187019289e+00,1.894627200168182535e+00
4.759000014188510264e+00,1.894627200168182535e+00
4.759500014190000350e+00,1.894627200168182535e+00
4.760000014191491324e+00,1.894627200168182535e+00
4.760500014192982299e+00,1.894627200168182535e+00
4.761000014194472385e+00,1.894627200168182535e+00
4.761500014195963359e+00,1.894627200168182535e+00
4.762000014197454334e+00,1.894627200168182535e+00
4.762500014198944420e+00,1.889917094576199608e+00
4.763000014200435395e+00,1.889917094576199608e+00
4.763500014201926369e+00,1.889917094576199608e+00
4.764000014203416455e+00,1.889917094576199608e+00
4.764500014204907430e+00,1.889917094576199608e+00
4.765000014206398404e+00,1.889917094576199608e+00
4.765500014207889379e+00,1.889917094576199608e+00
4.766000014209379465e+00,1.889917094576199608e+00
4.766500014210870440e+00,1.889917094576199608e+00
4.767000014212361414e+00,1.889917094576199608e+00
4.767500014213851500e+00,1.889917094576199608e+00
4.768000014215342475e+00,1.889917094576199608e+00
4.768500014216833449e+00,1.889917094576199608e+00
4.769000014218323535e+00,1.889917094576199608e+00
4.769500014219814510e+00,1.889917094576199608e+00
4.770000014221305484e+00,1.889917094576199608e+00
4.770500014222795571e+00,1.889917094576199608e+00
4.771000014224286545e+00,1.889917094576199608e+00
4.771500014225777520e+00,1.889917094576199608e+00
4.772000014227268494e+00,1.889917094576199608e+00
4.772500014228758580e+00,1.889917094576199608e+00
4.773000014230249555e+00,1.889917094576199608e+00
4.773500014231740529e+00,1.889917094576199608e+00
4.774000014233230615e+00,1.889917094576199608e+00
4.774500014234721590e+00,1.889917094576199608e+00
4.775000014236212564e+00,1.903623702944489349e+00
4.775500014237702651e+00,1.903623702944489349e+00
4.776000014239193625e+00,1.903623702944489349e+00
4.776500014240684600e+00,1.903623702944489349e+00
4.777000014242175574e+00,1.903623702944489349e+00
4.777500014243665660e+00,1.903623702944489349e+00
4.778000014245156635e+00,1.903623702944489349e+00
4.778500014246647609e+00,1.903623702944489349e+00
4.779000014248137695e+00,1.903623702944489349e+00
4.779500014249628670e+00,1.903623702944489349e+00
4.780000014251119644e+00,1.903623702944489349e+00
4.780500014252609731e+00,1.903623702944489349e+00
4.781000014254100705e+00,1.903623702944489349e+00
4.781500014255591680e+00,1.903623702944489349e+00
4.782000014257081766e+00,1.903623702944489349e+00
4.782500014258572740e+00,1.903623702944489349e+00
4.783000014260063715e+00,1.903623702944489349e+00
4.783500014261554689e+00,1.903623702944489349e+00
4.784000014263044775e+00,1.903623702944489349e+00
4.784500014264535750e+00,1.903623702944489349e+00
4.785000014266026724e+00,1.903623702944489349e+00
4.785500014267516811e+00,1.903623702944489349e+00
4.786000014269007785e+00,1.903623702944489349e+00
4.786500014270498760e+00,1.903623702944489349e+00
4.787000014271988846e+00,1.903623702944489349e+00
4.787500014273479820e+00,1.914449506678108870e+00
4.788000014274970795e+00,1.914449506678108870e+00
4.788500014276460881e+00,1.914449506678108870e+00
4.789000014277951855e+00,1.914449506678108870e+00
4.789500014279442830e+00,1.914449506678108870e+00
4.790000014280933804e+00,1.914449506678108870e+00
4.790500014282423891e+00,1.914449506678108870e+00
4.791000014283914865e+00,1.914449506678108870e+00
4.791500014285405840e+00,1.914449506678108870e+00
4.792000014286895926e+00,1.914449506678108870e+00
4.792500014288386900e+00,1.914449506678108870e+00
4.793000014289877875e+00,1.914449506678108870e+00
4.793500014291367961e+00,1.914449506678108870e+00
4.794000014292858936e+00,1.914449506678108870e+00
4.794500014294349910e+00,1.914449506678108870e+00
4.795000014295840884e+00,1.914449506678108870e+00
4.795500014297330971e+00,1.914449506678108870e+00
4.796000014298821945e+00,1.914449506678108870e+00
4.796500014300312920e+00,1.914449506678108870e+00
4.797000014301803006e+00,1.914449506678108870e+00
4.797500014303293980e+00,1.914449506678108870e+00
4.798000014304784955e+00,1.914449506678108870e+00
4.798500014306275041e+00,1.914449506678108870e+00
4.799000014307766016e+00,1.914449506678108870e+00
4.799500014309256990e+00,1.914449506678108870e+00
4.800000014310747076e+00,1.929434722705477112e+00
4.800500014312238051e+00,1.929434722705477112e+00
4.801000014313729025e+00,1.929434722705477112e+00
4.801500014315220000e+00,1.929434722705477112e+00
4.802000014316710086e+00,1.929434722705477112e+00
4.802500014318201060e+00,1.929434722705477112e+00
4.803000014319692035e+00,1.929434722705477112e+00
4.803500014321182121e+00,1.929434722705477112e+00
4.804000014322673096e+00,1.929434722705477112e+00
4.804500014324164070e+00,1.929434722705477112e+00
4.805000014325654156e+00,1.929434722705477112e+00
4.805500014327145131e+00,1.929434722705477112e+00
4.806000014328636105e+00,1.929434722705477112e+00
4.806500014330126191e+00,1.929434722705477112e+00
4.807000014331617166e+00,1.929434722705477112e+00
4.807500014333108140e+00,1.929434722705477112e+00
4.808000014334599115e+00,1.929434722705477112e+00
4.808500014336089201e+00,1.929434722705477112e+00
4.809000014337580176e+00,1.929434722705477112e+00
4.809500014339071150e+00,1.929434722705477112e+00
4.810000014340561236e+00,1.929434722705477112e+00
4.810500014342052211e+00,1.929434722705477112e+00
4.811000014343543185e+00,1.929434722705477112e+00
4.811500014345033271e+00,1.929434722705477112e+00
4.812000014346524246e+00,1.929434722705477112e+00
4.812500014348015220e+00,1.929434722705477112e+00
4.813000014349506195e+00,1.929434722705477112e+00
4.813500014350996281e+00,1.929434722705477112e+00
4.814000014352487256e+00,1.929434722705477112e+00
4.814500014353978230e+00,1.929434722705477112e+00
4.815000014355468316e+00,1.929434722705477112e+00
4.815500014356959291e+00,1.929434722705477112e+00
4.816000014358450265e+00,1.929434722705477112e+00
4.816500014359940351e+00,1.929434722705477112e+00
4.817000014361431326e+00,1.929434722705477112e+00
4.817500014362922300e+00,1.929434722705477112e+00
4.818000014364412387e+00,1.929434722705477112e+00
4.818500014365903361e+00,1.929434722705477112e+00
4.819000014367394336e+00,1.929434722705477112e+00
4.819500014368885310e+00,1.929434722705477112e+00
4.820000014370375396e+00,1.929434722705477112e+00
4.820500014371866371e+00,1.929434722705477112e+00
4.821000014373357345e+00,1.929434722705477112e+00
4.821500014374847431e+00,1.929434722705477112e+00
4.822000014376338406e+00,1.929434722705477112e+00
4.822500014377829380e+00,1.929434722705477112e+00
4.823000014379319467e+00,1.929434722705477112e+00
4.823500014380810441e+00,1.929434722705477112e+00
4.824000014382301416e+00,1.929434722705477112e+00
4.824500014383791502e+00,1.929434722705477112e+00
4.825000014385282476e+00,1.929434722705477112e+00
4.825500014386773451e+00,1.929434722705477112e+00
4.826000014388264425e+00,1.929434722705477112e+00
4.826500014389754512e+00,1.929434722705477112e+00
4.827000014391245486e+00,1.929434722705477112e+00
4.827500014392736460e+00,1.929434722705477112e+00
4.828000014394226547e+00,1.929434722705477112e+00
4.828500014395717521e+00,1.929434722705477112e+00
4.829000014397208496e+00,1.929434722705477112e+00
4.829500014398698582e+00,1.929434722705477112e+00
4.830000014400189556e+00,1.929434722705477112e+00
4.830500014401680531e+00,1.929434722705477112e+00
4.831000014403170617e+00,1.929434722705477112e+00
4.831500014404661592e+00,1.929434722705477112e+00
4.832000014406152566e+00,1.929434722705477112e+00
4.832500014407643540e+00,1.929434722705477112e+00
4.833000014409133627e+00,1.929434722705477112e+00
4.833500014410624601e+00,1.929434722705477112e+00
4.834000014412115576e+00,1.929434722705477112e+00
4.834500014413605662e+00,1.929434722705477112e+00
4.835000014415096636e+00,1.929434722705477112e+00
4.835500014416587611e+00,1.929434722705477112e+00
4.836000014418077697e+00,1.929434722705477112e+00
4.836500014419568672e+00,1.929434722705477112e+00
4.837000014421059646e+00,1.929434722705477112e+00
4.837500014422550620e+00,1.915328839328955590e+00
4.838000014424040707e+00,1.915328839328955590e+00
4.838500014425531681e+00,1.915328839328955590e+00
4.839000014427022656e+00,1.915328839328955590e+00
4.839500014428512742e+00,1.915328839328955590e+00
4.840000014430003716e+00,1.915328839328955590e+00
4.840500014431494691e+00,1.915328839328955590e+00
4.841000014432984777e+00,1.915328839328955590e+00
4.841500014434475752e+00,1.915328839328955590e+00
4.842000014435966726e+00,1.915328839328955590e+00
4.842500014437456812e+00,1.915328839328955590e+00
4.843000014438947787e+00,1.915328839328955590e+00
4.843500014440438761e+00,1.915328839328955590e+00
4.844000014441929736e+00,1.915328839328955590e+00
4.844500014443419822e+00,1.915328839328955590e+00
4.845000014444910796e+00,1.915328839328955590e+00
4.845500014446401771e+00,1.915328839328955590e+00
4.846000014447891857e+00,1.915328839328955590e+00
4.846500014449382832e+00,1.915328839328955590e+00
4.847000014450873806e+00,1.915328839328955590e+00
4.847500014452363892e+00,1.915328839328955590e+00
4.848000014453854867e+00,1.915328839328955590e+00
4.848500014455345841e+00,1.915328839328955590e+00
4.849000014456835927e+00,1.915328839328955590e+00
4.849500014458326902e+00,1.915328839328955590e+00
4.850000014459817876e+00,1.915456450199951810e+00
4.850500014461308851e+00,1.915456450199951810e+00
4.851000014462798937e+00,1.915456450199951810e+00
4.851500014464289912e+00,1.915456450199951810e+00
4.852000014465780886e+00,1.915456450199951810e+00
4.852500014467270972e+00,1.915456450199951810e+00
4.853000014468761947e+00,1.915456450199951810e+00
4.853500014470252921e+00,1.915456450199951810e+00
4.854000014471743008e+00,1.915456450199951810e+00
4.854500014473233982e+00,1.915456450199951810e+00
4.855000014474724956e+00,1.915456450199951810e+00
4.855500014476215931e+00,1.915456450199951810e+00
4.856000014477706017e+00,1.915456450199951810e+00
4.856500014479196992e+00,1.915456450199951810e+00
4.857000014480687966e+00,1.915456450199951810e+00
4.857500014482178052e+00,1.915456450199951810e+00
4.858000014483669027e+00,1.915456450199951810e+00
4.858500014485160001e+00,1.915456450199951810e+00
4.859000014486650088e+00,1.915456450199951810e+00
4.859500014488141062e+00,1.915456450199951810e+00
4.860000014489632036e+00,1.915456450199951810e+00
4.860500014491122123e+00,1.915456450199951810e+00
4.861000014492613097e+00,1.915456450199951810e+00
4.861500014494104072e+00,1.915456450199951810e+00
4.862000014495595046e+00,1.915456450199951810e+00
4.862500014497085132e+00,1.924630395930077453e+00
4.863000014498576107e+00,1.924630395930077453e+00
4.863500014500067081e+00,1.924630395930077453e+00
4.864000014501557168e+00,1.924630395930077453e+00
4.864500014503048142e+00,1.924630395930077453e+00
4.865000014504539116e+00,1.924630395930077453e+00
4.865500014506029203e+00,1.924630395930077453e+00
4.866000014507520177e+00,1.924630395930077453e+00
4.866500014509011152e+00,1.924630395930077453e+00
4.867000014510501238e+00,1.924630395930077453e+00
4.867500014511992212e+00,1.924630395930077453e+00
4.868000014513483187e+00,1.924630395930077453e+00
4.868500014514974161e+00,1.924630395930077453e+00
4.869000014516464248e+00,1.924630395930077453e+00
4.869500014517955222e+00,1.924630395930077453e+00
4.870000014519446196e+00,1.924630395930077453e+00
4.870500014520936283e+00,1.924630395930077453e+00
4.871000014522427257e+00,1.924630395930077453e+00
4.871500014523918232e+00,1.924630395930077453e+00
4.872000014525408318e+00,1.924630395930077453e+00
4.872500014526899292e+00,1.924630395930077453e+00
4.873000014528390267e+00,1.924630395930077453e+00
4.873500014529881241e+00,1.924630395930077453e+00
4.874000014531371328e+00,1.924630395930077453e+00
4.874500014532862302e+00,1.924630395930077453e+00
4.875000014534353276e+00,1.942540958256532058e+00
4.875500014535843363e+00,1.942540958256532058e+00
4.876000014537334337e+00,1.942540958256532058e+00
4.876500014538825312e+00,1.942540958256532058e+00
4.877000014540315398e+00,1.942540958256532058e+00
4.877500014541806372e+00,1.942540958256532058e+00
4.878000014543297347e+00,1.942540958256532058e+00
4.878500014544787433e+00,1.942540958256532058e+00
4.879000014546278408e+00,1.942540958256532058e+00
4.879500014547769382e+00,1.942540958256532058e+00
4.880000014549260356e+00,1.942540958256532058e+00
4.880500014550750443e+00,1.942540958256532058e+00
4.881000014552241417e+00,1.942540958256532058e+00
4.881500014553732392e+00,1.942540958256532058e+00
4.882000014555222478e+00,1.942540958256532058e+00
4.882500014556713452e+00,1.942540958256532058e+00
4.883000014558204427e+00,1.942540958256532058e+00
4.883500014559694513e+00,1.942540958256532058e+00
4.884000014561185488e+00,1.942540958256532058e+00
4.884500014562676462e+00,1.942540958256532058e+00
4.885000014564166548e+00,1.942540958256532058e+00
4.885500014565657523e+00,1.942540958256532058e+00
4.886000014567148497e+00,1.942540958256532058e+00
4.886500014568639472e+00,1.942540958256532058e+00
4.887000014570129558e+00,1.942540958256532058e+00
4.887500014571620532e+00,1.942540958256532058e+00
4.888000014573111507e+00,1.942540958256532058e+00
4.888500014574601593e+00,1.942540958256532058e+00
4.889000014576092568e+00,1.942540958256532058e+00
4.889500014577583542e+00,1.942540958256532058e+00
4.890000014579073628e+00,1.942540958256532058e+00
4.890500014580564603e+00,1.942540958256532058e+00
4.891000014582055577e+00,1.942540958256532058e+00
4.891500014583545664e+00,1.942540958256532058e+00
4.892000014585036638e+00,1.942540958256532058e+00
4.892500014586527612e+00,1.942540958256532058e+00
4.893000014588018587e+00,1.942540958256532058e+00
4.893500014589508673e+00,1.942540958256532058e+00
4.894000014590999648e+00,1.942540958256532058e+00
4.894500014592490622e+00,1.942540958256532058e+00
4.895000014593980708e+00,1.942540958256532058e+00
4.895500014595471683e+00,1.942540958256532058e+00
4.896000014596962657e+00,1.942540958256532058e+00
4.896500014598452744e+00,1.942540958256532058e+00
4.897000014599943718e+00,1.942540958256532058e+00
4.897500014601434692e+00,1.942540958256532058e+00
4.898000014602925667e+00,1.942540958256532058e+00
4.898500014604415753e+00,1.942540958256532058e+00
4.899000014605906728e+00,1.942540958256532058e+00
4.899500014607397702e+00,1.942540958256532058e+00
4.900000014608887788e+00,1.942540958256532058e+00
4.900500014610378763e+00,1.942540958256532058e+00
4.901000014611869737e+00,1.942540958256532058e+00
4.901500014613359824e+00,1.942540958256532058e+00
4.902000014614850798e+00,1.942540958256532058e+00
4.902500014616341772e+00,1.942540958256532058e+00
4.903000014617831859e+00,1.942540958256532058e+00
4.903500014619322833e+00,1.942540958256532058e+00
4.904000014620813808e+00,1.942540958256532058e+00
4.904500014622304782e+00,1.942540958256532058e+00
4.905000014623794868e+00,1.942540958256532058e+00
4.905500014625285843e+00,1.942540958256532058e+00
4.906000014626776817e+00,1.942540958256532058e+00
4.906500014628266904e+00,1.942540958256532058e+00
4.907000014629757878e+00,1.942540958256532058e+00
4.907500014631248852e+00,1.942540958256532058e+00
4.908000014632738939e+00,1.942540958256532058e+00
4.908500014634229913e+00,1.942540958256532058e+00
4.909000014635720888e+00,1.942540958256532058e+00
4.909500014637210974e+00,1.942540958256532058e+00
4.910000014638701948e+00,1.942540958256532058e+00
4.910500014640192923e+00,1.942540958256532058e+00
4.911000014641683897e+00,1.942540958256532058e+00
4.911500014643173984e+00,1.942540958256532058e+00
4.912000014644664958e+00,1.942540958256532058e+00
4.912500014646155932e+00,1.942540958256532058e+00
4.913000014647646019e+00,1.942540958256532058e+00
4.913500014649136993e+00,1.942540958256532058e+00
4.914000014650627968e+00,1.942540958256532058e+00
4.914500014652118054e+00,1.942540958256532058e+00
4.915000014653609028e+00,1.942540958256532058e+00
4.915500014655100003e+00,1.942540958256532058e+00
4.916000014656590977e+00,1.942540958256532058e+00
4.916500014658081064e+00,1.942540958256532058e+00
4.917000014659572038e+00,1.942540958256532058e+00
4.917500014661063013e+00,1.942540958256532058e+00
4.918000014662553099e+00,1.942540958256532058e+00
4.918500014664044073e+00,1.942540958256532058e+00
4.919000014665535048e+00,1.942540958256532058e+00
4.919500014667025134e+00,1.942540958256532058e+00
4.920000014668516108e+00,1.942540958256532058e+00
4.920500014670007083e+00,1.942540958256532058e+00
4.921000014671497169e+00,1.942540958256532058e+00
4.921500014672988144e+00,1.942540958256532058e+00
4.922000014674479118e+00,1.942540958256532058e+00
4.922500014675970093e+00,1.942540958256532058e+00
4.923000014677460179e+00,1.942540958256532058e+00
4.923500014678951153e+00,1.942540958256532058e+00
4.924000014680442128e+00,1.942540958256532058e+00
4.924500014681932214e+00,1.942540958256532058e+00
4.925000014683423188e+00,1.942540958256532058e+00
4.925500014684914163e+00,1.942540958256532058e+00
4.926000014686404249e+00,1.942540958256532058e+00
4.926500014687895224e+00,1.942540958256532058e+00
4.927000014689386198e+00,1.942540958256532058e+00
4.927500014690876284e+00,1.942540958256532058e+00
4.928000014692367259e+00,1.942540958256532058e+00
4.928500014693858233e+00,1.942540958256532058e+00
4.929000014695349208e+00,1.942540958256532058e+00
4.929500014696839294e+00,1.942540958256532058e+00
4.930000014698330268e+00,1.942540958256532058e+00
4.930500014699821243e+00,1.942540958256532058e+00
4.931000014701311329e+00,1.942540958256532058e+00
4.931500014702802304e+00,1.942540958256532058e+00
4.932000014704293278e+00,1.942540958256532058e+00
4.932500014705783364e+00,1.942540958256532058e+00
4.933000014707274339e+00,1.942540958256532058e+00
4.933500014708765313e+00,1.942540958256532058e+00
4.934000014710256288e+00,1.942540958256532058e+00
4.934500014711746374e+00,1.942540958256532058e+00
4.935000014713237348e+00,1.942540958256532058e+00
4.935500014714728323e+00,1.942540958256532058e+00
4.936000014716218409e+00,1.942540958256532058e+00
4.936500014717709384e+00,1.942540958256532058e+00
4.937000014719200358e+00,1.942540958256532058e+00
4.937500014720690444e+00,1.945954163176826679e+00
4.938000014722181419e+00,1.945954163176826679e+00
4.938500014723672393e+00,1.945954163176826679e+00
4.939000014725162480e+00,1.945954163176826679e+00
4.939500014726653454e+00,1.945954163176826679e+00
4.940000014728144428e+00,1.945954163176826679e+00
4.940500014729635403e+00,1.945954163176826679e+00
4.941000014731125489e+00,1.945954163176826679e+00
4.941500014732616464e+00,1.945954163176826679e+00
4.942000014734107438e+00,1.945954163176826679e+00
4.942500014735597524e+00,1.945954163176826679e+00
4.943000014737088499e+00,1.945954163176826679e+00
4.943500014738579473e+00,1.945954163176826679e+00
4.944000014740069560e+00,1.945954163176826679e+00
4.944500014741560534e+00,1.945954163176826679e+00
4.945000014743051509e+00,1.945954163176826679e+00
4.945500014744541595e+00,1.945954163176826679e+00
4.946000014746032569e+00,1.945954163176826679e+00
4.946500014747523544e+00,1.945954163176826679e+00
4.947000014749014518e+00,1.945954163176826679e+00
4.947500014750504604e+00,1.945954163176826679e+00
4.948000014751995579e+00,1.945954163176826679e+00
4.948500014753486553e+00,1.945954163176826679e+00
4.949000014754976640e+00,1.945954163176826679e+00
4.949500014756467614e+00,1.945954163176826679e+00
4.950000014757958589e+00,1.936994900885879334e+00
4.950500014759448675e+00,1.936994900885879334e+00
4.951000014760939649e+00,1.936994900885879334e+00
4.951500014762430624e+00,1.936994900885879334e+00
4.952000014763920710e+00,1.936994900885879334e+00
4.952500014765411684e+00,1.936994900885879334e+00
4.953000014766902659e+00,1.936994900885879334e+00
4.953500014768393633e+00,1.936994900885879334e+00
4.954000014769883720e+00,1.936994900885879334e+00
4.954500014771374694e+00,1.936994900885879334e+00
4.955000014772865669e+00,1.936994900885879334e+00
4.955500014774355755e+00,1.936994900885879334e+00
4.956000014775846729e+00,1.936994900885879334e+00
4.956500014777337704e+00,1.936994900885879334e+00
4.957000014778827790e+00,1.936994900885879334e+00
4.957500014780318764e+00,1.936994900885879334e+00
4.958000014781809739e+00,1.936994900885879334e+00
4.958500014783300713e+00,1.936994900885879334e+00
4.959000014784790800e+00,1.936994900885879334e+00
4.959500014786281774e+00,1.936994900885879334e+00
4.960000014787772749e+00,1.936994900885879334e+00
4.960500014789262835e+00,1.936994900885879334e+00
4.961000014790753809e+00,1.936994900885879334e+00
4.961500014792244784e+00,1.936994900885879334e+00
4.962000014793734870e+00,1.936994900885879334e+00
4.962500014795225844e+00,1.936994900885879334e+00
4.963000014796716819e+00,1.936994900885879334e+00
4.963500014798206905e+00,1.936994900885879334e+00
4.964000014799697880e+00,1.936994900885879334e+00
4.964500014801188854e+00,1.936994900885879334e+00
4.965000014802679829e+00,1.936994900885879334e+00
4.965500014804169915e+00,1.936994900885879334e+00
4.966000014805660889e+00,1.936994900885879334e+00
4.966500014807151864e+00,1.936994900885879334e+00
4.967000014808641950e+00,1.936994900885879334e+00
4.967500014810132924e+00,1.936994900885879334e+00
4.968000014811623899e+00,1.936994900885879334e+00
4.968500014813113985e+00,1.936994900885879334e+00
4.969000014814604960e+00,1.936994900885879334e+00
4.969500014816095934e+00,1.936994900885879334e+00
4.970000014817586020e+00,1.936994900885879334e+00
4.970500014819076995e+00,1.936994900885879334e+00
4.971000014820567969e+00,1.936994900885879334e+00
4.971500014822058944e+00,1.936994900885879334e+00
4.972000014823549030e+00,1.936994900885879334e+00
4.972500014825040004e+00,1.936994900885879334e+00
4.973000014826530979e+00,1.936994900885879334e+00
4.973500014828021065e+00,1.936994900885879334e+00
4.974000014829512040e+00,1.936994900885879334e+00
4.974500014831003014e+00,1.936994900885879334e+00
4.975000014832493100e+00,1.936994900885879334e+00
4.975500014833984075e+00,1.936994900885879334e+00
4.976000014835475049e+00,1.936994900885879334e+00
4.976500014836966024e+00,1.936994900885879334e+00
4.977000014838456110e+00,1.936994900885879334e+00
4.977500014839947085e+00,1.936994900885879334e+00
4.978000014841438059e+00,1.936994900885879334e+00
4.978500014842928145e+00,1.936994900885879334e+00
4.979000014844419120e+00,1.936994900885879334e+00
4.979500014845910094e+00,1.936994900885879334e+00
4.980000014847400180e+00,1.936994900885879334e+00
4.980500014848891155e+00,1.936994900885879334e+00
4.981000014850382129e+00,1.936994900885879334e+00
4.981500014851872216e+00,1.936994900885879334e+00
4.982000014853363190e+00,1.936994900885879334e+00
4.982500014854854165e+00,1.936994900885879334e+00
4.983000014856345139e+00,1.936994900885879334e+00
4.983500014857835225e+00,1.936994900885879334e+00
4.984000014859326200e+00,1.936994900885879334e+00
4.984500014860817174e+00,1.936994900885879334e+00
4.985000014862307260e+00,1.936994900885879334e+00
4.985500014863798235e+00,1.936994900885879334e+00
4.986000014865289209e+00,1.936994900885879334e+00
4.986500014866779296e+00,1.936994900885879334e+00
4.987000014868270270e+00,1.936994900885879334e+00
4.987500014869761245e+00,1.927444244392413131e+00
4.988000014871251331e+00,1.927444244392413131e+00
4.988500014872742305e+00,1.927444244392413131e+00
4.989000014874233280e+00,1.927444244392413131e+00
4.989500014875724254e+00,1.927444244392413131e+00
4.990000014877214340e+00,1.927444244392413131e+00
4.990500014878705315e+00,1.927444244392413131e+00
4.991000014880196289e+00,1.927444244392413131e+00
4.991500014881686376e+00,1.927444244392413131e+00
4.992000014883177350e+00,1.927444244392413131e+00
4.992500014884668325e+00,1.927444244392413131e+00
4.993000014886158411e+00,1.927444244392413131e+00
4.993500014887649385e+00,1.927444244392413131e+00
4.994000014889140360e+00,1.927444244392413131e+00
4.994500014890631334e+00,1.927444244392413131e+00
4.995000014892121420e+00,1.927444244392413131e+00
4.995500014893612395e+00,1.927444244392413131e+00
4.996000014895103369e+00,1.927444244392413131e+00
4.996500014896593456e+00,1.927444244392413131e+00
4.997000014898084430e+00,1.927444244392413131e+00
4.997500014899575405e+00,1.927444244392413131e+00
4.998000014901065491e+00,1.927444244392413131e+00
4.998500014902556465e+00,1.927444244392413131e+00
4.999000014904047440e+00,1.927444244392413131e+00
4.999500014905537526e+00,1.927444244392413131e+00
5.000000014907028500e+00,1.935518436586550983e+00
5.000500014908519475e+00,1.935518436586550983e+00
5.001000014910010449e+00,1.935518436586550983e+00
5.001500014911500536e+00,1.935518436586550983e+00
5.002000014912991510e+00,1.935518436586550983e+00
5.002500014914482485e+00,1.935518436586550983e+00
5.003000014915972571e+00,1.935518436586550983e+00
5.003500014917463545e+00,1.935518436586550983e+00
5.004000014918954520e+00,1.935518436586550983e+00
5.004500014920444606e+00,1.935518436586550983e+00
5.005000014921935581e+00,1.935518436586550983e+00
5.005500014923426555e+00,1.935518436586550983e+00
5.006000014924916641e+00,1.935518436586550983e+00
5.006500014926407616e+00,1.935518436586550983e+00
5.007000014927898590e+00,1.935518436586550983e+00
5.007500014929389565e+00,1.935518436586550983e+00
5.008000014930879651e+00,1.935518436586550983e+00
5.008500014932370625e+00,1.935518436586550983e+00
5.009000014933861600e+00,1.935518436586550983e+00
5.009500014935351686e+00,1.935518436586550983e+00
5.010000014936842661e+00,1.935518436586550983e+00
5.010500014938333635e+00,1.935518436586550983e+00
5.011000014939823721e+00,1.935518436586550983e+00
5.011500014941314696e+00,1.935518436586550983e+00
5.012000014942805670e+00,1.935518436586550983e+00
5.012500014944295756e+00,1.928631031744603597e+00
5.013000014945786731e+00,1.928631031744603597e+00
5.013500014947277705e+00,1.928631031744603597e+00
5.014000014948768680e+00,1.928631031744603597e+00
5.014500014950258766e+00,1.928631031744603597e+00
5.015000014951749741e+00,1.928631031744603597e+00
5.015500014953240715e+00,1.928631031744603597e+00
5.016000014954730801e+00,1.928631031744603597e+00
5.016500014956221776e+00,1.928631031744603597e+00
5.017000014957712750e+00,1.928631031744603597e+00
5.017500014959202836e+00,1.928631031744603597e+00
5.018000014960693811e+00,1.928631031744603597e+00
5.018500014962184785e+00,1.928631031744603597e+00
5.019000014963675760e+00,1.928631031744603597e+00
5.019500014965165846e+00,1.928631031744603597e+00
5.020000014966656821e+00,1.928631031744603597e+00
5.020500014968147795e+00,1.928631031744603597e+00
5.021000014969637881e+00,1.928631031744603597e+00
5.021500014971128856e+00,1.928631031744603597e+00
5.022000014972619830e+00,1.928631031744603597e+00
5.022500014974109916e+00,1.928631031744603597e+00
5.023000014975600891e+00,1.928631031744603597e+00
5.023500014977091865e+00,1.928631031744603597e+00
5.024000014978581952e+00,1.928631031744603597e+00
5.024500014980072926e+00,1.928631031744603597e+00
5.025000014981563901e+00,1.926644858969045693e+00
5.025500014983054875e+00,1.926644858969045693e+00
5.026000014984544961e+00,1.926644858969045693e+00
5.026500014986035936e+00,1.926644858969045693e+00
5.027000014987526910e+00,1.926644858969045693e+00
5.027500014989016996e+00,1.926644858969045693e+00
5.028000014990507971e+00,1.926644858969045693e+00
5.028500014991998945e+00,1.926644858969045693e+00
5.029000014993489032e+00,1.926644858969045693e+00
5.029500014994980006e+00,1.926644858969045693e+00
5.030000014996470981e+00,1.926644858969045693e+00
5.030500014997961067e+00,1.926644858969045693e+00
5.031000014999452041e+00,1.926644858969045693e+00
5.031500015000943016e+00,1.926644858969045693e+00
5.032000015002433990e+00,1.926644858969045693e+00
5.032500015003924076e+00,1.926644858969045693e+00
5.033000015005415051e+00,1.926644858969045693e+00
5.033500015006906025e+00,1.926644858969045693e+00
5.034000015008396112e+00,1.926644858969045693e+00
5.034500015009887086e+00,1.926644858969045693e+00
5.035000015011378061e+00,1.926644858969045693e+00
5.035500015012868147e+00,1.926644858969045693e+00
5.036000015014359121e+00,1.926644858969045693e+00
5.036500015015850096e+00,1.926644858969045693e+00
5.037000015017341070e+00,1.926644858969045693e+00
5.037500015018831157e+00,1.915901061471894318e+00
5.038000015020322131e+00,1.915901061471894318e+00
5.038500015021813105e+00,1.915901061471894318e+00
5.039000015023303192e+00,1.915901061471894318e+00
5.039500015024794166e+00,1.915901061471894318e+00
5.040000015026285141e+00,1.915901061471894318e+00
5.040500015027775227e+00,1.915901061471894318e+00
5.041000015029266201e+00,1.915901061471894318e+00
5.041500015030757176e+00,1.915901061471894318e+00
5.042000015032247262e+00,1.915901061471894318e+00
5.042500015033738237e+00,1.915901061471894318e+00
5.043000015035229211e+00,1.915901061471894318e+00
5.043500015036720185e+00,1.915901061471894318e+00
5.044000015038210272e+00,1.915901061471894318e+00
5.044500015039701246e+00,1.915901061471894318e+00
5.045000015041192221e+00,1.915901061471894318e+00
5.045500015042682307e+00,1.915901061471894318e+00
5.046000015044173281e+00,1.915901061471894318e+00
5.046500015045664256e+00,1.915901061471894318e+00
5.047000015047154342e+00,1.915901061471894318e+00
5.047500015048645317e+00,1.915901061471894318e+00
5.048000015050136291e+00,1.915901061471894318e+00
5.048500015051626377e+00,1.915901061471894318e+00
5.049000015053117352e+00,1.915901061471894318e+00
5.049500015054608326e+00,1.915901061471894318e+00
5.050000015056099301e+00,1.917286885166681110e+00
5.050500015057589387e+00,1.917286885166681110e+00
5.051000015059080361e+00,1.917286885166681110e+00
5.051500015060571336e+00,1.917286885166681110e+00
5.052000015062061422e+00,1.917286885166681110e+00
5.052500015063552397e+00,1.917286885166681110e+00
5.053000015065043371e+00,1.917286885166681110e+00
5.053500015066533457e+00,1.917286885166681110e+00
5.054000015068024432e+00,1.917286885166681110e+00
5.054500015069515406e+00,1.917286885166681110e+00
5.055000015071006381e+00,1.917286885166681110e+00
5.055500015072496467e+00,1.917286885166681110e+00
5.056000015073987441e+00,1.917286885166681110e+00
5.056500015075478416e+00,1.917286885166681110e+00
5.057000015076968502e+00,1.917286885166681110e+00
5.057500015078459477e+00,1.917286885166681110e+00
5.058000015079950451e+00,1.917286885166681110e+00
5.058500015081440537e+00,1.917286885166681110e+00
5.059000015082931512e+00,1.917286885166681110e+00
5.059500015084422486e+00,1.917286885166681110e+00
5.060000015085912572e+00,1.917286885166681110e+00
5.060500015087403547e+00,1.917286885166681110e+00
5.061000015088894521e+00,1.917286885166681110e+00
5.061500015090385496e+00,1.917286885166681110e+00
5.062000015091875582e+00,1.917286885166681110e+00
5.062500015093366557e+00,1.909273516827309169e+00
5.063000015094857531e+00,1.909273516827309169e+00
5.063500015096347617e+00,1.909273516827309169e+00
5.064000015097838592e+00,1.909273516827309169e+00
5.064500015099329566e+00,1.909273516827309169e+00
5.065000015100819653e+00,1.909273516827309169e+00
5.065500015102310627e+00,1.909273516827309169e+00
5.066000015103801601e+00,1.909273516827309169e+00
5.066500015105291688e+00,1.909273516827309169e+00
5.067000015106782662e+00,1.909273516827309169e+00
5.067500015108273637e+00,1.909273516827309169e+00
5.068000015109764611e+00,1.909273516827309169e+00
5.068500015111254697e+00,1.909273516827309169e+00
5.069000015112745672e+00,1.909273516827309169e+00
5.069500015114236646e+00,1.909273516827309169e+00
5.070000015115726733e+00,1.909273516827309169e+00
5.070500015117217707e+00,1.909273516827309169e+00
5.071000015118708681e+00,1.909273516827309169e+00
5.071500015120198768e+00,1.909273516827309169e+00
5.072000015121689742e+00,1.909273516827309169e+00
5.072500015123180717e+00,1.909273516827309169e+00
5.073000015124670803e+00,1.909273516827309169e+00
5.073500015126161777e+00,1.909273516827309169e+00
5.074000015127652752e+00,1.909273516827309169e+00
5.074500015129143726e+00,1.909273516827309169e+00
5.075000015130633813e+00,1.924974175470871796e+00
5.075500015132124787e+00,1.924974175470871796e+00
5.076000015133615761e+00,1.924974175470871796e+00
5.076500015135105848e+00,1.924974175470871796e+00
5.077000015136596822e+00,1.924974175470871796e+00
5.077500015138087797e+00,1.924974175470871796e+00
5.078000015139577883e+00,1.924974175470871796e+00
5.078500015141068857e+00,1.924974175470871796e+00
5.079000015142559832e+00,1.924974175470871796e+00
5.079500015144050806e+00,1.924974175470871796e+00
5.080000015145540893e+00,1.924974175470871796e+00
5.080500015147031867e+00,1.924974175470871796e+00
5.081000015148522841e+00,1.924974175470871796e+00
5.081500015150012928e+00,1.924974175470871796e+00
5.082000015151503902e+00,1.924974175470871796e+00
5.082500015152994877e+00,1.924974175470871796e+00
5.083000015154484963e+00,1.924974175470871796e+00
5.083500015155975937e+00,1.924974175470871796e+00
5.084000015157466912e+00,1.924974175470871796e+00
5.084500015158956998e+00,1.924974175470871796e+00
5.085000015160447973e+00,1.924974175470871796e+00
5.085500015161938947e+00,1.924974175470871796e+00
5.086000015163429921e+00,1.924974175470871796e+00
5.086500015164920008e+00,1.924974175470871796e+00
5.087000015166410982e+00,1.924974175470871796e+00
5.087500015167901957e+00,1.924974175470871796e+00
5.088000015169392043e+00,1.924974175470871796e+00
5.088500015170883017e+00,1.924974175470871796e+00
5.089000015172373992e+00,1.924974175470871796e+00
5.089500015173864078e+00,1.924974175470871796e+00
5.090000015175355053e+00,1.924974175470871796e+00
5.090500015176846027e+00,1.924974175470871796e+00
5.091000015178336113e+00,1.924974175470871796e+00
5.091500015179827088e+00,1.924974175470871796e+00
5.092000015181318062e+00,1.924974175470871796e+00
5.092500015182809037e+00,1.924974175470871796e+00
5.093000015184299123e+00,1.924974175470871796e+00
5.093500015185790097e+00,1.924974175470871796e+00
5.094000015187281072e+00,1.924974175470871796e+00
5.094500015188771158e+00,1.924974175470871796e+00
5.095000015190262133e+00,1.924974175470871796e+00
5.095500015191753107e+00,1.924974175470871796e+00
5.096000015193243193e+00,1.924974175470871796e+00
5.096500015194734168e+00,1.924974175470871796e+00
5.097000015196225142e+00,1.924974175470871796e+00
5.097500015197716117e+00,1.924974175470871796e+00
5.098000015199206203e+00,1.924974175470871796e+00
5.098500015200697177e+00,1.924974175470871796e+00
5.099000015202188152e+00,1.924974175470871796e+00
5.099500015203678238e+00,1.924974175470871796e+00
5.100000015205169213e+00,1.928987127321605488e+00
5.100500015206660187e+00,1.928987127321605488e+00
5.101000015208150273e+00,1.928987127321605488e+00
5.101500015209641248e+00,1.928987127321605488e+00
5.102000015211132222e+00,1.928987127321605488e+00
5.102500015212622309e+00,1.928987127321605488e+00
5.103000015214113283e+00,1.928987127321605488e+00
5.103500015215604257e+00,1.928987127321605488e+00
5.104000015217095232e+00,1.928987127321605488e+00
5.104500015218585318e+00,1.928987127321605488e+00
5.105000015220076293e+00,1.928987127321605488e+00
5.105500015221567267e+00,1.928987127321605488e+00
5.106000015223057353e+00,1.928987127321605488e+00
5.106500015224548328e+00,1.928987127321605488e+00
5.107000015226039302e+00,1.928987127321605488e+00
5.107500015227529389e+00,1.928987127321605488e+00
5.108000015229020363e+00,1.928987127321605488e+00
5.108500015230511337e+00,1.928987127321605488e+00
5.109000015232001424e+00,1.928987127321605488e+00
5.109500015233492398e+00,1.928987127321605488e+00
5.110000015234983373e+00,1.928987127321605488e+00
5.110500015236474347e+00,1.928987127321605488e+00
5.111000015237964433e+00,1.928987127321605488e+00
5.111500015239455408e+00,1.928987127321605488e+00
5.112000015240946382e+00,1.928987127321605488e+00
5.112500015242436469e+00,1.928987127321605488e+00
5.113000015243927443e+00,1.928987127321605488e+00
5.113500015245418417e+00,1.928987127321605488e+00
5.114000015246908504e+00,1.928987127321605488e+00
5.114500015248399478e+00,1.928987127321605488e+00
5.115000015249890453e+00,1.928987127321605488e+00
5.115500015251381427e+00,1.928987127321605488e+00
5.116000015252871513e+00,1.928987127321605488e+00
5.116500015254362488e+00,1.928987127321605488e+00
5.117000015255853462e+00,1.928987127321605488e+00
5.117500015257343549e+00,1.928987127321605488e+00
5.118000015258834523e+00,1.928987127321605488e+00
5.118500015260325497e+00,1.928987127321605488e+00
5.119000015261815584e+00,1.928987127321605488e+00
5.119500015263306558e+00,1.928987127321605488e+00
5.120000015264797533e+00,1.928987127321605488e+00
5.120500015266287619e+00,1.928987127321605488e+00
5.121000015267778593e+00,1.928987127321605488e+00
5.121500015269269568e+00,1.928987127321605488e+00
5.122000015270760542e+00,1.928987127321605488e+00
5.122500015272250629e+00,1.928987127321605488e+00
5.123000015273741603e+00,1.928987127321605488e+00
5.123500015275232577e+00,1.928987127321605488e+00
5.124000015276722664e+00,1.928987127321605488e+00
5.124500015278213638e+00,1.928987127321605488e+00
5.125000015279704613e+00,1.912161172144657639e+00
5.125500015281194699e+00,1.912161172144657639e+00
5.126000015282685673e+00,1.912161172144657639e+00
5.126500015284176648e+00,1.912161172144657639e+00
5.127000015285666734e+00,1.912161172144657639e+00
5.127500015287157709e+00,1.912161172144657639e+00
5.128000015288648683e+00,1.912161172144657639e+00
5.128500015290139658e+00,1.912161172144657639e+00
5.129000015291629744e+00,1.912161172144657639e+00
5.129500015293120718e+00,1.912161172144657639e+00
5.130000015294611693e+00,1.912161172144657639e+00
5.130500015296101779e+00,1.912161172144657639e+00
5.131000015297592753e+00,1.912161172144657639e+00
5.131500015299083728e+00,1.912161172144657639e+00
